territori,tipus_de_territori,any,poblacio_total
el raval,Barri,1997,34099
el barri gotic,Barri,1997,13565
la barceloneta,Barri,1997,14764
sant pere santa caterina i la ribera,Barri,1997,19842
el fort pienc,Barri,1997,28139
la sagrada familia,Barri,1997,48481
la dreta de leixample,Barri,1997,39117
lantiga esquerra de leixample,Barri,1997,39174
la nova esquerra de leixample,Barri,1997,55142
sant antoni,Barri,1997,36008
el poble sec,Barri,1997,33779
la marina del prat vermell,Barri,1997,1809
la marina de port,Barri,1997,27085
la font de la guatlla,Barri,1997,9039
hostafrancs,Barri,1997,14654
la bordeta,Barri,1997,17290
sants badal,Barri,1997,23654
sants,Barri,1997,38306
les corts,Barri,1997,45882
la maternitat i sant ramon,Barri,1997,24455
pedralbes,Barri,1997,10905
vallvidrera el tibidabo i les planes,Barri,1997,3033
sarria,Barri,1997,20559
les tres torres,Barri,1997,13206
sant gervasi la bonanova,Barri,1997,21737
sant gervasi galvany,Barri,1997,43593
el putxet i el farro,Barri,1997,26394
vallcarca i els penitents,Barri,1997,14288
el coll,Barri,1997,6658
la salut,Barri,1997,12858
la vila de gracia,Barri,1997,46951
el camp den grassot i gracia nova,Barri,1997,33656
el baix guinardo,Barri,1997,25027
can baro,Barri,1997,8868
el guinardo,Barri,1997,34553
la font den fargues,Barri,1997,9810
el carmel,Barri,1997,33821
la teixonera,Barri,1997,11336
sant genis dels agudells,Barri,1997,7206
montbau,Barri,1997,5281
la vall dhebron,Barri,1997,5446
la clota,Barri,1997,447
horta,Barri,1997,26481
vilapicina i la torre llobeta,Barri,1997,24865
porta,Barri,1997,24160
el turo de la peira,Barri,1997,14838
can peguera,Barri,1997,2274
la guineueta,Barri,1997,17155
canyelles,Barri,1997,8744
les roquetes,Barri,1997,15636
verdun,Barri,1997,12919
la prosperitat,Barri,1997,27899
la trinitat nova,Barri,1997,7594
torre baro,Barri,1997,2368
ciutat meridiana,Barri,1997,9824
vallbona,Barri,1997,721
la trinitat vella,Barri,1997,7803
baro de viver,Barri,1997,2296
el bon pastor,Barri,1997,10060
sant andreu,Barri,1997,51695
la sagrera,Barri,1997,28005
el congres i els indians,Barri,1997,13718
navas,Barri,1997,20979
el camp de larpa del clot,Barri,1997,36534
el clot,Barri,1997,22972
el parc i la llacuna del poblenou,Barri,1997,12334
la vila olimpica del poblenou,Barri,1997,6002
el poblenou,Barri,1997,23833
diagonal mar i el front maritim del poblenou,Barri,1997,4149
el besos i el maresme,Barri,1997,21540
provencals del poblenou,Barri,1997,16868
sant marti de provencals,Barri,1997,27358
la verneda i la pau,Barri,1997,32122
el raval,Barri,1998,35145
el barri gotic,Barri,1998,14127
la barceloneta,Barri,1998,14910
sant pere santa caterina i la ribera,Barri,1998,20124
el fort pienc,Barri,1998,28272
la sagrada familia,Barri,1998,48914
la dreta de leixample,Barri,1998,39519
lantiga esquerra de leixample,Barri,1998,39585
la nova esquerra de leixample,Barri,1998,55283
sant antoni,Barri,1998,36297
el poble sec,Barri,1998,34220
la marina del prat vermell,Barri,1998,1763
la marina de port,Barri,1998,27415
la font de la guatlla,Barri,1998,9278
hostafrancs,Barri,1998,14805
la bordeta,Barri,1998,17570
sants badal,Barri,1998,23800
sants,Barri,1998,38451
les corts,Barri,1998,46595
la maternitat i sant ramon,Barri,1998,24582
pedralbes,Barri,1998,11186
vallvidrera el tibidabo i les planes,Barri,1998,3171
sarria,Barri,1998,21114
les tres torres,Barri,1998,13505
sant gervasi la bonanova,Barri,1998,22142
sant gervasi galvany,Barri,1998,43918
el putxet i el farro,Barri,1998,26920
vallcarca i els penitents,Barri,1998,14366
el coll,Barri,1998,6673
la salut,Barri,1998,12956
la vila de gracia,Barri,1998,47234
el camp den grassot i gracia nova,Barri,1998,34025
el baix guinardo,Barri,1998,25105
can baro,Barri,1998,9069
el guinardo,Barri,1998,34585
la font den fargues,Barri,1998,9860
el carmel,Barri,1998,33860
la teixonera,Barri,1998,11379
sant genis dels agudells,Barri,1998,7187
montbau,Barri,1998,5274
la vall dhebron,Barri,1998,5505
la clota,Barri,1998,461
horta,Barri,1998,26529
vilapicina i la torre llobeta,Barri,1998,24930
porta,Barri,1998,24141
el turo de la peira,Barri,1998,14740
can peguera,Barri,1998,2331
la guineueta,Barri,1998,17030
canyelles,Barri,1998,8687
les roquetes,Barri,1998,15676
verdun,Barri,1998,12836
la prosperitat,Barri,1998,27899
la trinitat nova,Barri,1998,7785
torre baro,Barri,1998,2396
ciutat meridiana,Barri,1998,9838
vallbona,Barri,1998,791
la trinitat vella,Barri,1998,7902
baro de viver,Barri,1998,2355
el bon pastor,Barri,1998,10130
sant andreu,Barri,1998,52069
la sagrera,Barri,1998,27985
el congres i els indians,Barri,1998,13744
navas,Barri,1998,21246
el camp de larpa del clot,Barri,1998,36884
el clot,Barri,1998,23270
el parc i la llacuna del poblenou,Barri,1998,12394
la vila olimpica del poblenou,Barri,1998,6422
el poblenou,Barri,1998,24137
diagonal mar i el front maritim del poblenou,Barri,1998,4163
el besos i el maresme,Barri,1998,21618
provencals del poblenou,Barri,1998,17207
sant marti de provencals,Barri,1998,27643
la verneda i la pau,Barri,1998,32098
el raval,Barri,1999,35356
el barri gotic,Barri,1999,14480
la barceloneta,Barri,1999,14937
sant pere santa caterina i la ribera,Barri,1999,19767
el fort pienc,Barri,1999,28366
la sagrada familia,Barri,1999,49021
la dreta de leixample,Barri,1999,39514
lantiga esquerra de leixample,Barri,1999,39416
la nova esquerra de leixample,Barri,1999,55206
sant antoni,Barri,1999,36217
el poble sec,Barri,1999,34275
la marina del prat vermell,Barri,1999,1852
la marina de port,Barri,1999,27330
la font de la guatlla,Barri,1999,9380
hostafrancs,Barri,1999,14662
la bordeta,Barri,1999,17594
sants badal,Barri,1999,23738
sants,Barri,1999,38188
les corts,Barri,1999,46611
la maternitat i sant ramon,Barri,1999,24511
pedralbes,Barri,1999,11164
vallvidrera el tibidabo i les planes,Barri,1999,3117
sarria,Barri,1999,21416
les tres torres,Barri,1999,13712
sant gervasi la bonanova,Barri,1999,22274
sant gervasi galvany,Barri,1999,44085
el putxet i el farro,Barri,1999,26960
vallcarca i els penitents,Barri,1999,14241
el coll,Barri,1999,6691
la salut,Barri,1999,13092
la vila de gracia,Barri,1999,46991
el camp den grassot i gracia nova,Barri,1999,33990
el baix guinardo,Barri,1999,24978
can baro,Barri,1999,8953
el guinardo,Barri,1999,34442
la font den fargues,Barri,1999,9844
el carmel,Barri,1999,33371
la teixonera,Barri,1999,11377
sant genis dels agudells,Barri,1999,7121
montbau,Barri,1999,5173
la vall dhebron,Barri,1999,5520
la clota,Barri,1999,467
horta,Barri,1999,26382
vilapicina i la torre llobeta,Barri,1999,24961
porta,Barri,1999,24008
el turo de la peira,Barri,1999,14583
can peguera,Barri,1999,2286
la guineueta,Barri,1999,16796
canyelles,Barri,1999,8503
les roquetes,Barri,1999,15382
verdun,Barri,1999,12649
la prosperitat,Barri,1999,27276
la trinitat nova,Barri,1999,7663
torre baro,Barri,1999,2326
ciutat meridiana,Barri,1999,9803
vallbona,Barri,1999,811
la trinitat vella,Barri,1999,7979
baro de viver,Barri,1999,2355
el bon pastor,Barri,1999,10025
sant andreu,Barri,1999,52049
la sagrera,Barri,1999,27850
el congres i els indians,Barri,1999,13572
navas,Barri,1999,21407
el camp de larpa del clot,Barri,1999,36804
el clot,Barri,1999,23662
el parc i la llacuna del poblenou,Barri,1999,12396
la vila olimpica del poblenou,Barri,1999,6721
el poblenou,Barri,1999,24234
diagonal mar i el front maritim del poblenou,Barri,1999,4117
el besos i el maresme,Barri,1999,21447
provencals del poblenou,Barri,1999,17117
sant marti de provencals,Barri,1999,27576
la verneda i la pau,Barri,1999,31700
el raval,Barri,2000,35333
el barri gotic,Barri,2000,14807
la barceloneta,Barri,2000,14911
sant pere santa caterina i la ribera,Barri,2000,19473
el fort pienc,Barri,2000,28353
la sagrada familia,Barri,2000,48923
la dreta de leixample,Barri,2000,39574
lantiga esquerra de leixample,Barri,2000,38964
la nova esquerra de leixample,Barri,2000,55100
sant antoni,Barri,2000,35970
el poble sec,Barri,2000,33997
la marina del prat vermell,Barri,2000,1805
la marina de port,Barri,2000,27385
la font de la guatlla,Barri,2000,9352
hostafrancs,Barri,2000,14537
la bordeta,Barri,2000,17677
sants badal,Barri,2000,23444
sants,Barri,2000,37910
les corts,Barri,2000,46568
la maternitat i sant ramon,Barri,2000,24586
pedralbes,Barri,2000,11289
vallvidrera el tibidabo i les planes,Barri,2000,3199
sarria,Barri,2000,21556
les tres torres,Barri,2000,13785
sant gervasi la bonanova,Barri,2000,22496
sant gervasi galvany,Barri,2000,44205
el putxet i el farro,Barri,2000,27000
vallcarca i els penitents,Barri,2000,14155
el coll,Barri,2000,6670
la salut,Barri,2000,13023
la vila de gracia,Barri,2000,46531
el camp den grassot i gracia nova,Barri,2000,33711
el baix guinardo,Barri,2000,24761
can baro,Barri,2000,8858
el guinardo,Barri,2000,34049
la font den fargues,Barri,2000,9785
el carmel,Barri,2000,32803
la teixonera,Barri,2000,11367
sant genis dels agudells,Barri,2000,7068
montbau,Barri,2000,5100
la vall dhebron,Barri,2000,5543
la clota,Barri,2000,459
horta,Barri,2000,26293
vilapicina i la torre llobeta,Barri,2000,24834
porta,Barri,2000,23772
el turo de la peira,Barri,2000,14470
can peguera,Barri,2000,2244
la guineueta,Barri,2000,16497
canyelles,Barri,2000,8385
les roquetes,Barri,2000,15144
verdun,Barri,2000,12419
la prosperitat,Barri,2000,26870
la trinitat nova,Barri,2000,7680
torre baro,Barri,2000,2252
ciutat meridiana,Barri,2000,9712
vallbona,Barri,2000,816
la trinitat vella,Barri,2000,8024
baro de viver,Barri,2000,2368
el bon pastor,Barri,2000,9847
sant andreu,Barri,2000,52014
la sagrera,Barri,2000,27793
el congres i els indians,Barri,2000,13482
navas,Barri,2000,21286
el camp de larpa del clot,Barri,2000,36381
el clot,Barri,2000,24199
el parc i la llacuna del poblenou,Barri,2000,12420
la vila olimpica del poblenou,Barri,2000,7051
el poblenou,Barri,2000,24197
diagonal mar i el front maritim del poblenou,Barri,2000,4267
el besos i el maresme,Barri,2000,21207
provencals del poblenou,Barri,2000,17106
sant marti de provencals,Barri,2000,27183
la verneda i la pau,Barri,2000,31141
el raval,Barri,2001,37584
el barri gotic,Barri,2001,16301
la barceloneta,Barri,2001,15110
sant pere santa caterina i la ribera,Barri,2001,20008
el fort pienc,Barri,2001,28710
la sagrada familia,Barri,2001,49563
la dreta de leixample,Barri,2001,39823
lantiga esquerra de leixample,Barri,2001,39129
la nova esquerra de leixample,Barri,2001,55424
sant antoni,Barri,2001,35976
el poble sec,Barri,2001,34517
la marina del prat vermell,Barri,2001,1764
la marina de port,Barri,2001,27627
la font de la guatlla,Barri,2001,9404
hostafrancs,Barri,2001,14465
la bordeta,Barri,2001,17997
sants badal,Barri,2001,23474
sants,Barri,2001,38159
les corts,Barri,2001,46468
la maternitat i sant ramon,Barri,2001,24523
pedralbes,Barri,2001,11278
vallvidrera el tibidabo i les planes,Barri,2001,3244
sarria,Barri,2001,21630
les tres torres,Barri,2001,14109
sant gervasi la bonanova,Barri,2001,22629
sant gervasi galvany,Barri,2001,44420
el putxet i el farro,Barri,2001,27043
vallcarca i els penitents,Barri,2001,14385
el coll,Barri,2001,6681
la salut,Barri,2001,12978
la vila de gracia,Barri,2001,46410
el camp den grassot i gracia nova,Barri,2001,33697
el baix guinardo,Barri,2001,24847
can baro,Barri,2001,8848
el guinardo,Barri,2001,34282
la font den fargues,Barri,2001,9748
el carmel,Barri,2001,32541
la teixonera,Barri,2001,11480
sant genis dels agudells,Barri,2001,6994
montbau,Barri,2001,5095
la vall dhebron,Barri,2001,5508
la clota,Barri,2001,454
horta,Barri,2001,26278
vilapicina i la torre llobeta,Barri,2001,24996
porta,Barri,2001,23798
el turo de la peira,Barri,2001,14488
can peguera,Barri,2001,2185
la guineueta,Barri,2001,16266
canyelles,Barri,2001,8159
les roquetes,Barri,2001,15067
verdun,Barri,2001,12288
la prosperitat,Barri,2001,26775
la trinitat nova,Barri,2001,7654
torre baro,Barri,2001,2189
ciutat meridiana,Barri,2001,9624
vallbona,Barri,2001,827
la trinitat vella,Barri,2001,8123
baro de viver,Barri,2001,2373
el bon pastor,Barri,2001,9893
sant andreu,Barri,2001,52319
la sagrera,Barri,2001,27948
el congres i els indians,Barri,2001,13381
navas,Barri,2001,21521
el camp de larpa del clot,Barri,2001,36593
el clot,Barri,2001,24867
el parc i la llacuna del poblenou,Barri,2001,12462
la vila olimpica del poblenou,Barri,2001,7289
el poblenou,Barri,2001,24652
diagonal mar i el front maritim del poblenou,Barri,2001,4963
el besos i el maresme,Barri,2001,21036
provencals del poblenou,Barri,2001,17130
sant marti de provencals,Barri,2001,26974
la verneda i la pau,Barri,2001,30676
el raval,Barri,2002,41898
el barri gotic,Barri,2002,19835
la barceloneta,Barri,2002,15507
sant pere santa caterina i la ribera,Barri,2002,21296
el fort pienc,Barri,2002,29749
la sagrada familia,Barri,2002,51539
la dreta de leixample,Barri,2002,41359
lantiga esquerra de leixample,Barri,2002,40760
la nova esquerra de leixample,Barri,2002,57422
sant antoni,Barri,2002,37246
el poble sec,Barri,2002,36577
la marina del prat vermell,Barri,2002,1672
la marina de port,Barri,2002,28103
la font de la guatlla,Barri,2002,9731
hostafrancs,Barri,2002,14749
la bordeta,Barri,2002,18429
sants badal,Barri,2002,24103
sants,Barri,2002,39069
les corts,Barri,2002,46739
la maternitat i sant ramon,Barri,2002,24681
pedralbes,Barri,2002,11604
vallvidrera el tibidabo i les planes,Barri,2002,3426
sarria,Barri,2002,22406
les tres torres,Barri,2002,14892
sant gervasi la bonanova,Barri,2002,23261
sant gervasi galvany,Barri,2002,45790
el putxet i el farro,Barri,2002,27983
vallcarca i els penitents,Barri,2002,15068
el coll,Barri,2002,6854
la salut,Barri,2002,13134
la vila de gracia,Barri,2002,48352
el camp den grassot i gracia nova,Barri,2002,34502
el baix guinardo,Barri,2002,25455
can baro,Barri,2002,9046
el guinardo,Barri,2002,35029
la font den fargues,Barri,2002,9777
el carmel,Barri,2002,33097
la teixonera,Barri,2002,11833
sant genis dels agudells,Barri,2002,7187
montbau,Barri,2002,5255
la vall dhebron,Barri,2002,5611
la clota,Barri,2002,453
horta,Barri,2002,26630
vilapicina i la torre llobeta,Barri,2002,25675
porta,Barri,2002,24073
el turo de la peira,Barri,2002,14667
can peguera,Barri,2002,2150
la guineueta,Barri,2002,16052
canyelles,Barri,2002,8185
les roquetes,Barri,2002,15475
verdun,Barri,2002,12434
la prosperitat,Barri,2002,27168
la trinitat nova,Barri,2002,7761
torre baro,Barri,2002,2177
ciutat meridiana,Barri,2002,9613
vallbona,Barri,2002,831
la trinitat vella,Barri,2002,8493
baro de viver,Barri,2002,2393
el bon pastor,Barri,2002,10032
sant andreu,Barri,2002,53811
la sagrera,Barri,2002,28479
el congres i els indians,Barri,2002,13514
navas,Barri,2002,22147
el camp de larpa del clot,Barri,2002,38125
el clot,Barri,2002,26150
el parc i la llacuna del poblenou,Barri,2002,12771
la vila olimpica del poblenou,Barri,2002,7657
el poblenou,Barri,2002,25988
diagonal mar i el front maritim del poblenou,Barri,2002,6185
el besos i el maresme,Barri,2002,21264
provencals del poblenou,Barri,2002,17466
sant marti de provencals,Barri,2002,26970
la verneda i la pau,Barri,2002,30611
el raval,Barri,2003,45627
el barri gotic,Barri,2003,22680
la barceloneta,Barri,2003,15983
sant pere santa caterina i la ribera,Barri,2003,22337
el fort pienc,Barri,2003,30407
la sagrada familia,Barri,2003,52013
la dreta de leixample,Barri,2003,42271
lantiga esquerra de leixample,Barri,2003,41163
la nova esquerra de leixample,Barri,2003,58191
sant antoni,Barri,2003,37863
el poble sec,Barri,2003,38204
la marina del prat vermell,Barri,2003,1544
la marina de port,Barri,2003,28536
la font de la guatlla,Barri,2003,9873
hostafrancs,Barri,2003,15212
la bordeta,Barri,2003,18548
sants badal,Barri,2003,24351
sants,Barri,2003,39628
les corts,Barri,2003,46804
la maternitat i sant ramon,Barri,2003,24938
pedralbes,Barri,2003,11703
vallvidrera el tibidabo i les planes,Barri,2003,3563
sarria,Barri,2003,22851
les tres torres,Barri,2003,15177
sant gervasi la bonanova,Barri,2003,23475
sant gervasi galvany,Barri,2003,46013
el putxet i el farro,Barri,2003,28326
vallcarca i els penitents,Barri,2003,15173
el coll,Barri,2003,7019
la salut,Barri,2003,13185
la vila de gracia,Barri,2003,48990
el camp den grassot i gracia nova,Barri,2003,34823
el baix guinardo,Barri,2003,25512
can baro,Barri,2003,9072
el guinardo,Barri,2003,35306
la font den fargues,Barri,2003,9763
el carmel,Barri,2003,33101
la teixonera,Barri,2003,11955
sant genis dels agudells,Barri,2003,7215
montbau,Barri,2003,5343
la vall dhebron,Barri,2003,5685
la clota,Barri,2003,463
horta,Barri,2003,26731
vilapicina i la torre llobeta,Barri,2003,25867
porta,Barri,2003,23802
el turo de la peira,Barri,2003,14797
can peguera,Barri,2003,2125
la guineueta,Barri,2003,15970
canyelles,Barri,2003,8052
les roquetes,Barri,2003,15596
verdun,Barri,2003,12391
la prosperitat,Barri,2003,27192
la trinitat nova,Barri,2003,7795
torre baro,Barri,2003,2213
ciutat meridiana,Barri,2003,9890
vallbona,Barri,2003,897
la trinitat vella,Barri,2003,8892
baro de viver,Barri,2003,2382
el bon pastor,Barri,2003,10595
sant andreu,Barri,2003,54421
la sagrera,Barri,2003,28840
el congres i els indians,Barri,2003,13670
navas,Barri,2003,22089
el camp de larpa del clot,Barri,2003,38542
el clot,Barri,2003,26627
el parc i la llacuna del poblenou,Barri,2003,13159
la vila olimpica del poblenou,Barri,2003,7842
el poblenou,Barri,2003,27444
diagonal mar i el front maritim del poblenou,Barri,2003,7243
el besos i el maresme,Barri,2003,21623
provencals del poblenou,Barri,2003,17685
sant marti de provencals,Barri,2003,26930
la verneda i la pau,Barri,2003,30625
el raval,Barri,2004,46257
el barri gotic,Barri,2004,25089
la barceloneta,Barri,2004,15958
sant pere santa caterina i la ribera,Barri,2004,22582
el fort pienc,Barri,2004,30537
la sagrada familia,Barri,2004,52029
la dreta de leixample,Barri,2004,42147
lantiga esquerra de leixample,Barri,2004,41185
la nova esquerra de leixample,Barri,2004,58244
sant antoni,Barri,2004,37957
el poble sec,Barri,2004,38793
la marina del prat vermell,Barri,2004,1456
la marina de port,Barri,2004,28813
la font de la guatlla,Barri,2004,9929
hostafrancs,Barri,2004,15448
la bordeta,Barri,2004,18757
sants badal,Barri,2004,24313
sants,Barri,2004,39530
les corts,Barri,2004,46483
la maternitat i sant ramon,Barri,2004,24796
pedralbes,Barri,2004,11716
vallvidrera el tibidabo i les planes,Barri,2004,3671
sarria,Barri,2004,23062
les tres torres,Barri,2004,15201
sant gervasi la bonanova,Barri,2004,23540
sant gervasi galvany,Barri,2004,45819
el putxet i el farro,Barri,2004,28456
vallcarca i els penitents,Barri,2004,15381
el coll,Barri,2004,7142
la salut,Barri,2004,13182
la vila de gracia,Barri,2004,49256
el camp den grassot i gracia nova,Barri,2004,34878
el baix guinardo,Barri,2004,25480
can baro,Barri,2004,8963
el guinardo,Barri,2004,35206
la font den fargues,Barri,2004,9715
el carmel,Barri,2004,32908
la teixonera,Barri,2004,12028
sant genis dels agudells,Barri,2004,7136
montbau,Barri,2004,5309
la vall dhebron,Barri,2004,5710
la clota,Barri,2004,462
horta,Barri,2004,26684
vilapicina i la torre llobeta,Barri,2004,25758
porta,Barri,2004,23555
el turo de la peira,Barri,2004,15023
can peguera,Barri,2004,2105
la guineueta,Barri,2004,16079
canyelles,Barri,2004,7874
les roquetes,Barri,2004,15809
verdun,Barri,2004,12319
la prosperitat,Barri,2004,26902
la trinitat nova,Barri,2004,7904
torre baro,Barri,2004,2211
ciutat meridiana,Barri,2004,10116
vallbona,Barri,2004,933
la trinitat vella,Barri,2004,9015
baro de viver,Barri,2004,2365
el bon pastor,Barri,2004,11389
sant andreu,Barri,2004,54917
la sagrera,Barri,2004,28796
el congres i els indians,Barri,2004,13707
navas,Barri,2004,21785
el camp de larpa del clot,Barri,2004,38272
el clot,Barri,2004,26599
el parc i la llacuna del poblenou,Barri,2004,13219
la vila olimpica del poblenou,Barri,2004,8022
el poblenou,Barri,2004,28092
diagonal mar i el front maritim del poblenou,Barri,2004,8131
el besos i el maresme,Barri,2004,21805
provencals del poblenou,Barri,2004,17700
sant marti de provencals,Barri,2004,26769
la verneda i la pau,Barri,2004,30238
el raval,Barri,2005,47329
el barri gotic,Barri,2005,27129
la barceloneta,Barri,2005,15796
sant pere santa caterina i la ribera,Barri,2005,22843
el fort pienc,Barri,2005,30929
la sagrada familia,Barri,2005,52146
la dreta de leixample,Barri,2005,42439
lantiga esquerra de leixample,Barri,2005,41468
la nova esquerra de leixample,Barri,2005,58627
sant antoni,Barri,2005,38082
el poble sec,Barri,2005,39394
la marina del prat vermell,Barri,2005,1307
la marina de port,Barri,2005,29224
la font de la guatlla,Barri,2005,10114
hostafrancs,Barri,2005,15474
la bordeta,Barri,2005,18666
sants badal,Barri,2005,24264
sants,Barri,2005,39805
les corts,Barri,2005,46414
la maternitat i sant ramon,Barri,2005,24568
pedralbes,Barri,2005,11766
vallvidrera el tibidabo i les planes,Barri,2005,3739
sarria,Barri,2005,23379
les tres torres,Barri,2005,15343
sant gervasi la bonanova,Barri,2005,23730
sant gervasi galvany,Barri,2005,46144
el putxet i el farro,Barri,2005,28642
vallcarca i els penitents,Barri,2005,15493
el coll,Barri,2005,7138
la salut,Barri,2005,13199
la vila de gracia,Barri,2005,49783
el camp den grassot i gracia nova,Barri,2005,34743
el baix guinardo,Barri,2005,25482
can baro,Barri,2005,8980
el guinardo,Barri,2005,35344
la font den fargues,Barri,2005,9710
el carmel,Barri,2005,32679
la teixonera,Barri,2005,12084
sant genis dels agudells,Barri,2005,7132
montbau,Barri,2005,5284
la vall dhebron,Barri,2005,5690
la clota,Barri,2005,476
horta,Barri,2005,26641
vilapicina i la torre llobeta,Barri,2005,25715
porta,Barri,2005,23308
el turo de la peira,Barri,2005,15213
can peguera,Barri,2005,2120
la guineueta,Barri,2005,15863
canyelles,Barri,2005,7722
les roquetes,Barri,2005,15709
verdun,Barri,2005,12188
la prosperitat,Barri,2005,26727
la trinitat nova,Barri,2005,7970
torre baro,Barri,2005,2214
ciutat meridiana,Barri,2005,10283
vallbona,Barri,2005,977
la trinitat vella,Barri,2005,9297
baro de viver,Barri,2005,2382
el bon pastor,Barri,2005,11732
sant andreu,Barri,2005,55414
la sagrera,Barri,2005,28832
el congres i els indians,Barri,2005,13833
navas,Barri,2005,21727
el camp de larpa del clot,Barri,2005,38486
el clot,Barri,2005,26841
el parc i la llacuna del poblenou,Barri,2005,13194
la vila olimpica del poblenou,Barri,2005,8492
el poblenou,Barri,2005,29025
diagonal mar i el front maritim del poblenou,Barri,2005,8865
el besos i el maresme,Barri,2005,22067
provencals del poblenou,Barri,2005,17983
sant marti de provencals,Barri,2005,26584
la verneda i la pau,Barri,2005,29955
el raval,Barri,2006,47699
el barri gotic,Barri,2006,27556
la barceloneta,Barri,2006,15863
sant pere santa caterina i la ribera,Barri,2006,23240
el fort pienc,Barri,2006,31505
la sagrada familia,Barri,2006,52541
la dreta de leixample,Barri,2006,42888
lantiga esquerra de leixample,Barri,2006,41752
la nova esquerra de leixample,Barri,2006,59221
sant antoni,Barri,2006,38275
el poble sec,Barri,2006,40319
la marina del prat vermell,Barri,2006,1248
la marina de port,Barri,2006,29585
la font de la guatlla,Barri,2006,10157
hostafrancs,Barri,2006,15843
la bordeta,Barri,2006,18709
sants badal,Barri,2006,24545
sants,Barri,2006,40264
les corts,Barri,2006,46698
la maternitat i sant ramon,Barri,2006,24278
pedralbes,Barri,2006,11696
vallvidrera el tibidabo i les planes,Barri,2006,3878
sarria,Barri,2006,23330
les tres torres,Barri,2006,15301
sant gervasi la bonanova,Barri,2006,23694
sant gervasi galvany,Barri,2006,46492
el putxet i el farro,Barri,2006,28879
vallcarca i els penitents,Barri,2006,15669
el coll,Barri,2006,7203
la salut,Barri,2006,13159
la vila de gracia,Barri,2006,50227
el camp den grassot i gracia nova,Barri,2006,35140
el baix guinardo,Barri,2006,25857
can baro,Barri,2006,8945
el guinardo,Barri,2006,35370
la font den fargues,Barri,2006,9570
el carmel,Barri,2006,32610
la teixonera,Barri,2006,11926
sant genis dels agudells,Barri,2006,7136
montbau,Barri,2006,5270
la vall dhebron,Barri,2006,5664
la clota,Barri,2006,486
horta,Barri,2006,26526
vilapicina i la torre llobeta,Barri,2006,25724
porta,Barri,2006,23315
el turo de la peira,Barri,2006,15167
can peguera,Barri,2006,2128
la guineueta,Barri,2006,15695
canyelles,Barri,2006,7594
les roquetes,Barri,2006,15831
verdun,Barri,2006,12171
la prosperitat,Barri,2006,26770
la trinitat nova,Barri,2006,7958
torre baro,Barri,2006,2159
ciutat meridiana,Barri,2006,10498
vallbona,Barri,2006,1227
la trinitat vella,Barri,2006,9770
baro de viver,Barri,2006,2421
el bon pastor,Barri,2006,12041
sant andreu,Barri,2006,55524
la sagrera,Barri,2006,28829
el congres i els indians,Barri,2006,13905
navas,Barri,2006,21667
el camp de larpa del clot,Barri,2006,38898
el clot,Barri,2006,26869
el parc i la llacuna del poblenou,Barri,2006,13341
la vila olimpica del poblenou,Barri,2006,8657
el poblenou,Barri,2006,29580
diagonal mar i el front maritim del poblenou,Barri,2006,9284
el besos i el maresme,Barri,2006,22403
provencals del poblenou,Barri,2006,18190
sant marti de provencals,Barri,2006,26436
la verneda i la pau,Barri,2006,29791
el raval,Barri,2007,46061
el barri gotic,Barri,2007,27663
la barceloneta,Barri,2007,15646
sant pere santa caterina i la ribera,Barri,2007,22422
el fort pienc,Barri,2007,31121
la sagrada familia,Barri,2007,51801
la dreta de leixample,Barri,2007,42277
lantiga esquerra de leixample,Barri,2007,41213
la nova esquerra de leixample,Barri,2007,57998
sant antoni,Barri,2007,37788
el poble sec,Barri,2007,39453
la marina del prat vermell,Barri,2007,1205
la marina de port,Barri,2007,29430
la font de la guatlla,Barri,2007,10131
hostafrancs,Barri,2007,15612
la bordeta,Barri,2007,18649
sants badal,Barri,2007,24121
sants,Barri,2007,39799
les corts,Barri,2007,45965
la maternitat i sant ramon,Barri,2007,23912
pedralbes,Barri,2007,11502
vallvidrera el tibidabo i les planes,Barri,2007,3940
sarria,Barri,2007,23117
les tres torres,Barri,2007,15272
sant gervasi la bonanova,Barri,2007,23607
sant gervasi galvany,Barri,2007,46284
el putxet i el farro,Barri,2007,28662
vallcarca i els penitents,Barri,2007,15422
el coll,Barri,2007,7102
la salut,Barri,2007,13001
la vila de gracia,Barri,2007,49958
el camp den grassot i gracia nova,Barri,2007,34538
el baix guinardo,Barri,2007,25741
can baro,Barri,2007,8931
el guinardo,Barri,2007,35044
la font den fargues,Barri,2007,9599
el carmel,Barri,2007,32278
la teixonera,Barri,2007,11748
sant genis dels agudells,Barri,2007,7030
montbau,Barri,2007,5111
la vall dhebron,Barri,2007,5439
la clota,Barri,2007,457
horta,Barri,2007,26363
vilapicina i la torre llobeta,Barri,2007,25559
porta,Barri,2007,23508
el turo de la peira,Barri,2007,15047
can peguera,Barri,2007,2138
la guineueta,Barri,2007,15526
canyelles,Barri,2007,7511
les roquetes,Barri,2007,15657
verdun,Barri,2007,12100
la prosperitat,Barri,2007,26492
la trinitat nova,Barri,2007,8039
torre baro,Barri,2007,2104
ciutat meridiana,Barri,2007,10652
vallbona,Barri,2007,1255
la trinitat vella,Barri,2007,9812
baro de viver,Barri,2007,2417
el bon pastor,Barri,2007,12172
sant andreu,Barri,2007,55451
la sagrera,Barri,2007,28347
el congres i els indians,Barri,2007,13850
navas,Barri,2007,21380
el camp de larpa del clot,Barri,2007,38586
el clot,Barri,2007,26748
el parc i la llacuna del poblenou,Barri,2007,13190
la vila olimpica del poblenou,Barri,2007,8701
el poblenou,Barri,2007,29852
diagonal mar i el front maritim del poblenou,Barri,2007,9639
el besos i el maresme,Barri,2007,22033
provencals del poblenou,Barri,2007,18613
sant marti de provencals,Barri,2007,26121
la verneda i la pau,Barri,2007,29520
el raval,Barri,2008,47488
el barri gotic,Barri,2008,25505
la barceloneta,Barri,2008,16154
sant pere santa caterina i la ribera,Barri,2008,22644
el fort pienc,Barri,2008,32159
la sagrada familia,Barri,2008,52571
la dreta de leixample,Barri,2008,42735
lantiga esquerra de leixample,Barri,2008,41581
la nova esquerra de leixample,Barri,2008,58345
sant antoni,Barri,2008,38243
el poble sec,Barri,2008,40334
la marina del prat vermell,Barri,2008,1190
la marina de port,Barri,2008,29714
la font de la guatlla,Barri,2008,10075
hostafrancs,Barri,2008,15940
la bordeta,Barri,2008,18721
sants badal,Barri,2008,24270
sants,Barri,2008,41029
les corts,Barri,2008,46928
la maternitat i sant ramon,Barri,2008,23785
pedralbes,Barri,2008,11532
vallvidrera el tibidabo i les planes,Barri,2008,4082
sarria,Barri,2008,23371
les tres torres,Barri,2008,15351
sant gervasi la bonanova,Barri,2008,24399
sant gervasi galvany,Barri,2008,46501
el putxet i el farro,Barri,2008,28757
vallcarca i els penitents,Barri,2008,15469
el coll,Barri,2008,7304
la salut,Barri,2008,13182
la vila de gracia,Barri,2008,51295
el camp den grassot i gracia nova,Barri,2008,34696
el baix guinardo,Barri,2008,25997
can baro,Barri,2008,9076
el guinardo,Barri,2008,35169
la font den fargues,Barri,2008,9664
el carmel,Barri,2008,32264
la teixonera,Barri,2008,11938
sant genis dels agudells,Barri,2008,7092
montbau,Barri,2008,5182
la vall dhebron,Barri,2008,5559
la clota,Barri,2008,455
horta,Barri,2008,27284
vilapicina i la torre llobeta,Barri,2008,25756
porta,Barri,2008,24390
el turo de la peira,Barri,2008,15186
can peguera,Barri,2008,2145
la guineueta,Barri,2008,15428
canyelles,Barri,2008,7471
les roquetes,Barri,2008,15942
verdun,Barri,2008,12407
la prosperitat,Barri,2008,26634
la trinitat nova,Barri,2008,8080
torre baro,Barri,2008,2151
ciutat meridiana,Barri,2008,11139
vallbona,Barri,2008,1317
la trinitat vella,Barri,2008,10274
baro de viver,Barri,2008,2458
el bon pastor,Barri,2008,13089
sant andreu,Barri,2008,55589
la sagrera,Barri,2008,28707
el congres i els indians,Barri,2008,13995
navas,Barri,2008,21601
el camp de larpa del clot,Barri,2008,38786
el clot,Barri,2008,27076
el parc i la llacuna del poblenou,Barri,2008,13123
la vila olimpica del poblenou,Barri,2008,8961
el poblenou,Barri,2008,30555
diagonal mar i el front maritim del poblenou,Barri,2008,9964
el besos i el maresme,Barri,2008,23319
provencals del poblenou,Barri,2008,18859
sant marti de provencals,Barri,2008,26174
la verneda i la pau,Barri,2008,29572
el raval,Barri,2009,47963
el barri gotic,Barri,2009,22793
la barceloneta,Barri,2009,16231
sant pere santa caterina i la ribera,Barri,2009,23029
el fort pienc,Barri,2009,33079
la sagrada familia,Barri,2009,52969
la dreta de leixample,Barri,2009,43410
lantiga esquerra de leixample,Barri,2009,41926
la nova esquerra de leixample,Barri,2009,58532
sant antoni,Barri,2009,38513
el poble sec,Barri,2009,40678
la marina del prat vermell,Barri,2009,1155
la marina de port,Barri,2009,30137
la font de la guatlla,Barri,2009,10219
hostafrancs,Barri,2009,16013
la bordeta,Barri,2009,18839
sants badal,Barri,2009,24269
sants,Barri,2009,42207
les corts,Barri,2009,47618
la maternitat i sant ramon,Barri,2009,23934
pedralbes,Barri,2009,11631
vallvidrera el tibidabo i les planes,Barri,2009,4287
sarria,Barri,2009,23615
les tres torres,Barri,2009,15546
sant gervasi la bonanova,Barri,2009,25282
sant gervasi galvany,Barri,2009,46830
el putxet i el farro,Barri,2009,28871
vallcarca i els penitents,Barri,2009,15697
el coll,Barri,2009,7294
la salut,Barri,2009,13246
la vila de gracia,Barri,2009,52633
el camp den grassot i gracia nova,Barri,2009,34934
el baix guinardo,Barri,2009,26110
can baro,Barri,2009,9161
el guinardo,Barri,2009,35620
la font den fargues,Barri,2009,9667
el carmel,Barri,2009,32615
la teixonera,Barri,2009,11905
sant genis dels agudells,Barri,2009,7174
montbau,Barri,2009,5224
la vall dhebron,Barri,2009,5546
la clota,Barri,2009,464
horta,Barri,2009,27873
vilapicina i la torre llobeta,Barri,2009,25924
porta,Barri,2009,25334
el turo de la peira,Barri,2009,15341
can peguera,Barri,2009,2161
la guineueta,Barri,2009,15362
canyelles,Barri,2009,7440
les roquetes,Barri,2009,16182
verdun,Barri,2009,12397
la prosperitat,Barri,2009,26819
la trinitat nova,Barri,2009,8133
torre baro,Barri,2009,2165
ciutat meridiana,Barri,2009,11231
vallbona,Barri,2009,1327
la trinitat vella,Barri,2009,10447
baro de viver,Barri,2009,2452
el bon pastor,Barri,2009,13829
sant andreu,Barri,2009,55892
la sagrera,Barri,2009,28943
el congres i els indians,Barri,2009,14061
navas,Barri,2009,21780
el camp de larpa del clot,Barri,2009,38839
el clot,Barri,2009,27544
el parc i la llacuna del poblenou,Barri,2009,13400
la vila olimpica del poblenou,Barri,2009,9117
el poblenou,Barri,2009,31127
diagonal mar i el front maritim del poblenou,Barri,2009,10691
el besos i el maresme,Barri,2009,24018
provencals del poblenou,Barri,2009,19304
sant marti de provencals,Barri,2009,26287
la verneda i la pau,Barri,2009,29567
el raval,Barri,2010,47356
el barri gotic,Barri,2010,18520
la barceloneta,Barri,2010,16090
sant pere santa caterina i la ribera,Barri,2010,22698
el fort pienc,Barri,2010,32648
la sagrada familia,Barri,2010,52164
la dreta de leixample,Barri,2010,43063
lantiga esquerra de leixample,Barri,2010,41697
la nova esquerra de leixample,Barri,2010,58013
sant antoni,Barri,2010,38129
el poble sec,Barri,2010,40386
la marina del prat vermell,Barri,2010,1135
la marina de port,Barri,2010,30108
la font de la guatlla,Barri,2010,10281
hostafrancs,Barri,2010,15961
la bordeta,Barri,2010,18645
sants badal,Barri,2010,24350
sants,Barri,2010,42111
les corts,Barri,2010,47319
la maternitat i sant ramon,Barri,2010,23762
pedralbes,Barri,2010,11669
vallvidrera el tibidabo i les planes,Barri,2010,4265
sarria,Barri,2010,23763
les tres torres,Barri,2010,15731
sant gervasi la bonanova,Barri,2010,25704
sant gervasi galvany,Barri,2010,46291
el putxet i el farro,Barri,2010,28731
vallcarca i els penitents,Barri,2010,15481
el coll,Barri,2010,7227
la salut,Barri,2010,13326
la vila de gracia,Barri,2010,52314
el camp den grassot i gracia nova,Barri,2010,34630
el baix guinardo,Barri,2010,26019
can baro,Barri,2010,9124
el guinardo,Barri,2010,35669
la font den fargues,Barri,2010,9581
el carmel,Barri,2010,32337
la teixonera,Barri,2010,11827
sant genis dels agudells,Barri,2010,7121
montbau,Barri,2010,5250
la vall dhebron,Barri,2010,5605
la clota,Barri,2010,453
horta,Barri,2010,27771
vilapicina i la torre llobeta,Barri,2010,25635
porta,Barri,2010,25169
el turo de la peira,Barri,2010,15339
can peguera,Barri,2010,2215
la guineueta,Barri,2010,15299
canyelles,Barri,2010,7305
les roquetes,Barri,2010,15992
verdun,Barri,2010,12315
la prosperitat,Barri,2010,26574
la trinitat nova,Barri,2010,7877
torre baro,Barri,2010,2164
ciutat meridiana,Barri,2010,10860
vallbona,Barri,2010,1336
la trinitat vella,Barri,2010,10275
baro de viver,Barri,2010,2392
el bon pastor,Barri,2010,13809
sant andreu,Barri,2010,55838
la sagrera,Barri,2010,28882
el congres i els indians,Barri,2010,13953
navas,Barri,2010,21839
el camp de larpa del clot,Barri,2010,38350
el clot,Barri,2010,27497
el parc i la llacuna del poblenou,Barri,2010,13471
la vila olimpica del poblenou,Barri,2010,9248
el poblenou,Barri,2010,31384
diagonal mar i el front maritim del poblenou,Barri,2010,11264
el besos i el maresme,Barri,2010,23798
provencals del poblenou,Barri,2010,19594
sant marti de provencals,Barri,2010,26154
la verneda i la pau,Barri,2010,29460
el raval,Barri,2011,47725
el barri gotic,Barri,2011,17678
la barceloneta,Barri,2011,15749
sant pere santa caterina i la ribera,Barri,2011,22417
el fort pienc,Barri,2011,32387
la sagrada familia,Barri,2011,51976
la dreta de leixample,Barri,2011,42856
lantiga esquerra de leixample,Barri,2011,41416
la nova esquerra de leixample,Barri,2011,57676
sant antoni,Barri,2011,37985
el poble sec,Barri,2011,40539
la marina del prat vermell,Barri,2011,1119
la marina de port,Barri,2011,30238
la font de la guatlla,Barri,2011,10215
hostafrancs,Barri,2011,15858
la bordeta,Barri,2011,18492
sants badal,Barri,2011,24340
sants,Barri,2011,41932
les corts,Barri,2011,47098
la maternitat i sant ramon,Barri,2011,23607
pedralbes,Barri,2011,11632
vallvidrera el tibidabo i les planes,Barri,2011,4288
sarria,Barri,2011,23920
les tres torres,Barri,2011,15748
sant gervasi la bonanova,Barri,2011,25639
sant gervasi galvany,Barri,2011,46128
el putxet i el farro,Barri,2011,28632
vallcarca i els penitents,Barri,2011,15446
el coll,Barri,2011,7288
la salut,Barri,2011,13147
la vila de gracia,Barri,2011,51190
el camp den grassot i gracia nova,Barri,2011,34412
el baix guinardo,Barri,2011,26002
can baro,Barri,2011,8925
el guinardo,Barri,2011,35692
la font den fargues,Barri,2011,9521
el carmel,Barri,2011,32084
la teixonera,Barri,2011,11788
sant genis dels agudells,Barri,2011,6984
montbau,Barri,2011,5213
la vall dhebron,Barri,2011,5564
la clota,Barri,2011,464
horta,Barri,2011,27527
vilapicina i la torre llobeta,Barri,2011,25420
porta,Barri,2011,25088
el turo de la peira,Barri,2011,15425
can peguera,Barri,2011,2240
la guineueta,Barri,2011,15263
canyelles,Barri,2011,7239
les roquetes,Barri,2011,15987
verdun,Barri,2011,12304
la prosperitat,Barri,2011,26555
la trinitat nova,Barri,2011,7699
torre baro,Barri,2011,2172
ciutat meridiana,Barri,2011,10886
vallbona,Barri,2011,1343
la trinitat vella,Barri,2011,10403
baro de viver,Barri,2011,2411
el bon pastor,Barri,2011,13621
sant andreu,Barri,2011,56075
la sagrera,Barri,2011,29120
el congres i els indians,Barri,2011,13998
navas,Barri,2011,21725
el camp de larpa del clot,Barri,2011,37951
el clot,Barri,2011,27362
el parc i la llacuna del poblenou,Barri,2011,13733
la vila olimpica del poblenou,Barri,2011,9240
el poblenou,Barri,2011,32065
diagonal mar i el front maritim del poblenou,Barri,2011,12003
el besos i el maresme,Barri,2011,23976
provencals del poblenou,Barri,2011,19551
sant marti de provencals,Barri,2011,26154
la verneda i la pau,Barri,2011,29043
el raval,Barri,2012,48991
el barri gotic,Barri,2012,16881
la barceloneta,Barri,2012,15712
sant pere santa caterina i la ribera,Barri,2012,22773
el fort pienc,Barri,2012,32286
la sagrada familia,Barri,2012,52092
la dreta de leixample,Barri,2012,43285
lantiga esquerra de leixample,Barri,2012,41722
la nova esquerra de leixample,Barri,2012,57876
sant antoni,Barri,2012,38332
el poble sec,Barri,2012,41255
la marina del prat vermell,Barri,2012,1150
la marina de port,Barri,2012,30445
la font de la guatlla,Barri,2012,10275
hostafrancs,Barri,2012,16042
la bordeta,Barri,2012,18604
sants badal,Barri,2012,24590
sants,Barri,2012,41609
les corts,Barri,2012,46819
la maternitat i sant ramon,Barri,2012,23786
pedralbes,Barri,2012,11752
vallvidrera el tibidabo i les planes,Barri,2012,4407
sarria,Barri,2012,24280
les tres torres,Barri,2012,15922
sant gervasi la bonanova,Barri,2012,25426
sant gervasi galvany,Barri,2012,46365
el putxet i el farro,Barri,2012,28869
vallcarca i els penitents,Barri,2012,15518
el coll,Barri,2012,7291
la salut,Barri,2012,13186
la vila de gracia,Barri,2012,51104
el camp den grassot i gracia nova,Barri,2012,34732
el baix guinardo,Barri,2012,25906
can baro,Barri,2012,9002
el guinardo,Barri,2012,35656
la font den fargues,Barri,2012,9560
el carmel,Barri,2012,31986
la teixonera,Barri,2012,11770
sant genis dels agudells,Barri,2012,6948
montbau,Barri,2012,5136
la vall dhebron,Barri,2012,5567
la clota,Barri,2012,452
horta,Barri,2012,27001
vilapicina i la torre llobeta,Barri,2012,25519
porta,Barri,2012,24815
el turo de la peira,Barri,2012,15569
can peguera,Barri,2012,2238
la guineueta,Barri,2012,15182
canyelles,Barri,2012,7193
les roquetes,Barri,2012,16028
verdun,Barri,2012,12449
la prosperitat,Barri,2012,26463
la trinitat nova,Barri,2012,7624
torre baro,Barri,2012,2169
ciutat meridiana,Barri,2012,10745
vallbona,Barri,2012,1340
la trinitat vella,Barri,2012,10397
baro de viver,Barri,2012,2411
el bon pastor,Barri,2012,13198
sant andreu,Barri,2012,56282
la sagrera,Barri,2012,29100
el congres i els indians,Barri,2012,14108
navas,Barri,2012,21901
el camp de larpa del clot,Barri,2012,38168
el clot,Barri,2012,27315
el parc i la llacuna del poblenou,Barri,2012,14038
la vila olimpica del poblenou,Barri,2012,9236
el poblenou,Barri,2012,32513
diagonal mar i el front maritim del poblenou,Barri,2012,12515
el besos i el maresme,Barri,2012,23720
provencals del poblenou,Barri,2012,19877
sant marti de provencals,Barri,2012,26126
la verneda i la pau,Barri,2012,29230
el raval,Barri,2013,48771
el barri gotic,Barri,2013,16276
la barceloneta,Barri,2013,15493
sant pere santa caterina i la ribera,Barri,2013,22771
el fort pienc,Barri,2013,31755
la sagrada familia,Barri,2013,51821
la dreta de leixample,Barri,2013,43399
lantiga esquerra de leixample,Barri,2013,41838
la nova esquerra de leixample,Barri,2013,57890
sant antoni,Barri,2013,38264
el poble sec,Barri,2013,41002
la marina del prat vermell,Barri,2013,1172
la marina de port,Barri,2013,30276
la font de la guatlla,Barri,2013,10312
hostafrancs,Barri,2013,15982
la bordeta,Barri,2013,18581
sants badal,Barri,2013,24355
sants,Barri,2013,41061
les corts,Barri,2013,46221
la maternitat i sant ramon,Barri,2013,23674
pedralbes,Barri,2013,11816
vallvidrera el tibidabo i les planes,Barri,2013,4443
sarria,Barri,2013,24510
les tres torres,Barri,2013,16036
sant gervasi la bonanova,Barri,2013,25130
sant gervasi galvany,Barri,2013,46548
el putxet i el farro,Barri,2013,28848
vallcarca i els penitents,Barri,2013,15495
el coll,Barri,2013,7227
la salut,Barri,2013,13199
la vila de gracia,Barri,2013,50636
el camp den grassot i gracia nova,Barri,2013,34440
el baix guinardo,Barri,2013,25647
can baro,Barri,2013,8973
el guinardo,Barri,2013,35712
la font den fargues,Barri,2013,9499
el carmel,Barri,2013,31797
la teixonera,Barri,2013,11659
sant genis dels agudells,Barri,2013,6903
montbau,Barri,2013,5110
la vall dhebron,Barri,2013,5490
la clota,Barri,2013,439
horta,Barri,2013,26571
vilapicina i la torre llobeta,Barri,2013,25548
porta,Barri,2013,24354
el turo de la peira,Barri,2013,15432
can peguera,Barri,2013,2229
la guineueta,Barri,2013,15126
canyelles,Barri,2013,7108
les roquetes,Barri,2013,15774
verdun,Barri,2013,12337
la prosperitat,Barri,2013,26308
la trinitat nova,Barri,2013,7555
torre baro,Barri,2013,2196
ciutat meridiana,Barri,2013,10494
vallbona,Barri,2013,1348
la trinitat vella,Barri,2013,10434
baro de viver,Barri,2013,2416
el bon pastor,Barri,2013,12813
sant andreu,Barri,2013,56500
la sagrera,Barri,2013,28924
el congres i els indians,Barri,2013,14028
navas,Barri,2013,21834
el camp de larpa del clot,Barri,2013,37977
el clot,Barri,2013,27179
el parc i la llacuna del poblenou,Barri,2013,14356
la vila olimpica del poblenou,Barri,2013,9320
el poblenou,Barri,2013,32881
diagonal mar i el front maritim del poblenou,Barri,2013,12928
el besos i el maresme,Barri,2013,23143
provencals del poblenou,Barri,2013,20068
sant marti de provencals,Barri,2013,26001
la verneda i la pau,Barri,2013,29182
el raval,Barri,2014,47490
el barri gotic,Barri,2014,15735
la barceloneta,Barri,2014,15107
sant pere santa caterina i la ribera,Barri,2014,22368
el fort pienc,Barri,2014,31489
la sagrada familia,Barri,2014,51283
la dreta de leixample,Barri,2014,43343
lantiga esquerra de leixample,Barri,2014,41728
la nova esquerra de leixample,Barri,2014,57625
sant antoni,Barri,2014,38096
el poble sec,Barri,2014,40287
la marina del prat vermell,Barri,2014,1143
la marina de port,Barri,2014,30051
la font de la guatlla,Barri,2014,10310
hostafrancs,Barri,2014,15671
la bordeta,Barri,2014,18397
sants badal,Barri,2014,24125
sants,Barri,2014,40849
les corts,Barri,2014,45989
la maternitat i sant ramon,Barri,2014,23554
pedralbes,Barri,2014,11653
vallvidrera el tibidabo i les planes,Barri,2014,4516
sarria,Barri,2014,24531
les tres torres,Barri,2014,16165
sant gervasi la bonanova,Barri,2014,25273
sant gervasi galvany,Barri,2014,46461
el putxet i el farro,Barri,2014,28827
vallcarca i els penitents,Barri,2014,15442
el coll,Barri,2014,7201
la salut,Barri,2014,13159
la vila de gracia,Barri,2014,50440
el camp den grassot i gracia nova,Barri,2014,34041
el baix guinardo,Barri,2014,25536
can baro,Barri,2014,8860
el guinardo,Barri,2014,35539
la font den fargues,Barri,2014,9437
el carmel,Barri,2014,31655
la teixonera,Barri,2014,11435
sant genis dels agudells,Barri,2014,6854
montbau,Barri,2014,5045
la vall dhebron,Barri,2014,5490
la clota,Barri,2014,521
horta,Barri,2014,26552
vilapicina i la torre llobeta,Barri,2014,25332
porta,Barri,2014,24336
el turo de la peira,Barri,2014,15350
can peguera,Barri,2014,2261
la guineueta,Barri,2014,15057
canyelles,Barri,2014,6980
les roquetes,Barri,2014,15565
verdun,Barri,2014,12120
la prosperitat,Barri,2014,26084
la trinitat nova,Barri,2014,7390
torre baro,Barri,2014,2555
ciutat meridiana,Barri,2014,10174
vallbona,Barri,2014,1310
la trinitat vella,Barri,2014,10247
baro de viver,Barri,2014,2479
el bon pastor,Barri,2014,12676
sant andreu,Barri,2014,56263
la sagrera,Barri,2014,28671
el congres i els indians,Barri,2014,13923
navas,Barri,2014,21739
el camp de larpa del clot,Barri,2014,37796
el clot,Barri,2014,27035
el parc i la llacuna del poblenou,Barri,2014,14617
la vila olimpica del poblenou,Barri,2014,9367
el poblenou,Barri,2014,33019
diagonal mar i el front maritim del poblenou,Barri,2014,13168
el besos i el maresme,Barri,2014,22840
provencals del poblenou,Barri,2014,20098
sant marti de provencals,Barri,2014,25917
la verneda i la pau,Barri,2014,28808
el raval,Barri,2015,47150
el barri gotic,Barri,2015,15514
la barceloneta,Barri,2015,15037
sant pere santa caterina i la ribera,Barri,2015,22468
el fort pienc,Barri,2015,31548
la sagrada familia,Barri,2015,51094
la dreta de leixample,Barri,2015,43558
lantiga esquerra de leixample,Barri,2015,41662
la nova esquerra de leixample,Barri,2015,57664
sant antoni,Barri,2015,38031
el poble sec,Barri,2015,40222
la marina del prat vermell,Barri,2015,1122
la marina de port,Barri,2015,30237
la font de la guatlla,Barri,2015,10371
hostafrancs,Barri,2015,15758
la bordeta,Barri,2015,18384
sants badal,Barri,2015,24016
sants,Barri,2015,40703
les corts,Barri,2015,46003
la maternitat i sant ramon,Barri,2015,23810
pedralbes,Barri,2015,11716
vallvidrera el tibidabo i les planes,Barri,2015,4604
sarria,Barri,2015,24640
les tres torres,Barri,2015,16501
sant gervasi la bonanova,Barri,2015,25368
sant gervasi galvany,Barri,2015,46711
el putxet i el farro,Barri,2015,29024
vallcarca i els penitents,Barri,2015,15520
el coll,Barri,2015,7351
la salut,Barri,2015,13220
la vila de gracia,Barri,2015,50441
el camp den grassot i gracia nova,Barri,2015,33913
el baix guinardo,Barri,2015,25474
can baro,Barri,2015,8824
el guinardo,Barri,2015,35784
la font den fargues,Barri,2015,9399
el carmel,Barri,2015,31449
la teixonera,Barri,2015,11360
sant genis dels agudells,Barri,2015,6721
montbau,Barri,2015,5041
la vall dhebron,Barri,2015,5467
la clota,Barri,2015,542
horta,Barri,2015,26469
vilapicina i la torre llobeta,Barri,2015,25444
porta,Barri,2015,24299
el turo de la peira,Barri,2015,15328
can peguera,Barri,2015,2275
la guineueta,Barri,2015,15097
canyelles,Barri,2015,6952
les roquetes,Barri,2015,15400
verdun,Barri,2015,12226
la prosperitat,Barri,2015,25974
la trinitat nova,Barri,2015,7335
torre baro,Barri,2015,2734
ciutat meridiana,Barri,2015,10239
vallbona,Barri,2015,1334
la trinitat vella,Barri,2015,10068
baro de viver,Barri,2015,2482
el bon pastor,Barri,2015,12560
sant andreu,Barri,2015,56491
la sagrera,Barri,2015,28899
el congres i els indians,Barri,2015,14046
navas,Barri,2015,21966
el camp de larpa del clot,Barri,2015,38168
el clot,Barri,2015,26932
el parc i la llacuna del poblenou,Barri,2015,14713
la vila olimpica del poblenou,Barri,2015,9331
el poblenou,Barri,2015,33437
diagonal mar i el front maritim del poblenou,Barri,2015,13374
el besos i el maresme,Barri,2015,22844
provencals del poblenou,Barri,2015,20163
sant marti de provencals,Barri,2015,25971
la verneda i la pau,Barri,2015,28727
el raval,Barri,2016,47196
el barri gotic,Barri,2016,15729
la barceloneta,Barri,2016,15068
sant pere santa caterina i la ribera,Barri,2016,22380
el fort pienc,Barri,2016,31693
la sagrada familia,Barri,2016,51354
la dreta de leixample,Barri,2016,43692
lantiga esquerra de leixample,Barri,2016,41895
la nova esquerra de leixample,Barri,2016,57699
sant antoni,Barri,2016,38235
el poble sec,Barri,2016,40129
la marina del prat vermell,Barri,2016,1146
la marina de port,Barri,2016,30397
la font de la guatlla,Barri,2016,10316
hostafrancs,Barri,2016,15915
la bordeta,Barri,2016,18518
sants badal,Barri,2016,23935
sants,Barri,2016,40831
les corts,Barri,2016,45976
la maternitat i sant ramon,Barri,2016,23868
pedralbes,Barri,2016,11864
vallvidrera el tibidabo i les planes,Barri,2016,4641
sarria,Barri,2016,24810
les tres torres,Barri,2016,16486
sant gervasi la bonanova,Barri,2016,25761
sant gervasi galvany,Barri,2016,47156
el putxet i el farro,Barri,2016,29318
vallcarca i els penitents,Barri,2016,15629
el coll,Barri,2016,7391
la salut,Barri,2016,13123
la vila de gracia,Barri,2016,50670
el camp den grassot i gracia nova,Barri,2016,34275
el baix guinardo,Barri,2016,25563
can baro,Barri,2016,8969
el guinardo,Barri,2016,36176
la font den fargues,Barri,2016,9402
el carmel,Barri,2016,31377
la teixonera,Barri,2016,11281
sant genis dels agudells,Barri,2016,6695
montbau,Barri,2016,5053
la vall dhebron,Barri,2016,5687
la clota,Barri,2016,590
horta,Barri,2016,26597
vilapicina i la torre llobeta,Barri,2016,25522
porta,Barri,2016,24567
el turo de la peira,Barri,2016,15334
can peguera,Barri,2016,2255
la guineueta,Barri,2016,15050
canyelles,Barri,2016,6925
les roquetes,Barri,2016,15410
verdun,Barri,2016,12261
la prosperitat,Barri,2016,26184
la trinitat nova,Barri,2016,7259
torre baro,Barri,2016,2795
ciutat meridiana,Barri,2016,10055
vallbona,Barri,2016,1354
la trinitat vella,Barri,2016,10048
baro de viver,Barri,2016,2511
el bon pastor,Barri,2016,12594
sant andreu,Barri,2016,56695
la sagrera,Barri,2016,28804
el congres i els indians,Barri,2016,14051
navas,Barri,2016,22097
el camp de larpa del clot,Barri,2016,38130
el clot,Barri,2016,26928
el parc i la llacuna del poblenou,Barri,2016,14859
la vila olimpica del poblenou,Barri,2016,9346
el poblenou,Barri,2016,33623
diagonal mar i el front maritim del poblenou,Barri,2016,13416
el besos i el maresme,Barri,2016,22783
provencals del poblenou,Barri,2016,20381
sant marti de provencals,Barri,2016,26031
la verneda i la pau,Barri,2016,28673
el raval,Barri,2017,47901
el barri gotic,Barri,2017,16240
la barceloneta,Barri,2017,15101
sant pere santa caterina i la ribera,Barri,2017,22923
el fort pienc,Barri,2017,32137
la sagrada familia,Barri,2017,51658
la dreta de leixample,Barri,2017,44224
lantiga esquerra de leixample,Barri,2017,42444
la nova esquerra de leixample,Barri,2017,58337
sant antoni,Barri,2017,38470
el poble sec,Barri,2017,40385
la marina del prat vermell,Barri,2017,1151
la marina de port,Barri,2017,30622
la font de la guatlla,Barri,2017,10422
hostafrancs,Barri,2017,15949
la bordeta,Barri,2017,18561
sants badal,Barri,2017,24047
sants,Barri,2017,41244
les corts,Barri,2017,46104
la maternitat i sant ramon,Barri,2017,23980
pedralbes,Barri,2017,12117
vallvidrera el tibidabo i les planes,Barri,2017,4689
sarria,Barri,2017,25106
les tres torres,Barri,2017,16699
sant gervasi la bonanova,Barri,2017,25909
sant gervasi galvany,Barri,2017,47816
el putxet i el farro,Barri,2017,29515
vallcarca i els penitents,Barri,2017,15821
el coll,Barri,2017,7428
la salut,Barri,2017,13207
la vila de gracia,Barri,2017,50885
el camp den grassot i gracia nova,Barri,2017,34431
el baix guinardo,Barri,2017,25734
can baro,Barri,2017,9020
el guinardo,Barri,2017,36538
la font den fargues,Barri,2017,9390
el carmel,Barri,2017,31583
la teixonera,Barri,2017,11634
sant genis dels agudells,Barri,2017,6828
montbau,Barri,2017,5108
la vall dhebron,Barri,2017,5792
la clota,Barri,2017,611
horta,Barri,2017,26743
vilapicina i la torre llobeta,Barri,2017,25618
porta,Barri,2017,25046
el turo de la peira,Barri,2017,15466
can peguera,Barri,2017,2273
la guineueta,Barri,2017,15247
canyelles,Barri,2017,6863
les roquetes,Barri,2017,15631
verdun,Barri,2017,12368
la prosperitat,Barri,2017,26415
la trinitat nova,Barri,2017,7271
torre baro,Barri,2017,2859
ciutat meridiana,Barri,2017,10369
vallbona,Barri,2017,1379
la trinitat vella,Barri,2017,10006
baro de viver,Barri,2017,2539
el bon pastor,Barri,2017,12582
sant andreu,Barri,2017,57223
la sagrera,Barri,2017,29127
el congres i els indians,Barri,2017,14141
navas,Barri,2017,22171
el camp de larpa del clot,Barri,2017,38247
el clot,Barri,2017,27089
el parc i la llacuna del poblenou,Barri,2017,15202
la vila olimpica del poblenou,Barri,2017,9404
el poblenou,Barri,2017,33933
diagonal mar i el front maritim del poblenou,Barri,2017,13670
el besos i el maresme,Barri,2017,23063
provencals del poblenou,Barri,2017,20519
sant marti de provencals,Barri,2017,26187
la verneda i la pau,Barri,2017,28725
el raval,Barri,2018,47514
el barri gotic,Barri,2018,17035
la barceloneta,Barri,2018,14893
sant pere santa caterina i la ribera,Barri,2018,22605
el fort pienc,Barri,2018,32170
la sagrada familia,Barri,2018,51661
la dreta de leixample,Barri,2018,43853
lantiga esquerra de leixample,Barri,2018,42534
la nova esquerra de leixample,Barri,2018,58265
sant antoni,Barri,2018,38356
el poble sec,Barri,2018,39801
la marina del prat vermell,Barri,2018,1161
la marina de port,Barri,2018,30751
la font de la guatlla,Barri,2018,10307
hostafrancs,Barri,2018,15969
la bordeta,Barri,2018,18833
sants badal,Barri,2018,24018
sants,Barri,2018,41370
les corts,Barri,2018,46152
la maternitat i sant ramon,Barri,2018,23984
pedralbes,Barri,2018,12046
vallvidrera el tibidabo i les planes,Barri,2018,4710
sarria,Barri,2018,25116
les tres torres,Barri,2018,16713
sant gervasi la bonanova,Barri,2018,25889
sant gervasi galvany,Barri,2018,47819
el putxet i el farro,Barri,2018,29590
vallcarca i els penitents,Barri,2018,15985
el coll,Barri,2018,7460
la salut,Barri,2018,13260
la vila de gracia,Barri,2018,50421
el camp den grassot i gracia nova,Barri,2018,34663
el baix guinardo,Barri,2018,25793
can baro,Barri,2018,9071
el guinardo,Barri,2018,36890
la font den fargues,Barri,2018,9446
el carmel,Barri,2018,31832
la teixonera,Barri,2018,11650
sant genis dels agudells,Barri,2018,7011
montbau,Barri,2018,5099
la vall dhebron,Barri,2018,5737
la clota,Barri,2018,657
horta,Barri,2018,26867
vilapicina i la torre llobeta,Barri,2018,25675
porta,Barri,2018,25568
el turo de la peira,Barri,2018,15575
can peguera,Barri,2018,2270
la guineueta,Barri,2018,15293
canyelles,Barri,2018,6885
les roquetes,Barri,2018,15764
verdun,Barri,2018,12445
la prosperitat,Barri,2018,26572
la trinitat nova,Barri,2018,7365
torre baro,Barri,2018,2893
ciutat meridiana,Barri,2018,10622
vallbona,Barri,2018,1400
la trinitat vella,Barri,2018,10071
baro de viver,Barri,2018,2535
el bon pastor,Barri,2018,12740
sant andreu,Barri,2018,57662
la sagrera,Barri,2018,29290
el congres i els indians,Barri,2018,14196
navas,Barri,2018,22159
el camp de larpa del clot,Barri,2018,38327
el clot,Barri,2018,27050
el parc i la llacuna del poblenou,Barri,2018,15425
la vila olimpica del poblenou,Barri,2018,9312
el poblenou,Barri,2018,33986
diagonal mar i el front maritim del poblenou,Barri,2018,13644
el besos i el maresme,Barri,2018,23721
provencals del poblenou,Barri,2018,20628
sant marti de provencals,Barri,2018,26092
la verneda i la pau,Barri,2018,28814
el raval,Barri,2019,48210
el barri gotic,Barri,2019,19180
la barceloneta,Barri,2019,15173
sant pere santa caterina i la ribera,Barri,2019,23170
el fort pienc,Barri,2019,32738
la sagrada familia,Barri,2019,51917
la dreta de leixample,Barri,2019,44189
lantiga esquerra de leixample,Barri,2019,43039
la nova esquerra de leixample,Barri,2019,58668
sant antoni,Barri,2019,38622
el poble sec,Barri,2019,40440
la marina del prat vermell,Barri,2019,1199
la marina de port,Barri,2019,31087
la font de la guatlla,Barri,2019,10373
hostafrancs,Barri,2019,16155
la bordeta,Barri,2019,19443
sants badal,Barri,2019,24474
sants,Barri,2019,42310
les corts,Barri,2019,46599
la maternitat i sant ramon,Barri,2019,23992
pedralbes,Barri,2019,12000
vallvidrera el tibidabo i les planes,Barri,2019,4727
sarria,Barri,2019,25137
les tres torres,Barri,2019,16695
sant gervasi la bonanova,Barri,2019,26108
sant gervasi galvany,Barri,2019,47993
el putxet i el farro,Barri,2019,29786
vallcarca i els penitents,Barri,2019,16109
el coll,Barri,2019,7518
la salut,Barri,2019,13431
la vila de gracia,Barri,2019,50803
el camp den grassot i gracia nova,Barri,2019,35199
el baix guinardo,Barri,2019,25990
can baro,Barri,2019,9247
el guinardo,Barri,2019,37216
la font den fargues,Barri,2019,9506
el carmel,Barri,2019,32175
la teixonera,Barri,2019,11789
sant genis dels agudells,Barri,2019,7246
montbau,Barri,2019,5126
la vall dhebron,Barri,2019,5803
la clota,Barri,2019,686
horta,Barri,2019,27482
vilapicina i la torre llobeta,Barri,2019,25895
porta,Barri,2019,26557
el turo de la peira,Barri,2019,15783
can peguera,Barri,2019,2289
la guineueta,Barri,2019,15398
canyelles,Barri,2019,6884
les roquetes,Barri,2019,16229
verdun,Barri,2019,12578
la prosperitat,Barri,2019,26855
la trinitat nova,Barri,2019,7620
torre baro,Barri,2019,2931
ciutat meridiana,Barri,2019,10864
vallbona,Barri,2019,1407
la trinitat vella,Barri,2019,10337
baro de viver,Barri,2019,2604
el bon pastor,Barri,2019,13126
sant andreu,Barri,2019,57961
la sagrera,Barri,2019,29489
el congres i els indians,Barri,2019,14557
navas,Barri,2019,22279
el camp de larpa del clot,Barri,2019,38912
el clot,Barri,2019,27183
el parc i la llacuna del poblenou,Barri,2019,15713
la vila olimpica del poblenou,Barri,2019,9348
el poblenou,Barri,2019,34170
diagonal mar i el front maritim del poblenou,Barri,2019,13625
el besos i el maresme,Barri,2019,24847
provencals del poblenou,Barri,2019,21116
sant marti de provencals,Barri,2019,26168
la verneda i la pau,Barri,2019,28883
el raval,Barri,2020,48180
el barri gotic,Barri,2020,21715
la barceloneta,Barri,2020,15112
sant pere santa caterina i la ribera,Barri,2020,23241
el fort pienc,Barri,2020,33473
la sagrada familia,Barri,2020,52252
la dreta de leixample,Barri,2020,44298
lantiga esquerra de leixample,Barri,2020,43143
la nova esquerra de leixample,Barri,2020,58648
sant antoni,Barri,2020,38958
el poble sec,Barri,2020,40188
la marina del prat vermell,Barri,2020,1227
la marina de port,Barri,2020,31352
la font de la guatlla,Barri,2020,10377
hostafrancs,Barri,2020,16203
la bordeta,Barri,2020,19567
sants badal,Barri,2020,24938
sants,Barri,2020,43763
les corts,Barri,2020,46731
la maternitat i sant ramon,Barri,2020,23968
pedralbes,Barri,2020,11936
vallvidrera el tibidabo i les planes,Barri,2020,4710
sarria,Barri,2020,25242
les tres torres,Barri,2020,16644
sant gervasi la bonanova,Barri,2020,26245
sant gervasi galvany,Barri,2020,47976
el putxet i el farro,Barri,2020,30340
vallcarca i els penitents,Barri,2020,16348
el coll,Barri,2020,7617
la salut,Barri,2020,13478
la vila de gracia,Barri,2020,50926
el camp den grassot i gracia nova,Barri,2020,35483
el baix guinardo,Barri,2020,26180
can baro,Barri,2020,9331
el guinardo,Barri,2020,37584
la font den fargues,Barri,2020,9544
el carmel,Barri,2020,32512
la teixonera,Barri,2020,11927
sant genis dels agudells,Barri,2020,7390
montbau,Barri,2020,5172
la vall dhebron,Barri,2020,5886
la clota,Barri,2020,709
horta,Barri,2020,28363
vilapicina i la torre llobeta,Barri,2020,26083
porta,Barri,2020,27813
el turo de la peira,Barri,2020,16229
can peguera,Barri,2020,2274
la guineueta,Barri,2020,15420
canyelles,Barri,2020,6869
les roquetes,Barri,2020,16394
verdun,Barri,2020,12798
la prosperitat,Barri,2020,27026
la trinitat nova,Barri,2020,7669
torre baro,Barri,2020,2925
ciutat meridiana,Barri,2020,11091
vallbona,Barri,2020,1421
la trinitat vella,Barri,2020,10487
baro de viver,Barri,2020,2625
el bon pastor,Barri,2020,13652
sant andreu,Barri,2020,58508
la sagrera,Barri,2020,29608
el congres i els indians,Barri,2020,14726
navas,Barri,2020,22457
el camp de larpa del clot,Barri,2020,39136
el clot,Barri,2020,27082
el parc i la llacuna del poblenou,Barri,2020,15943
la vila olimpica del poblenou,Barri,2020,9385
el poblenou,Barri,2020,34436
diagonal mar i el front maritim del poblenou,Barri,2020,13526
el besos i el maresme,Barri,2020,25705
provencals del poblenou,Barri,2020,21319
sant marti de provencals,Barri,2020,26168
la verneda i la pau,Barri,2020,28878
el raval,Barri,2021,48688
el barri gotic,Barri,2021,22850
la barceloneta,Barri,2021,15125
sant pere santa caterina i la ribera,Barri,2021,23009
el fort pienc,Barri,2021,33445
la sagrada familia,Barri,2021,52164
la dreta de leixample,Barri,2021,44088
lantiga esquerra de leixample,Barri,2021,43046
la nova esquerra de leixample,Barri,2021,57906
sant antoni,Barri,2021,38700
el poble sec,Barri,2021,40204
la marina del prat vermell,Barri,2021,1356
la marina de port,Barri,2021,31092
la font de la guatlla,Barri,2021,10239
hostafrancs,Barri,2021,16102
la bordeta,Barri,2021,19451
sants badal,Barri,2021,24903
sants,Barri,2021,43679
les corts,Barri,2021,45943
la maternitat i sant ramon,Barri,2021,23825
pedralbes,Barri,2021,11808
vallvidrera el tibidabo i les planes,Barri,2021,4760
sarria,Barri,2021,24769
les tres torres,Barri,2021,16356
sant gervasi la bonanova,Barri,2021,25984
sant gervasi galvany,Barri,2021,47346
el putxet i el farro,Barri,2021,29986
vallcarca i els penitents,Barri,2021,16325
el coll,Barri,2021,7688
la salut,Barri,2021,13455
la vila de gracia,Barri,2021,50456
el camp den grassot i gracia nova,Barri,2021,35352
el baix guinardo,Barri,2021,25842
can baro,Barri,2021,9320
el guinardo,Barri,2021,37325
la font den fargues,Barri,2021,9505
el carmel,Barri,2021,32724
la teixonera,Barri,2021,12044
sant genis dels agudells,Barri,2021,7385
montbau,Barri,2021,5114
la vall dhebron,Barri,2021,5932
la clota,Barri,2021,698
horta,Barri,2021,28055
vilapicina i la torre llobeta,Barri,2021,25875
porta,Barri,2021,27796
el turo de la peira,Barri,2021,16186
can peguera,Barri,2021,2215
la guineueta,Barri,2021,15267
canyelles,Barri,2021,6813
les roquetes,Barri,2021,16563
verdun,Barri,2021,12865
la prosperitat,Barri,2021,26868
la trinitat nova,Barri,2021,7628
torre baro,Barri,2021,2923
ciutat meridiana,Barri,2021,11152
vallbona,Barri,2021,1401
la trinitat vella,Barri,2021,10513
baro de viver,Barri,2021,2653
el bon pastor,Barri,2021,13730
sant andreu,Barri,2021,58225
la sagrera,Barri,2021,29568
el congres i els indians,Barri,2021,14549
navas,Barri,2021,22299
el camp de larpa del clot,Barri,2021,38838
el clot,Barri,2021,26759
el parc i la llacuna del poblenou,Barri,2021,15914
la vila olimpica del poblenou,Barri,2021,9395
el poblenou,Barri,2021,34411
diagonal mar i el front maritim del poblenou,Barri,2021,13536
el besos i el maresme,Barri,2021,26116
provencals del poblenou,Barri,2021,21185
sant marti de provencals,Barri,2021,26229
la verneda i la pau,Barri,2021,28798
el raval,Barri,2022,46520
el barri gotic,Barri,2022,22748
la barceloneta,Barri,2022,14342
sant pere santa caterina i la ribera,Barri,2022,22418
el fort pienc,Barri,2022,33445
la sagrada familia,Barri,2022,51402
la dreta de leixample,Barri,2022,44156
lantiga esquerra de leixample,Barri,2022,42365
la nova esquerra de leixample,Barri,2022,57314
sant antoni,Barri,2022,38175
el poble sec,Barri,2022,39143
la marina del prat vermell,Barri,2022,1517
la marina de port,Barri,2022,30428
la font de la guatlla,Barri,2022,10359
hostafrancs,Barri,2022,15859
la bordeta,Barri,2022,19227
sants badal,Barri,2022,24208
sants,Barri,2022,43029
les corts,Barri,2022,45660
la maternitat i sant ramon,Barri,2022,23684
pedralbes,Barri,2022,11730
vallvidrera el tibidabo i les planes,Barri,2022,4805
sarria,Barri,2022,24632
les tres torres,Barri,2022,16108
sant gervasi la bonanova,Barri,2022,25692
sant gervasi galvany,Barri,2022,47181
el putxet i el farro,Barri,2022,29783
vallcarca i els penitents,Barri,2022,16082
el coll,Barri,2022,7611
la salut,Barri,2022,13337
la vila de gracia,Barri,2022,49852
el camp den grassot i gracia nova,Barri,2022,35033
el baix guinardo,Barri,2022,25591
can baro,Barri,2022,9271
el guinardo,Barri,2022,36994
la font den fargues,Barri,2022,9527
el carmel,Barri,2022,32119
la teixonera,Barri,2022,11918
sant genis dels agudells,Barri,2022,7262
montbau,Barri,2022,5014
la vall dhebron,Barri,2022,5869
la clota,Barri,2022,669
horta,Barri,2022,27875
vilapicina i la torre llobeta,Barri,2022,25667
porta,Barri,2022,27397
el turo de la peira,Barri,2022,16025
can peguera,Barri,2022,2187
la guineueta,Barri,2022,15056
canyelles,Barri,2022,6787
les roquetes,Barri,2022,16156
verdun,Barri,2022,12558
la prosperitat,Barri,2022,26346
la trinitat nova,Barri,2022,7421
torre baro,Barri,2022,2908
ciutat meridiana,Barri,2022,10808
vallbona,Barri,2022,1420
la trinitat vella,Barri,2022,10358
baro de viver,Barri,2022,2603
el bon pastor,Barri,2022,13553
sant andreu,Barri,2022,57605
la sagrera,Barri,2022,29441
el congres i els indians,Barri,2022,14319
navas,Barri,2022,21947
el camp de larpa del clot,Barri,2022,38207
el clot,Barri,2022,26380
el parc i la llacuna del poblenou,Barri,2022,15961
la vila olimpica del poblenou,Barri,2022,9376
el poblenou,Barri,2022,34103
diagonal mar i el front maritim del poblenou,Barri,2022,13391
el besos i el maresme,Barri,2022,26349
provencals del poblenou,Barri,2022,21092
sant marti de provencals,Barri,2022,25852
la verneda i la pau,Barri,2022,28754
el raval,Barri,2023,45671
el barri gotic,Barri,2023,24460
la barceloneta,Barri,2023,14274
sant pere santa caterina i la ribera,Barri,2023,22041
el fort pienc,Barri,2023,34403
la sagrada familia,Barri,2023,51712
la dreta de leixample,Barri,2023,44105
lantiga esquerra de leixample,Barri,2023,42751
la nova esquerra de leixample,Barri,2023,57584
sant antoni,Barri,2023,38269
el poble sec,Barri,2023,38778
la marina del prat vermell,Barri,2023,1678
la marina de port,Barri,2023,30437
la font de la guatlla,Barri,2023,10499
hostafrancs,Barri,2023,15969
la bordeta,Barri,2023,19728
sants badal,Barri,2023,24366
sants,Barri,2023,44508
les corts,Barri,2023,45965
la maternitat i sant ramon,Barri,2023,24059
pedralbes,Barri,2023,12130
vallvidrera el tibidabo i les planes,Barri,2023,4831
sarria,Barri,2023,24858
les tres torres,Barri,2023,16276
sant gervasi la bonanova,Barri,2023,26135
sant gervasi galvany,Barri,2023,47674
el putxet i el farro,Barri,2023,30030
vallcarca i els penitents,Barri,2023,16330
el coll,Barri,2023,7740
la salut,Barri,2023,13491
la vila de gracia,Barri,2023,50048
el camp den grassot i gracia nova,Barri,2023,35319
el baix guinardo,Barri,2023,25719
can baro,Barri,2023,9421
el guinardo,Barri,2023,37575
la font den fargues,Barri,2023,9709
el carmel,Barri,2023,32512
la teixonera,Barri,2023,12087
sant genis dels agudells,Barri,2023,7385
montbau,Barri,2023,5174
la vall dhebron,Barri,2023,5874
la clota,Barri,2023,699
horta,Barri,2023,29395
vilapicina i la torre llobeta,Barri,2023,25919
porta,Barri,2023,28978
el turo de la peira,Barri,2023,16295
can peguera,Barri,2023,2170
la guineueta,Barri,2023,15265
canyelles,Barri,2023,6786
les roquetes,Barri,2023,16523
verdun,Barri,2023,12774
la prosperitat,Barri,2023,26664
la trinitat nova,Barri,2023,7624
torre baro,Barri,2023,2939
ciutat meridiana,Barri,2023,10857
vallbona,Barri,2023,1421
la trinitat vella,Barri,2023,10286
baro de viver,Barri,2023,2582
el bon pastor,Barri,2023,14434
sant andreu,Barri,2023,57902
la sagrera,Barri,2023,29908
el congres i els indians,Barri,2023,14623
navas,Barri,2023,22064
el camp de larpa del clot,Barri,2023,38343
el clot,Barri,2023,26470
el parc i la llacuna del poblenou,Barri,2023,16413
la vila olimpica del poblenou,Barri,2023,9338
el poblenou,Barri,2023,34151
diagonal mar i el front maritim del poblenou,Barri,2023,13453
el besos i el maresme,Barri,2023,27892
provencals del poblenou,Barri,2023,21273
sant marti de provencals,Barri,2023,26169
la verneda i la pau,Barri,2023,29250
el raval,Barri,2024,46934
el barri gotic,Barri,2024,27222
la barceloneta,Barri,2024,14526
sant pere santa caterina i la ribera,Barri,2024,22473
el fort pienc,Barri,2024,36119
la sagrada familia,Barri,2024,52825
la dreta de leixample,Barri,2024,44887
lantiga esquerra de leixample,Barri,2024,43808
la nova esquerra de leixample,Barri,2024,58299
sant antoni,Barri,2024,38698
el poble sec,Barri,2024,39177
la marina del prat vermell,Barri,2024,1977
la marina de port,Barri,2024,30960
la font de la guatlla,Barri,2024,10699
hostafrancs,Barri,2024,16192
la bordeta,Barri,2024,20392
sants badal,Barri,2024,24931
sants,Barri,2024,47063
les corts,Barri,2024,46740
la maternitat i sant ramon,Barri,2024,24313
pedralbes,Barri,2024,12498
vallvidrera el tibidabo i les planes,Barri,2024,4901
sarria,Barri,2024,25113
les tres torres,Barri,2024,16393
sant gervasi la bonanova,Barri,2024,26750
sant gervasi galvany,Barri,2024,48398
el putxet i el farro,Barri,2024,30335
vallcarca i els penitents,Barri,2024,16678
el coll,Barri,2024,7943
la salut,Barri,2024,13679
la vila de gracia,Barri,2024,51075
el camp den grassot i gracia nova,Barri,2024,36412
el baix guinardo,Barri,2024,26280
can baro,Barri,2024,9525
el guinardo,Barri,2024,38153
la font den fargues,Barri,2024,9837
el carmel,Barri,2024,33037
la teixonera,Barri,2024,12433
sant genis dels agudells,Barri,2024,7766
montbau,Barri,2024,5286
la vall dhebron,Barri,2024,5889
la clota,Barri,2024,841
horta,Barri,2024,31091
vilapicina i la torre llobeta,Barri,2024,26293
porta,Barri,2024,31329
el turo de la peira,Barri,2024,16820
can peguera,Barri,2024,2180
la guineueta,Barri,2024,15373
canyelles,Barri,2024,6797
les roquetes,Barri,2024,16941
verdun,Barri,2024,13194
la prosperitat,Barri,2024,27291
la trinitat nova,Barri,2024,7726
torre baro,Barri,2024,3119
ciutat meridiana,Barri,2024,11090
vallbona,Barri,2024,1437
la trinitat vella,Barri,2024,10661
baro de viver,Barri,2024,2612
el bon pastor,Barri,2024,15798
sant andreu,Barri,2024,58651
la sagrera,Barri,2024,30392
el congres i els indians,Barri,2024,14945
navas,Barri,2024,22411
el camp de larpa del clot,Barri,2024,39060
el clot,Barri,2024,26767
el parc i la llacuna del poblenou,Barri,2024,17039
la vila olimpica del poblenou,Barri,2024,9366
el poblenou,Barri,2024,34563
diagonal mar i el front maritim del poblenou,Barri,2024,13494
el besos i el maresme,Barri,2024,30485
provencals del poblenou,Barri,2024,21512
sant marti de provencals,Barri,2024,26575
la verneda i la pau,Barri,2024,30345
el raval,Barri,2025,49917
el barri gotic,Barri,2025,27878
la barceloneta,Barri,2025,14749
sant pere santa caterina i la ribera,Barri,2025,22767
el fort pienc,Barri,2025,36621
la sagrada familia,Barri,2025,53555
la dreta de leixample,Barri,2025,45667
lantiga esquerra de leixample,Barri,2025,44021
la nova esquerra de leixample,Barri,2025,59122
sant antoni,Barri,2025,39223
el poble sec,Barri,2025,40300
la marina del prat vermell,Barri,2025,2876
la marina de port,Barri,2025,31647
la font de la guatlla,Barri,2025,10860
hostafrancs,Barri,2025,16798
la bordeta,Barri,2025,21242
sants badal,Barri,2025,25338
sants,Barri,2025,47239
les corts,Barri,2025,47057
la maternitat i sant ramon,Barri,2025,24687
pedralbes,Barri,2025,12649
vallvidrera el tibidabo i les planes,Barri,2025,4962
sarria,Barri,2025,25282
les tres torres,Barri,2025,16376
sant gervasi la bonanova,Barri,2025,26836
sant gervasi galvany,Barri,2025,49461
el putxet i el farro,Barri,2025,30756
vallcarca i els penitents,Barri,2025,16919
el coll,Barri,2025,8091
la salut,Barri,2025,14017
la vila de gracia,Barri,2025,51833
el camp den grassot i gracia nova,Barri,2025,36743
el baix guinardo,Barri,2025,26536
can baro,Barri,2025,9672
el guinardo,Barri,2025,39061
la font den fargues,Barri,2025,9952
el carmel,Barri,2025,33694
la teixonera,Barri,2025,12605
sant genis dels agudells,Barri,2025,7826
montbau,Barri,2025,5343
la vall dhebron,Barri,2025,5990
la clota,Barri,2025,1071
horta,Barri,2025,31259
vilapicina i la torre llobeta,Barri,2025,26547
porta,Barri,2025,31363
el turo de la peira,Barri,2025,17456
can peguera,Barri,2025,2170
la guineueta,Barri,2025,15656
canyelles,Barri,2025,6817
les roquetes,Barri,2025,17321
verdun,Barri,2025,13511
la prosperitat,Barri,2025,27922
la trinitat nova,Barri,2025,7965
torre baro,Barri,2025,3224
ciutat meridiana,Barri,2025,11351
vallbona,Barri,2025,1452
la trinitat vella,Barri,2025,11160
baro de viver,Barri,2025,2678
el bon pastor,Barri,2025,15918
sant andreu,Barri,2025,58988
la sagrera,Barri,2025,30965
el congres i els indians,Barri,2025,15175
navas,Barri,2025,22790
el camp de larpa del clot,Barri,2025,39804
el clot,Barri,2025,27103
el parc i la llacuna del poblenou,Barri,2025,17603
la vila olimpica del poblenou,Barri,2025,9345
el poblenou,Barri,2025,34818
diagonal mar i el front maritim del poblenou,Barri,2025,13691
el besos i el maresme,Barri,2025,30724
provencals del poblenou,Barri,2025,21902
sant marti de provencals,Barri,2025,26976
la verneda i la pau,Barri,2025,31173
