territori,tipus_de_territori,any,superficie_mitja
el raval,Barri,2000,
el barri gotic,Barri,2000,
la barceloneta,Barri,2000,
sant pere santa caterina i la ribera,Barri,2000,
el fort pienc,Barri,2000,
la sagrada familia,Barri,2000,
la dreta de leixample,Barri,2000,
lantiga esquerra de leixample,Barri,2000,
la nova esquerra de leixample,Barri,2000,
sant antoni,Barri,2000,
el poble sec,Barri,2000,
la marina del prat vermell,Barri,2000,
la marina de port,Barri,2000,
la font de la guatlla,Barri,2000,
hostafrancs,Barri,2000,
la bordeta,Barri,2000,
sants badal,Barri,2000,
sants,Barri,2000,
les corts,Barri,2000,
la maternitat i sant ramon,Barri,2000,
pedralbes,Barri,2000,
vallvidrera el tibidabo i les planes,Barri,2000,
sarria,Barri,2000,
les tres torres,Barri,2000,
sant gervasi la bonanova,Barri,2000,
sant gervasi galvany,Barri,2000,
el putxet i el farro,Barri,2000,
vallcarca i els penitents,Barri,2000,
el coll,Barri,2000,
la salut,Barri,2000,
la vila de gracia,Barri,2000,
el camp den grassot i gracia nova,Barri,2000,
el baix guinardo,Barri,2000,
can baro,Barri,2000,
el guinardo,Barri,2000,
la font den fargues,Barri,2000,
el carmel,Barri,2000,
la teixonera,Barri,2000,
sant genis dels agudells,Barri,2000,
montbau,Barri,2000,
la vall dhebron,Barri,2000,
la clota,Barri,2000,
horta,Barri,2000,
vilapicina i la torre llobeta,Barri,2000,
porta,Barri,2000,
el turo de la peira,Barri,2000,
can peguera,Barri,2000,
la guineueta,Barri,2000,
canyelles,Barri,2000,
les roquetes,Barri,2000,
verdun,Barri,2000,
la prosperitat,Barri,2000,
la trinitat nova,Barri,2000,
torre baro,Barri,2000,
ciutat meridiana,Barri,2000,
vallbona,Barri,2000,
la trinitat vella,Barri,2000,
baro de viver,Barri,2000,
el bon pastor,Barri,2000,
sant andreu,Barri,2000,
la sagrera,Barri,2000,
el congres i els indians,Barri,2000,
navas,Barri,2000,
el camp de larpa del clot,Barri,2000,
el clot,Barri,2000,
el parc i la llacuna del poblenou,Barri,2000,
la vila olimpica del poblenou,Barri,2000,
el poblenou,Barri,2000,
diagonal mar i el front maritim del poblenou,Barri,2000,
el besos i el maresme,Barri,2000,
provencals del poblenou,Barri,2000,
sant marti de provencals,Barri,2000,
la verneda i la pau,Barri,2000,
el raval,Barri,2001,
el barri gotic,Barri,2001,
la barceloneta,Barri,2001,
sant pere santa caterina i la ribera,Barri,2001,
el fort pienc,Barri,2001,
la sagrada familia,Barri,2001,
la dreta de leixample,Barri,2001,
lantiga esquerra de leixample,Barri,2001,
la nova esquerra de leixample,Barri,2001,
sant antoni,Barri,2001,
el poble sec,Barri,2001,
la marina del prat vermell,Barri,2001,
la marina de port,Barri,2001,
la font de la guatlla,Barri,2001,
hostafrancs,Barri,2001,
la bordeta,Barri,2001,
sants badal,Barri,2001,
sants,Barri,2001,
les corts,Barri,2001,
la maternitat i sant ramon,Barri,2001,
pedralbes,Barri,2001,
vallvidrera el tibidabo i les planes,Barri,2001,
sarria,Barri,2001,
les tres torres,Barri,2001,
sant gervasi la bonanova,Barri,2001,
sant gervasi galvany,Barri,2001,
el putxet i el farro,Barri,2001,
vallcarca i els penitents,Barri,2001,
el coll,Barri,2001,
la salut,Barri,2001,
la vila de gracia,Barri,2001,
el camp den grassot i gracia nova,Barri,2001,
el baix guinardo,Barri,2001,
can baro,Barri,2001,
el guinardo,Barri,2001,
la font den fargues,Barri,2001,
el carmel,Barri,2001,
la teixonera,Barri,2001,
sant genis dels agudells,Barri,2001,
montbau,Barri,2001,
la vall dhebron,Barri,2001,
la clota,Barri,2001,
horta,Barri,2001,
vilapicina i la torre llobeta,Barri,2001,
porta,Barri,2001,
el turo de la peira,Barri,2001,
can peguera,Barri,2001,
la guineueta,Barri,2001,
canyelles,Barri,2001,
les roquetes,Barri,2001,
verdun,Barri,2001,
la prosperitat,Barri,2001,
la trinitat nova,Barri,2001,
torre baro,Barri,2001,
ciutat meridiana,Barri,2001,
vallbona,Barri,2001,
la trinitat vella,Barri,2001,
baro de viver,Barri,2001,
el bon pastor,Barri,2001,
sant andreu,Barri,2001,
la sagrera,Barri,2001,
el congres i els indians,Barri,2001,
navas,Barri,2001,
el camp de larpa del clot,Barri,2001,
el clot,Barri,2001,
el parc i la llacuna del poblenou,Barri,2001,
la vila olimpica del poblenou,Barri,2001,
el poblenou,Barri,2001,
diagonal mar i el front maritim del poblenou,Barri,2001,
el besos i el maresme,Barri,2001,
provencals del poblenou,Barri,2001,
sant marti de provencals,Barri,2001,
la verneda i la pau,Barri,2001,
el raval,Barri,2002,
el barri gotic,Barri,2002,
la barceloneta,Barri,2002,
sant pere santa caterina i la ribera,Barri,2002,
el fort pienc,Barri,2002,
la sagrada familia,Barri,2002,
la dreta de leixample,Barri,2002,
lantiga esquerra de leixample,Barri,2002,
la nova esquerra de leixample,Barri,2002,
sant antoni,Barri,2002,
el poble sec,Barri,2002,
la marina del prat vermell,Barri,2002,
la marina de port,Barri,2002,
la font de la guatlla,Barri,2002,
hostafrancs,Barri,2002,
la bordeta,Barri,2002,
sants badal,Barri,2002,
sants,Barri,2002,
les corts,Barri,2002,
la maternitat i sant ramon,Barri,2002,
pedralbes,Barri,2002,
vallvidrera el tibidabo i les planes,Barri,2002,
sarria,Barri,2002,
les tres torres,Barri,2002,
sant gervasi la bonanova,Barri,2002,
sant gervasi galvany,Barri,2002,
el putxet i el farro,Barri,2002,
vallcarca i els penitents,Barri,2002,
el coll,Barri,2002,
la salut,Barri,2002,
la vila de gracia,Barri,2002,
el camp den grassot i gracia nova,Barri,2002,
el baix guinardo,Barri,2002,
can baro,Barri,2002,
el guinardo,Barri,2002,
la font den fargues,Barri,2002,
el carmel,Barri,2002,
la teixonera,Barri,2002,
sant genis dels agudells,Barri,2002,
montbau,Barri,2002,
la vall dhebron,Barri,2002,
la clota,Barri,2002,
horta,Barri,2002,
vilapicina i la torre llobeta,Barri,2002,
porta,Barri,2002,
el turo de la peira,Barri,2002,
can peguera,Barri,2002,
la guineueta,Barri,2002,
canyelles,Barri,2002,
les roquetes,Barri,2002,
verdun,Barri,2002,
la prosperitat,Barri,2002,
la trinitat nova,Barri,2002,
torre baro,Barri,2002,
ciutat meridiana,Barri,2002,
vallbona,Barri,2002,
la trinitat vella,Barri,2002,
baro de viver,Barri,2002,
el bon pastor,Barri,2002,
sant andreu,Barri,2002,
la sagrera,Barri,2002,
el congres i els indians,Barri,2002,
navas,Barri,2002,
el camp de larpa del clot,Barri,2002,
el clot,Barri,2002,
el parc i la llacuna del poblenou,Barri,2002,
la vila olimpica del poblenou,Barri,2002,
el poblenou,Barri,2002,
diagonal mar i el front maritim del poblenou,Barri,2002,
el besos i el maresme,Barri,2002,
provencals del poblenou,Barri,2002,
sant marti de provencals,Barri,2002,
la verneda i la pau,Barri,2002,
el raval,Barri,2003,
el barri gotic,Barri,2003,
la barceloneta,Barri,2003,
sant pere santa caterina i la ribera,Barri,2003,
el fort pienc,Barri,2003,
la sagrada familia,Barri,2003,
la dreta de leixample,Barri,2003,
lantiga esquerra de leixample,Barri,2003,
la nova esquerra de leixample,Barri,2003,
sant antoni,Barri,2003,
el poble sec,Barri,2003,
la marina del prat vermell,Barri,2003,
la marina de port,Barri,2003,
la font de la guatlla,Barri,2003,
hostafrancs,Barri,2003,
la bordeta,Barri,2003,
sants badal,Barri,2003,
sants,Barri,2003,
les corts,Barri,2003,
la maternitat i sant ramon,Barri,2003,
pedralbes,Barri,2003,
vallvidrera el tibidabo i les planes,Barri,2003,
sarria,Barri,2003,
les tres torres,Barri,2003,
sant gervasi la bonanova,Barri,2003,
sant gervasi galvany,Barri,2003,
el putxet i el farro,Barri,2003,
vallcarca i els penitents,Barri,2003,
el coll,Barri,2003,
la salut,Barri,2003,
la vila de gracia,Barri,2003,
el camp den grassot i gracia nova,Barri,2003,
el baix guinardo,Barri,2003,
can baro,Barri,2003,
el guinardo,Barri,2003,
la font den fargues,Barri,2003,
el carmel,Barri,2003,
la teixonera,Barri,2003,
sant genis dels agudells,Barri,2003,
montbau,Barri,2003,
la vall dhebron,Barri,2003,
la clota,Barri,2003,
horta,Barri,2003,
vilapicina i la torre llobeta,Barri,2003,
porta,Barri,2003,
el turo de la peira,Barri,2003,
can peguera,Barri,2003,
la guineueta,Barri,2003,
canyelles,Barri,2003,
les roquetes,Barri,2003,
verdun,Barri,2003,
la prosperitat,Barri,2003,
la trinitat nova,Barri,2003,
torre baro,Barri,2003,
ciutat meridiana,Barri,2003,
vallbona,Barri,2003,
la trinitat vella,Barri,2003,
baro de viver,Barri,2003,
el bon pastor,Barri,2003,
sant andreu,Barri,2003,
la sagrera,Barri,2003,
el congres i els indians,Barri,2003,
navas,Barri,2003,
el camp de larpa del clot,Barri,2003,
el clot,Barri,2003,
el parc i la llacuna del poblenou,Barri,2003,
la vila olimpica del poblenou,Barri,2003,
el poblenou,Barri,2003,
diagonal mar i el front maritim del poblenou,Barri,2003,
el besos i el maresme,Barri,2003,
provencals del poblenou,Barri,2003,
sant marti de provencals,Barri,2003,
la verneda i la pau,Barri,2003,
el raval,Barri,2004,
el barri gotic,Barri,2004,
la barceloneta,Barri,2004,
sant pere santa caterina i la ribera,Barri,2004,
el fort pienc,Barri,2004,
la sagrada familia,Barri,2004,
la dreta de leixample,Barri,2004,
lantiga esquerra de leixample,Barri,2004,
la nova esquerra de leixample,Barri,2004,
sant antoni,Barri,2004,
el poble sec,Barri,2004,
la marina del prat vermell,Barri,2004,
la marina de port,Barri,2004,
la font de la guatlla,Barri,2004,
hostafrancs,Barri,2004,
la bordeta,Barri,2004,
sants badal,Barri,2004,
sants,Barri,2004,
les corts,Barri,2004,
la maternitat i sant ramon,Barri,2004,
pedralbes,Barri,2004,
vallvidrera el tibidabo i les planes,Barri,2004,
sarria,Barri,2004,
les tres torres,Barri,2004,
sant gervasi la bonanova,Barri,2004,
sant gervasi galvany,Barri,2004,
el putxet i el farro,Barri,2004,
vallcarca i els penitents,Barri,2004,
el coll,Barri,2004,
la salut,Barri,2004,
la vila de gracia,Barri,2004,
el camp den grassot i gracia nova,Barri,2004,
el baix guinardo,Barri,2004,
can baro,Barri,2004,
el guinardo,Barri,2004,
la font den fargues,Barri,2004,
el carmel,Barri,2004,
la teixonera,Barri,2004,
sant genis dels agudells,Barri,2004,
montbau,Barri,2004,
la vall dhebron,Barri,2004,
la clota,Barri,2004,
horta,Barri,2004,
vilapicina i la torre llobeta,Barri,2004,
porta,Barri,2004,
el turo de la peira,Barri,2004,
can peguera,Barri,2004,
la guineueta,Barri,2004,
canyelles,Barri,2004,
les roquetes,Barri,2004,
verdun,Barri,2004,
la prosperitat,Barri,2004,
la trinitat nova,Barri,2004,
torre baro,Barri,2004,
ciutat meridiana,Barri,2004,
vallbona,Barri,2004,
la trinitat vella,Barri,2004,
baro de viver,Barri,2004,
el bon pastor,Barri,2004,
sant andreu,Barri,2004,
la sagrera,Barri,2004,
el congres i els indians,Barri,2004,
navas,Barri,2004,
el camp de larpa del clot,Barri,2004,
el clot,Barri,2004,
el parc i la llacuna del poblenou,Barri,2004,
la vila olimpica del poblenou,Barri,2004,
el poblenou,Barri,2004,
diagonal mar i el front maritim del poblenou,Barri,2004,
el besos i el maresme,Barri,2004,
provencals del poblenou,Barri,2004,
sant marti de provencals,Barri,2004,
la verneda i la pau,Barri,2004,
el raval,Barri,2005,
el barri gotic,Barri,2005,
la barceloneta,Barri,2005,
sant pere santa caterina i la ribera,Barri,2005,
el fort pienc,Barri,2005,
la sagrada familia,Barri,2005,
la dreta de leixample,Barri,2005,
lantiga esquerra de leixample,Barri,2005,
la nova esquerra de leixample,Barri,2005,
sant antoni,Barri,2005,
el poble sec,Barri,2005,
la marina del prat vermell,Barri,2005,
la marina de port,Barri,2005,
la font de la guatlla,Barri,2005,
hostafrancs,Barri,2005,
la bordeta,Barri,2005,
sants badal,Barri,2005,
sants,Barri,2005,
les corts,Barri,2005,
la maternitat i sant ramon,Barri,2005,
pedralbes,Barri,2005,
vallvidrera el tibidabo i les planes,Barri,2005,
sarria,Barri,2005,
les tres torres,Barri,2005,
sant gervasi la bonanova,Barri,2005,
sant gervasi galvany,Barri,2005,
el putxet i el farro,Barri,2005,
vallcarca i els penitents,Barri,2005,
el coll,Barri,2005,
la salut,Barri,2005,
la vila de gracia,Barri,2005,
el camp den grassot i gracia nova,Barri,2005,
el baix guinardo,Barri,2005,
can baro,Barri,2005,
el guinardo,Barri,2005,
la font den fargues,Barri,2005,
el carmel,Barri,2005,
la teixonera,Barri,2005,
sant genis dels agudells,Barri,2005,
montbau,Barri,2005,
la vall dhebron,Barri,2005,
la clota,Barri,2005,
horta,Barri,2005,
vilapicina i la torre llobeta,Barri,2005,
porta,Barri,2005,
el turo de la peira,Barri,2005,
can peguera,Barri,2005,
la guineueta,Barri,2005,
canyelles,Barri,2005,
les roquetes,Barri,2005,
verdun,Barri,2005,
la prosperitat,Barri,2005,
la trinitat nova,Barri,2005,
torre baro,Barri,2005,
ciutat meridiana,Barri,2005,
vallbona,Barri,2005,
la trinitat vella,Barri,2005,
baro de viver,Barri,2005,
el bon pastor,Barri,2005,
sant andreu,Barri,2005,
la sagrera,Barri,2005,
el congres i els indians,Barri,2005,
navas,Barri,2005,
el camp de larpa del clot,Barri,2005,
el clot,Barri,2005,
el parc i la llacuna del poblenou,Barri,2005,
la vila olimpica del poblenou,Barri,2005,
el poblenou,Barri,2005,
diagonal mar i el front maritim del poblenou,Barri,2005,
el besos i el maresme,Barri,2005,
provencals del poblenou,Barri,2005,
sant marti de provencals,Barri,2005,
la verneda i la pau,Barri,2005,
el raval,Barri,2006,
el barri gotic,Barri,2006,
la barceloneta,Barri,2006,
sant pere santa caterina i la ribera,Barri,2006,
el fort pienc,Barri,2006,
la sagrada familia,Barri,2006,
la dreta de leixample,Barri,2006,
lantiga esquerra de leixample,Barri,2006,
la nova esquerra de leixample,Barri,2006,
sant antoni,Barri,2006,
el poble sec,Barri,2006,
la marina del prat vermell,Barri,2006,
la marina de port,Barri,2006,
la font de la guatlla,Barri,2006,
hostafrancs,Barri,2006,
la bordeta,Barri,2006,
sants badal,Barri,2006,
sants,Barri,2006,
les corts,Barri,2006,
la maternitat i sant ramon,Barri,2006,
pedralbes,Barri,2006,
vallvidrera el tibidabo i les planes,Barri,2006,
sarria,Barri,2006,
les tres torres,Barri,2006,
sant gervasi la bonanova,Barri,2006,
sant gervasi galvany,Barri,2006,
el putxet i el farro,Barri,2006,
vallcarca i els penitents,Barri,2006,
el coll,Barri,2006,
la salut,Barri,2006,
la vila de gracia,Barri,2006,
el camp den grassot i gracia nova,Barri,2006,
el baix guinardo,Barri,2006,
can baro,Barri,2006,
el guinardo,Barri,2006,
la font den fargues,Barri,2006,
el carmel,Barri,2006,
la teixonera,Barri,2006,
sant genis dels agudells,Barri,2006,
montbau,Barri,2006,
la vall dhebron,Barri,2006,
la clota,Barri,2006,
horta,Barri,2006,
vilapicina i la torre llobeta,Barri,2006,
porta,Barri,2006,
el turo de la peira,Barri,2006,
can peguera,Barri,2006,
la guineueta,Barri,2006,
canyelles,Barri,2006,
les roquetes,Barri,2006,
verdun,Barri,2006,
la prosperitat,Barri,2006,
la trinitat nova,Barri,2006,
torre baro,Barri,2006,
ciutat meridiana,Barri,2006,
vallbona,Barri,2006,
la trinitat vella,Barri,2006,
baro de viver,Barri,2006,
el bon pastor,Barri,2006,
sant andreu,Barri,2006,
la sagrera,Barri,2006,
el congres i els indians,Barri,2006,
navas,Barri,2006,
el camp de larpa del clot,Barri,2006,
el clot,Barri,2006,
el parc i la llacuna del poblenou,Barri,2006,
la vila olimpica del poblenou,Barri,2006,
el poblenou,Barri,2006,
diagonal mar i el front maritim del poblenou,Barri,2006,
el besos i el maresme,Barri,2006,
provencals del poblenou,Barri,2006,
sant marti de provencals,Barri,2006,
la verneda i la pau,Barri,2006,
el raval,Barri,2007,
el barri gotic,Barri,2007,
la barceloneta,Barri,2007,
sant pere santa caterina i la ribera,Barri,2007,
el fort pienc,Barri,2007,
la sagrada familia,Barri,2007,
la dreta de leixample,Barri,2007,
lantiga esquerra de leixample,Barri,2007,
la nova esquerra de leixample,Barri,2007,
sant antoni,Barri,2007,
el poble sec,Barri,2007,
la marina del prat vermell,Barri,2007,
la marina de port,Barri,2007,
la font de la guatlla,Barri,2007,
hostafrancs,Barri,2007,
la bordeta,Barri,2007,
sants badal,Barri,2007,
sants,Barri,2007,
les corts,Barri,2007,
la maternitat i sant ramon,Barri,2007,
pedralbes,Barri,2007,
vallvidrera el tibidabo i les planes,Barri,2007,
sarria,Barri,2007,
les tres torres,Barri,2007,
sant gervasi la bonanova,Barri,2007,
sant gervasi galvany,Barri,2007,
el putxet i el farro,Barri,2007,
vallcarca i els penitents,Barri,2007,
el coll,Barri,2007,
la salut,Barri,2007,
la vila de gracia,Barri,2007,
el camp den grassot i gracia nova,Barri,2007,
el baix guinardo,Barri,2007,
can baro,Barri,2007,
el guinardo,Barri,2007,
la font den fargues,Barri,2007,
el carmel,Barri,2007,
la teixonera,Barri,2007,
sant genis dels agudells,Barri,2007,
montbau,Barri,2007,
la vall dhebron,Barri,2007,
la clota,Barri,2007,
horta,Barri,2007,
vilapicina i la torre llobeta,Barri,2007,
porta,Barri,2007,
el turo de la peira,Barri,2007,
can peguera,Barri,2007,
la guineueta,Barri,2007,
canyelles,Barri,2007,
les roquetes,Barri,2007,
verdun,Barri,2007,
la prosperitat,Barri,2007,
la trinitat nova,Barri,2007,
torre baro,Barri,2007,
ciutat meridiana,Barri,2007,
vallbona,Barri,2007,
la trinitat vella,Barri,2007,
baro de viver,Barri,2007,
el bon pastor,Barri,2007,
sant andreu,Barri,2007,
la sagrera,Barri,2007,
el congres i els indians,Barri,2007,
navas,Barri,2007,
el camp de larpa del clot,Barri,2007,
el clot,Barri,2007,
el parc i la llacuna del poblenou,Barri,2007,
la vila olimpica del poblenou,Barri,2007,
el poblenou,Barri,2007,
diagonal mar i el front maritim del poblenou,Barri,2007,
el besos i el maresme,Barri,2007,
provencals del poblenou,Barri,2007,
sant marti de provencals,Barri,2007,
la verneda i la pau,Barri,2007,
el raval,Barri,2008,
el barri gotic,Barri,2008,
la barceloneta,Barri,2008,
sant pere santa caterina i la ribera,Barri,2008,
el fort pienc,Barri,2008,
la sagrada familia,Barri,2008,
la dreta de leixample,Barri,2008,
lantiga esquerra de leixample,Barri,2008,
la nova esquerra de leixample,Barri,2008,
sant antoni,Barri,2008,
el poble sec,Barri,2008,
la marina del prat vermell,Barri,2008,
la marina de port,Barri,2008,
la font de la guatlla,Barri,2008,
hostafrancs,Barri,2008,
la bordeta,Barri,2008,
sants badal,Barri,2008,
sants,Barri,2008,
les corts,Barri,2008,
la maternitat i sant ramon,Barri,2008,
pedralbes,Barri,2008,
vallvidrera el tibidabo i les planes,Barri,2008,
sarria,Barri,2008,
les tres torres,Barri,2008,
sant gervasi la bonanova,Barri,2008,
sant gervasi galvany,Barri,2008,
el putxet i el farro,Barri,2008,
vallcarca i els penitents,Barri,2008,
el coll,Barri,2008,
la salut,Barri,2008,
la vila de gracia,Barri,2008,
el camp den grassot i gracia nova,Barri,2008,
el baix guinardo,Barri,2008,
can baro,Barri,2008,
el guinardo,Barri,2008,
la font den fargues,Barri,2008,
el carmel,Barri,2008,
la teixonera,Barri,2008,
sant genis dels agudells,Barri,2008,
montbau,Barri,2008,
la vall dhebron,Barri,2008,
la clota,Barri,2008,
horta,Barri,2008,
vilapicina i la torre llobeta,Barri,2008,
porta,Barri,2008,
el turo de la peira,Barri,2008,
can peguera,Barri,2008,
la guineueta,Barri,2008,
canyelles,Barri,2008,
les roquetes,Barri,2008,
verdun,Barri,2008,
la prosperitat,Barri,2008,
la trinitat nova,Barri,2008,
torre baro,Barri,2008,
ciutat meridiana,Barri,2008,
vallbona,Barri,2008,
la trinitat vella,Barri,2008,
baro de viver,Barri,2008,
el bon pastor,Barri,2008,
sant andreu,Barri,2008,
la sagrera,Barri,2008,
el congres i els indians,Barri,2008,
navas,Barri,2008,
el camp de larpa del clot,Barri,2008,
el clot,Barri,2008,
el parc i la llacuna del poblenou,Barri,2008,
la vila olimpica del poblenou,Barri,2008,
el poblenou,Barri,2008,
diagonal mar i el front maritim del poblenou,Barri,2008,
el besos i el maresme,Barri,2008,
provencals del poblenou,Barri,2008,
sant marti de provencals,Barri,2008,
la verneda i la pau,Barri,2008,
el raval,Barri,2009,
el barri gotic,Barri,2009,
la barceloneta,Barri,2009,
sant pere santa caterina i la ribera,Barri,2009,
el fort pienc,Barri,2009,
la sagrada familia,Barri,2009,
la dreta de leixample,Barri,2009,
lantiga esquerra de leixample,Barri,2009,
la nova esquerra de leixample,Barri,2009,
sant antoni,Barri,2009,
el poble sec,Barri,2009,
la marina del prat vermell,Barri,2009,
la marina de port,Barri,2009,
la font de la guatlla,Barri,2009,
hostafrancs,Barri,2009,
la bordeta,Barri,2009,
sants badal,Barri,2009,
sants,Barri,2009,
les corts,Barri,2009,
la maternitat i sant ramon,Barri,2009,
pedralbes,Barri,2009,
vallvidrera el tibidabo i les planes,Barri,2009,
sarria,Barri,2009,
les tres torres,Barri,2009,
sant gervasi la bonanova,Barri,2009,
sant gervasi galvany,Barri,2009,
el putxet i el farro,Barri,2009,
vallcarca i els penitents,Barri,2009,
el coll,Barri,2009,
la salut,Barri,2009,
la vila de gracia,Barri,2009,
el camp den grassot i gracia nova,Barri,2009,
el baix guinardo,Barri,2009,
can baro,Barri,2009,
el guinardo,Barri,2009,
la font den fargues,Barri,2009,
el carmel,Barri,2009,
la teixonera,Barri,2009,
sant genis dels agudells,Barri,2009,
montbau,Barri,2009,
la vall dhebron,Barri,2009,
la clota,Barri,2009,
horta,Barri,2009,
vilapicina i la torre llobeta,Barri,2009,
porta,Barri,2009,
el turo de la peira,Barri,2009,
can peguera,Barri,2009,
la guineueta,Barri,2009,
canyelles,Barri,2009,
les roquetes,Barri,2009,
verdun,Barri,2009,
la prosperitat,Barri,2009,
la trinitat nova,Barri,2009,
torre baro,Barri,2009,
ciutat meridiana,Barri,2009,
vallbona,Barri,2009,
la trinitat vella,Barri,2009,
baro de viver,Barri,2009,
el bon pastor,Barri,2009,
sant andreu,Barri,2009,
la sagrera,Barri,2009,
el congres i els indians,Barri,2009,
navas,Barri,2009,
el camp de larpa del clot,Barri,2009,
el clot,Barri,2009,
el parc i la llacuna del poblenou,Barri,2009,
la vila olimpica del poblenou,Barri,2009,
el poblenou,Barri,2009,
diagonal mar i el front maritim del poblenou,Barri,2009,
el besos i el maresme,Barri,2009,
provencals del poblenou,Barri,2009,
sant marti de provencals,Barri,2009,
la verneda i la pau,Barri,2009,
el raval,Barri,2010,
el barri gotic,Barri,2010,
la barceloneta,Barri,2010,
sant pere santa caterina i la ribera,Barri,2010,
el fort pienc,Barri,2010,
la sagrada familia,Barri,2010,
la dreta de leixample,Barri,2010,
lantiga esquerra de leixample,Barri,2010,
la nova esquerra de leixample,Barri,2010,
sant antoni,Barri,2010,
el poble sec,Barri,2010,
la marina del prat vermell,Barri,2010,
la marina de port,Barri,2010,
la font de la guatlla,Barri,2010,
hostafrancs,Barri,2010,
la bordeta,Barri,2010,
sants badal,Barri,2010,
sants,Barri,2010,
les corts,Barri,2010,
la maternitat i sant ramon,Barri,2010,
pedralbes,Barri,2010,
vallvidrera el tibidabo i les planes,Barri,2010,
sarria,Barri,2010,
les tres torres,Barri,2010,
sant gervasi la bonanova,Barri,2010,
sant gervasi galvany,Barri,2010,
el putxet i el farro,Barri,2010,
vallcarca i els penitents,Barri,2010,
el coll,Barri,2010,
la salut,Barri,2010,
la vila de gracia,Barri,2010,
el camp den grassot i gracia nova,Barri,2010,
el baix guinardo,Barri,2010,
can baro,Barri,2010,
el guinardo,Barri,2010,
la font den fargues,Barri,2010,
el carmel,Barri,2010,
la teixonera,Barri,2010,
sant genis dels agudells,Barri,2010,
montbau,Barri,2010,
la vall dhebron,Barri,2010,
la clota,Barri,2010,
horta,Barri,2010,
vilapicina i la torre llobeta,Barri,2010,
porta,Barri,2010,
el turo de la peira,Barri,2010,
can peguera,Barri,2010,
la guineueta,Barri,2010,
canyelles,Barri,2010,
les roquetes,Barri,2010,
verdun,Barri,2010,
la prosperitat,Barri,2010,
la trinitat nova,Barri,2010,
torre baro,Barri,2010,
ciutat meridiana,Barri,2010,
vallbona,Barri,2010,
la trinitat vella,Barri,2010,
baro de viver,Barri,2010,
el bon pastor,Barri,2010,
sant andreu,Barri,2010,
la sagrera,Barri,2010,
el congres i els indians,Barri,2010,
navas,Barri,2010,
el camp de larpa del clot,Barri,2010,
el clot,Barri,2010,
el parc i la llacuna del poblenou,Barri,2010,
la vila olimpica del poblenou,Barri,2010,
el poblenou,Barri,2010,
diagonal mar i el front maritim del poblenou,Barri,2010,
el besos i el maresme,Barri,2010,
provencals del poblenou,Barri,2010,
sant marti de provencals,Barri,2010,
la verneda i la pau,Barri,2010,
el raval,Barri,2011,
el barri gotic,Barri,2011,
la barceloneta,Barri,2011,
sant pere santa caterina i la ribera,Barri,2011,
el fort pienc,Barri,2011,
la sagrada familia,Barri,2011,
la dreta de leixample,Barri,2011,
lantiga esquerra de leixample,Barri,2011,
la nova esquerra de leixample,Barri,2011,
sant antoni,Barri,2011,
el poble sec,Barri,2011,
la marina del prat vermell,Barri,2011,
la marina de port,Barri,2011,
la font de la guatlla,Barri,2011,
hostafrancs,Barri,2011,
la bordeta,Barri,2011,
sants badal,Barri,2011,
sants,Barri,2011,
les corts,Barri,2011,
la maternitat i sant ramon,Barri,2011,
pedralbes,Barri,2011,
vallvidrera el tibidabo i les planes,Barri,2011,
sarria,Barri,2011,
les tres torres,Barri,2011,
sant gervasi la bonanova,Barri,2011,
sant gervasi galvany,Barri,2011,
el putxet i el farro,Barri,2011,
vallcarca i els penitents,Barri,2011,
el coll,Barri,2011,
la salut,Barri,2011,
la vila de gracia,Barri,2011,
el camp den grassot i gracia nova,Barri,2011,
el baix guinardo,Barri,2011,
can baro,Barri,2011,
el guinardo,Barri,2011,
la font den fargues,Barri,2011,
el carmel,Barri,2011,
la teixonera,Barri,2011,
sant genis dels agudells,Barri,2011,
montbau,Barri,2011,
la vall dhebron,Barri,2011,
la clota,Barri,2011,
horta,Barri,2011,
vilapicina i la torre llobeta,Barri,2011,
porta,Barri,2011,
el turo de la peira,Barri,2011,
can peguera,Barri,2011,
la guineueta,Barri,2011,
canyelles,Barri,2011,
les roquetes,Barri,2011,
verdun,Barri,2011,
la prosperitat,Barri,2011,
la trinitat nova,Barri,2011,
torre baro,Barri,2011,
ciutat meridiana,Barri,2011,
vallbona,Barri,2011,
la trinitat vella,Barri,2011,
baro de viver,Barri,2011,
el bon pastor,Barri,2011,
sant andreu,Barri,2011,
la sagrera,Barri,2011,
el congres i els indians,Barri,2011,
navas,Barri,2011,
el camp de larpa del clot,Barri,2011,
el clot,Barri,2011,
el parc i la llacuna del poblenou,Barri,2011,
la vila olimpica del poblenou,Barri,2011,
el poblenou,Barri,2011,
diagonal mar i el front maritim del poblenou,Barri,2011,
el besos i el maresme,Barri,2011,
provencals del poblenou,Barri,2011,
sant marti de provencals,Barri,2011,
la verneda i la pau,Barri,2011,
el raval,Barri,2012,
el barri gotic,Barri,2012,
la barceloneta,Barri,2012,
sant pere santa caterina i la ribera,Barri,2012,
el fort pienc,Barri,2012,
la sagrada familia,Barri,2012,
la dreta de leixample,Barri,2012,
lantiga esquerra de leixample,Barri,2012,
la nova esquerra de leixample,Barri,2012,
sant antoni,Barri,2012,
el poble sec,Barri,2012,
la marina del prat vermell,Barri,2012,
la marina de port,Barri,2012,
la font de la guatlla,Barri,2012,
hostafrancs,Barri,2012,
la bordeta,Barri,2012,
sants badal,Barri,2012,
sants,Barri,2012,
les corts,Barri,2012,
la maternitat i sant ramon,Barri,2012,
pedralbes,Barri,2012,
vallvidrera el tibidabo i les planes,Barri,2012,
sarria,Barri,2012,
les tres torres,Barri,2012,
sant gervasi la bonanova,Barri,2012,
sant gervasi galvany,Barri,2012,
el putxet i el farro,Barri,2012,
vallcarca i els penitents,Barri,2012,
el coll,Barri,2012,
la salut,Barri,2012,
la vila de gracia,Barri,2012,
el camp den grassot i gracia nova,Barri,2012,
el baix guinardo,Barri,2012,
can baro,Barri,2012,
el guinardo,Barri,2012,
la font den fargues,Barri,2012,
el carmel,Barri,2012,
la teixonera,Barri,2012,
sant genis dels agudells,Barri,2012,
montbau,Barri,2012,
la vall dhebron,Barri,2012,
la clota,Barri,2012,
horta,Barri,2012,
vilapicina i la torre llobeta,Barri,2012,
porta,Barri,2012,
el turo de la peira,Barri,2012,
can peguera,Barri,2012,
la guineueta,Barri,2012,
canyelles,Barri,2012,
les roquetes,Barri,2012,
verdun,Barri,2012,
la prosperitat,Barri,2012,
la trinitat nova,Barri,2012,
torre baro,Barri,2012,
ciutat meridiana,Barri,2012,
vallbona,Barri,2012,
la trinitat vella,Barri,2012,
baro de viver,Barri,2012,
el bon pastor,Barri,2012,
sant andreu,Barri,2012,
la sagrera,Barri,2012,
el congres i els indians,Barri,2012,
navas,Barri,2012,
el camp de larpa del clot,Barri,2012,
el clot,Barri,2012,
el parc i la llacuna del poblenou,Barri,2012,
la vila olimpica del poblenou,Barri,2012,
el poblenou,Barri,2012,
diagonal mar i el front maritim del poblenou,Barri,2012,
el besos i el maresme,Barri,2012,
provencals del poblenou,Barri,2012,
sant marti de provencals,Barri,2012,
la verneda i la pau,Barri,2012,
el raval,Barri,2013,
el barri gotic,Barri,2013,
la barceloneta,Barri,2013,
sant pere santa caterina i la ribera,Barri,2013,
el fort pienc,Barri,2013,
la sagrada familia,Barri,2013,
la dreta de leixample,Barri,2013,
lantiga esquerra de leixample,Barri,2013,
la nova esquerra de leixample,Barri,2013,
sant antoni,Barri,2013,
el poble sec,Barri,2013,
la marina del prat vermell,Barri,2013,
la marina de port,Barri,2013,
la font de la guatlla,Barri,2013,
hostafrancs,Barri,2013,
la bordeta,Barri,2013,
sants badal,Barri,2013,
sants,Barri,2013,
les corts,Barri,2013,
la maternitat i sant ramon,Barri,2013,
pedralbes,Barri,2013,
vallvidrera el tibidabo i les planes,Barri,2013,
sarria,Barri,2013,
les tres torres,Barri,2013,
sant gervasi la bonanova,Barri,2013,
sant gervasi galvany,Barri,2013,
el putxet i el farro,Barri,2013,
vallcarca i els penitents,Barri,2013,
el coll,Barri,2013,
la salut,Barri,2013,
la vila de gracia,Barri,2013,
el camp den grassot i gracia nova,Barri,2013,
el baix guinardo,Barri,2013,
can baro,Barri,2013,
el guinardo,Barri,2013,
la font den fargues,Barri,2013,
el carmel,Barri,2013,
la teixonera,Barri,2013,
sant genis dels agudells,Barri,2013,
montbau,Barri,2013,
la vall dhebron,Barri,2013,
la clota,Barri,2013,
horta,Barri,2013,
vilapicina i la torre llobeta,Barri,2013,
porta,Barri,2013,
el turo de la peira,Barri,2013,
can peguera,Barri,2013,
la guineueta,Barri,2013,
canyelles,Barri,2013,
les roquetes,Barri,2013,
verdun,Barri,2013,
la prosperitat,Barri,2013,
la trinitat nova,Barri,2013,
torre baro,Barri,2013,
ciutat meridiana,Barri,2013,
vallbona,Barri,2013,
la trinitat vella,Barri,2013,
baro de viver,Barri,2013,
el bon pastor,Barri,2013,
sant andreu,Barri,2013,
la sagrera,Barri,2013,
el congres i els indians,Barri,2013,
navas,Barri,2013,
el camp de larpa del clot,Barri,2013,
el clot,Barri,2013,
el parc i la llacuna del poblenou,Barri,2013,
la vila olimpica del poblenou,Barri,2013,
el poblenou,Barri,2013,
diagonal mar i el front maritim del poblenou,Barri,2013,
el besos i el maresme,Barri,2013,
provencals del poblenou,Barri,2013,
sant marti de provencals,Barri,2013,
la verneda i la pau,Barri,2013,
el raval,Barri,2014,60.8
el barri gotic,Barri,2014,81.6
la barceloneta,Barri,2014,39.7
sant pere santa caterina i la ribera,Barri,2014,69.7
el fort pienc,Barri,2014,78.1
la sagrada familia,Barri,2014,68.4
la dreta de leixample,Barri,2014,104.7
lantiga esquerra de leixample,Barri,2014,86.8
la nova esquerra de leixample,Barri,2014,74.4
sant antoni,Barri,2014,76.8
el poble sec,Barri,2014,60.3
la marina del prat vermell,Barri,2014,85.8
la marina de port,Barri,2014,69.2
la font de la guatlla,Barri,2014,65.3
hostafrancs,Barri,2014,62.9
la bordeta,Barri,2014,69.6
sants badal,Barri,2014,63.0
sants,Barri,2014,66.0
les corts,Barri,2014,76.1
la maternitat i sant ramon,Barri,2014,76.2
pedralbes,Barri,2014,118.9
vallvidrera el tibidabo i les planes,Barri,2014,112.4
sarria,Barri,2014,83.2
les tres torres,Barri,2014,106.2
sant gervasi la bonanova,Barri,2014,91.4
sant gervasi galvany,Barri,2014,99.9
el putxet i el farro,Barri,2014,76.5
vallcarca i els penitents,Barri,2014,69.7
el coll,Barri,2014,62.4
la salut,Barri,2014,71.3
la vila de gracia,Barri,2014,66.8
el camp den grassot i gracia nova,Barri,2014,70.0
el baix guinardo,Barri,2014,69.3
can baro,Barri,2014,60.2
el guinardo,Barri,2014,66.8
la font den fargues,Barri,2014,75.5
el carmel,Barri,2014,60.1
la teixonera,Barri,2014,62.7
sant genis dels agudells,Barri,2014,73.7
montbau,Barri,2014,62.7
la vall dhebron,Barri,2014,73.5
la clota,Barri,2014,39.3
horta,Barri,2014,66.7
vilapicina i la torre llobeta,Barri,2014,67.6
porta,Barri,2014,63.4
el turo de la peira,Barri,2014,63.5
can peguera,Barri,2014,41.8
la guineueta,Barri,2014,75.7
canyelles,Barri,2014,78.7
les roquetes,Barri,2014,59.0
verdun,Barri,2014,55.2
la prosperitat,Barri,2014,59.3
la trinitat nova,Barri,2014,53.3
torre baro,Barri,2014,72.6
ciutat meridiana,Barri,2014,58.8
vallbona,Barri,2014,70.6
la trinitat vella,Barri,2014,62.6
baro de viver,Barri,2014,58.9
el bon pastor,Barri,2014,63.4
sant andreu,Barri,2014,66.4
la sagrera,Barri,2014,69.3
el congres i els indians,Barri,2014,66.1
navas,Barri,2014,72.4
el camp de larpa del clot,Barri,2014,65.1
el clot,Barri,2014,68.8
el parc i la llacuna del poblenou,Barri,2014,70.9
la vila olimpica del poblenou,Barri,2014,85.3
el poblenou,Barri,2014,66.2
diagonal mar i el front maritim del poblenou,Barri,2014,92.6
el besos i el maresme,Barri,2014,62.3
provencals del poblenou,Barri,2014,70.3
sant marti de provencals,Barri,2014,74.0
la verneda i la pau,Barri,2014,69.7
el raval,Barri,2015,61.1
el barri gotic,Barri,2015,79.5
la barceloneta,Barri,2015,38.2
sant pere santa caterina i la ribera,Barri,2015,64.5
el fort pienc,Barri,2015,74.3
la sagrada familia,Barri,2015,67.7
la dreta de leixample,Barri,2015,98.1
lantiga esquerra de leixample,Barri,2015,86.7
la nova esquerra de leixample,Barri,2015,73.6
sant antoni,Barri,2015,74.4
el poble sec,Barri,2015,58.5
la marina del prat vermell,Barri,2015,63.2
la marina de port,Barri,2015,67.7
la font de la guatlla,Barri,2015,66.9
hostafrancs,Barri,2015,61.0
la bordeta,Barri,2015,68.3
sants badal,Barri,2015,61.5
sants,Barri,2015,63.4
les corts,Barri,2015,76.8
la maternitat i sant ramon,Barri,2015,71.3
pedralbes,Barri,2015,119.8
vallvidrera el tibidabo i les planes,Barri,2015,78.5
sarria,Barri,2015,82.3
les tres torres,Barri,2015,104.4
sant gervasi la bonanova,Barri,2015,89.2
sant gervasi galvany,Barri,2015,100.4
el putxet i el farro,Barri,2015,71.0
vallcarca i els penitents,Barri,2015,68.5
el coll,Barri,2015,59.0
la salut,Barri,2015,68.3
la vila de gracia,Barri,2015,65.1
el camp den grassot i gracia nova,Barri,2015,67.4
el baix guinardo,Barri,2015,64.7
can baro,Barri,2015,58.5
el guinardo,Barri,2015,62.9
la font den fargues,Barri,2015,68.3
el carmel,Barri,2015,59.2
la teixonera,Barri,2015,59.2
sant genis dels agudells,Barri,2015,69.5
montbau,Barri,2015,66.6
la vall dhebron,Barri,2015,74.1
la clota,Barri,2015,61.5
horta,Barri,2015,64.1
vilapicina i la torre llobeta,Barri,2015,65.7
porta,Barri,2015,63.0
el turo de la peira,Barri,2015,63.2
can peguera,Barri,2015,45.2
la guineueta,Barri,2015,68.0
canyelles,Barri,2015,79.7
les roquetes,Barri,2015,56.5
verdun,Barri,2015,53.8
la prosperitat,Barri,2015,57.2
la trinitat nova,Barri,2015,53.2
torre baro,Barri,2015,70.9
ciutat meridiana,Barri,2015,60.8
vallbona,Barri,2015,69.9
la trinitat vella,Barri,2015,57.6
baro de viver,Barri,2015,56.9
el bon pastor,Barri,2015,63.0
sant andreu,Barri,2015,65.4
la sagrera,Barri,2015,68.1
el congres i els indians,Barri,2015,67.9
navas,Barri,2015,72.5
el camp de larpa del clot,Barri,2015,63.6
el clot,Barri,2015,67.2
el parc i la llacuna del poblenou,Barri,2015,68.4
la vila olimpica del poblenou,Barri,2015,87.3
el poblenou,Barri,2015,65.5
diagonal mar i el front maritim del poblenou,Barri,2015,116.5
el besos i el maresme,Barri,2015,62.3
provencals del poblenou,Barri,2015,68.8
sant marti de provencals,Barri,2015,73.7
la verneda i la pau,Barri,2015,69.0
el raval,Barri,2016,59.5
el barri gotic,Barri,2016,76.5
la barceloneta,Barri,2016,38.7
sant pere santa caterina i la ribera,Barri,2016,65.2
el fort pienc,Barri,2016,74.9
la sagrada familia,Barri,2016,67.2
la dreta de leixample,Barri,2016,98.4
lantiga esquerra de leixample,Barri,2016,84.5
la nova esquerra de leixample,Barri,2016,73.9
sant antoni,Barri,2016,75.0
el poble sec,Barri,2016,57.6
la marina del prat vermell,Barri,2016,72.7
la marina de port,Barri,2016,65.9
la font de la guatlla,Barri,2016,66.1
hostafrancs,Barri,2016,62.3
la bordeta,Barri,2016,65.7
sants badal,Barri,2016,62.6
sants,Barri,2016,64.4
les corts,Barri,2016,76.1
la maternitat i sant ramon,Barri,2016,71.0
pedralbes,Barri,2016,117.6
vallvidrera el tibidabo i les planes,Barri,2016,74.7
sarria,Barri,2016,79.4
les tres torres,Barri,2016,101.1
sant gervasi la bonanova,Barri,2016,83.6
sant gervasi galvany,Barri,2016,99.6
el putxet i el farro,Barri,2016,71.0
vallcarca i els penitents,Barri,2016,67.5
el coll,Barri,2016,60.2
la salut,Barri,2016,67.7
la vila de gracia,Barri,2016,64.8
el camp den grassot i gracia nova,Barri,2016,68.4
el baix guinardo,Barri,2016,64.7
can baro,Barri,2016,59.6
el guinardo,Barri,2016,62.9
la font den fargues,Barri,2016,64.9
el carmel,Barri,2016,58.7
la teixonera,Barri,2016,60.1
sant genis dels agudells,Barri,2016,72.6
montbau,Barri,2016,67.7
la vall dhebron,Barri,2016,72.7
la clota,Barri,2016,55.7
horta,Barri,2016,62.3
vilapicina i la torre llobeta,Barri,2016,64.7
porta,Barri,2016,61.6
el turo de la peira,Barri,2016,60.6
can peguera,Barri,2016,50.8
la guineueta,Barri,2016,71.0
canyelles,Barri,2016,78.6
les roquetes,Barri,2016,55.2
verdun,Barri,2016,55.7
la prosperitat,Barri,2016,57.4
la trinitat nova,Barri,2016,54.0
torre baro,Barri,2016,59.5
ciutat meridiana,Barri,2016,58.5
vallbona,Barri,2016,67.6
la trinitat vella,Barri,2016,58.8
baro de viver,Barri,2016,59.6
el bon pastor,Barri,2016,63.4
sant andreu,Barri,2016,64.0
la sagrera,Barri,2016,65.1
el congres i els indians,Barri,2016,65.9
navas,Barri,2016,69.2
el camp de larpa del clot,Barri,2016,63.1
el clot,Barri,2016,66.5
el parc i la llacuna del poblenou,Barri,2016,67.3
la vila olimpica del poblenou,Barri,2016,85.0
el poblenou,Barri,2016,64.3
diagonal mar i el front maritim del poblenou,Barri,2016,129.6
el besos i el maresme,Barri,2016,62.6
provencals del poblenou,Barri,2016,70.2
sant marti de provencals,Barri,2016,72.2
la verneda i la pau,Barri,2016,68.3
el raval,Barri,2017,59.2
el barri gotic,Barri,2017,77.6
la barceloneta,Barri,2017,40.1
sant pere santa caterina i la ribera,Barri,2017,66.1
el fort pienc,Barri,2017,74.0
la sagrada familia,Barri,2017,68.9
la dreta de leixample,Barri,2017,98.1
lantiga esquerra de leixample,Barri,2017,83.9
la nova esquerra de leixample,Barri,2017,73.8
sant antoni,Barri,2017,74.4
el poble sec,Barri,2017,58.4
la marina del prat vermell,Barri,2017,93.3
la marina de port,Barri,2017,70.0
la font de la guatlla,Barri,2017,66.1
hostafrancs,Barri,2017,62.2
la bordeta,Barri,2017,69.1
sants badal,Barri,2017,60.9
sants,Barri,2017,64.3
les corts,Barri,2017,73.2
la maternitat i sant ramon,Barri,2017,73.0
pedralbes,Barri,2017,116.1
vallvidrera el tibidabo i les planes,Barri,2017,80.7
sarria,Barri,2017,82.6
les tres torres,Barri,2017,106.5
sant gervasi la bonanova,Barri,2017,87.0
sant gervasi galvany,Barri,2017,98.6
el putxet i el farro,Barri,2017,69.6
vallcarca i els penitents,Barri,2017,68.8
el coll,Barri,2017,62.6
la salut,Barri,2017,68.9
la vila de gracia,Barri,2017,63.4
el camp den grassot i gracia nova,Barri,2017,67.6
el baix guinardo,Barri,2017,65.0
can baro,Barri,2017,59.8
el guinardo,Barri,2017,63.6
la font den fargues,Barri,2017,67.2
el carmel,Barri,2017,57.4
la teixonera,Barri,2017,61.1
sant genis dels agudells,Barri,2017,72.1
montbau,Barri,2017,64.7
la vall dhebron,Barri,2017,72.9
la clota,Barri,2017,49.3
horta,Barri,2017,64.1
vilapicina i la torre llobeta,Barri,2017,66.1
porta,Barri,2017,63.2
el turo de la peira,Barri,2017,60.0
can peguera,Barri,2017,48.7
la guineueta,Barri,2017,69.0
canyelles,Barri,2017,79.9
les roquetes,Barri,2017,55.9
verdun,Barri,2017,56.2
la prosperitat,Barri,2017,58.8
la trinitat nova,Barri,2017,53.2
torre baro,Barri,2017,66.4
ciutat meridiana,Barri,2017,58.5
vallbona,Barri,2017,81.4
la trinitat vella,Barri,2017,57.8
baro de viver,Barri,2017,72.9
el bon pastor,Barri,2017,67.4
sant andreu,Barri,2017,64.3
la sagrera,Barri,2017,62.7
el congres i els indians,Barri,2017,67.4
navas,Barri,2017,71.3
el camp de larpa del clot,Barri,2017,63.6
el clot,Barri,2017,66.1
el parc i la llacuna del poblenou,Barri,2017,69.4
la vila olimpica del poblenou,Barri,2017,83.3
el poblenou,Barri,2017,66.7
diagonal mar i el front maritim del poblenou,Barri,2017,94.4
el besos i el maresme,Barri,2017,62.4
provencals del poblenou,Barri,2017,72.0
sant marti de provencals,Barri,2017,72.3
la verneda i la pau,Barri,2017,69.9
el raval,Barri,2018,63.2
el barri gotic,Barri,2018,81.2
la barceloneta,Barri,2018,58.8
sant pere santa caterina i la ribera,Barri,2018,71.2
el fort pienc,Barri,2018,76.1
la sagrada familia,Barri,2018,69.0
la dreta de leixample,Barri,2018,98.8
lantiga esquerra de leixample,Barri,2018,84.4
la nova esquerra de leixample,Barri,2018,74.0
sant antoni,Barri,2018,75.5
el poble sec,Barri,2018,60.2
la marina del prat vermell,Barri,2018,89.3
la marina de port,Barri,2018,71.3
la font de la guatlla,Barri,2018,68.5
hostafrancs,Barri,2018,62.0
la bordeta,Barri,2018,67.6
sants badal,Barri,2018,62.8
sants,Barri,2018,66.2
les corts,Barri,2018,73.8
la maternitat i sant ramon,Barri,2018,74.3
pedralbes,Barri,2018,115.8
vallvidrera el tibidabo i les planes,Barri,2018,77.3
sarria,Barri,2018,83.0
les tres torres,Barri,2018,101.4
sant gervasi la bonanova,Barri,2018,87.6
sant gervasi galvany,Barri,2018,98.3
el putxet i el farro,Barri,2018,72.9
vallcarca i els penitents,Barri,2018,71.6
el coll,Barri,2018,63.8
la salut,Barri,2018,71.5
la vila de gracia,Barri,2018,66.5
el camp den grassot i gracia nova,Barri,2018,69.2
el baix guinardo,Barri,2018,68.8
can baro,Barri,2018,62.7
el guinardo,Barri,2018,66.4
la font den fargues,Barri,2018,70.8
el carmel,Barri,2018,59.2
la teixonera,Barri,2018,60.4
sant genis dels agudells,Barri,2018,69.7
montbau,Barri,2018,68.7
la vall dhebron,Barri,2018,74.4
la clota,Barri,2018,65.1
horta,Barri,2018,65.9
vilapicina i la torre llobeta,Barri,2018,66.8
porta,Barri,2018,63.5
el turo de la peira,Barri,2018,61.3
can peguera,Barri,2018,55.5
la guineueta,Barri,2018,71.7
canyelles,Barri,2018,79.6
les roquetes,Barri,2018,55.9
verdun,Barri,2018,55.6
la prosperitat,Barri,2018,58.2
la trinitat nova,Barri,2018,50.3
torre baro,Barri,2018,59.6
ciutat meridiana,Barri,2018,58.6
vallbona,Barri,2018,72.3
la trinitat vella,Barri,2018,60.4
baro de viver,Barri,2018,79.1
el bon pastor,Barri,2018,64.9
sant andreu,Barri,2018,66.5
la sagrera,Barri,2018,67.6
el congres i els indians,Barri,2018,68.0
navas,Barri,2018,69.8
el camp de larpa del clot,Barri,2018,64.9
el clot,Barri,2018,70.6
el parc i la llacuna del poblenou,Barri,2018,70.5
la vila olimpica del poblenou,Barri,2018,83.5
el poblenou,Barri,2018,69.4
diagonal mar i el front maritim del poblenou,Barri,2018,72.9
el besos i el maresme,Barri,2018,64.5
provencals del poblenou,Barri,2018,70.7
sant marti de provencals,Barri,2018,72.3
la verneda i la pau,Barri,2018,67.7
el raval,Barri,2019,64.3
el barri gotic,Barri,2019,83.2
la barceloneta,Barri,2019,55.3
sant pere santa caterina i la ribera,Barri,2019,72.3
el fort pienc,Barri,2019,76.4
la sagrada familia,Barri,2019,68.7
la dreta de leixample,Barri,2019,99.3
lantiga esquerra de leixample,Barri,2019,86.6
la nova esquerra de leixample,Barri,2019,76.4
sant antoni,Barri,2019,76.6
el poble sec,Barri,2019,60.2
la marina del prat vermell,Barri,2019,53.0
la marina de port,Barri,2019,71.8
la font de la guatlla,Barri,2019,68.5
hostafrancs,Barri,2019,63.7
la bordeta,Barri,2019,68.7
sants badal,Barri,2019,63.0
sants,Barri,2019,66.7
les corts,Barri,2019,77.0
la maternitat i sant ramon,Barri,2019,74.7
pedralbes,Barri,2019,120.1
vallvidrera el tibidabo i les planes,Barri,2019,82.4
sarria,Barri,2019,84.6
les tres torres,Barri,2019,104.9
sant gervasi la bonanova,Barri,2019,87.6
sant gervasi galvany,Barri,2019,99.4
el putxet i el farro,Barri,2019,77.6
vallcarca i els penitents,Barri,2019,73.1
el coll,Barri,2019,66.0
la salut,Barri,2019,72.7
la vila de gracia,Barri,2019,68.0
el camp den grassot i gracia nova,Barri,2019,69.5
el baix guinardo,Barri,2019,69.1
can baro,Barri,2019,60.1
el guinardo,Barri,2019,66.1
la font den fargues,Barri,2019,70.7
el carmel,Barri,2019,59.3
la teixonera,Barri,2019,60.9
sant genis dels agudells,Barri,2019,71.7
montbau,Barri,2019,69.3
la vall dhebron,Barri,2019,69.1
la clota,Barri,2019,64.4
horta,Barri,2019,65.6
vilapicina i la torre llobeta,Barri,2019,66.6
porta,Barri,2019,63.3
el turo de la peira,Barri,2019,61.1
can peguera,Barri,2019,55.3
la guineueta,Barri,2019,71.4
canyelles,Barri,2019,80.6
les roquetes,Barri,2019,58.8
verdun,Barri,2019,57.2
la prosperitat,Barri,2019,58.8
la trinitat nova,Barri,2019,52.3
torre baro,Barri,2019,63.4
ciutat meridiana,Barri,2019,59.3
vallbona,Barri,2019,73.4
la trinitat vella,Barri,2019,61.2
baro de viver,Barri,2019,71.4
el bon pastor,Barri,2019,67.4
sant andreu,Barri,2019,67.1
la sagrera,Barri,2019,66.8
el congres i els indians,Barri,2019,68.0
navas,Barri,2019,71.2
el camp de larpa del clot,Barri,2019,66.0
el clot,Barri,2019,68.4
el parc i la llacuna del poblenou,Barri,2019,69.3
la vila olimpica del poblenou,Barri,2019,86.3
el poblenou,Barri,2019,69.1
diagonal mar i el front maritim del poblenou,Barri,2019,92.5
el besos i el maresme,Barri,2019,64.4
provencals del poblenou,Barri,2019,71.1
sant marti de provencals,Barri,2019,72.4
la verneda i la pau,Barri,2019,69.6
el raval,Barri,2020,63.5
el barri gotic,Barri,2020,82.3
la barceloneta,Barri,2020,52.6
sant pere santa caterina i la ribera,Barri,2020,71.4
el fort pienc,Barri,2020,75.8
la sagrada familia,Barri,2020,68.7
la dreta de leixample,Barri,2020,98.9
lantiga esquerra de leixample,Barri,2020,86.4
la nova esquerra de leixample,Barri,2020,75.2
sant antoni,Barri,2020,73.7
el poble sec,Barri,2020,60.1
la marina del prat vermell,Barri,2020,64.0
la marina de port,Barri,2020,71.6
la font de la guatlla,Barri,2020,67.0
hostafrancs,Barri,2020,64.5
la bordeta,Barri,2020,68.3
sants badal,Barri,2020,62.9
sants,Barri,2020,66.1
les corts,Barri,2020,75.1
la maternitat i sant ramon,Barri,2020,73.2
pedralbes,Barri,2020,117.5
vallvidrera el tibidabo i les planes,Barri,2020,96.0
sarria,Barri,2020,84.1
les tres torres,Barri,2020,110.3
sant gervasi la bonanova,Barri,2020,93.0
sant gervasi galvany,Barri,2020,98.1
el putxet i el farro,Barri,2020,76.1
vallcarca i els penitents,Barri,2020,73.5
el coll,Barri,2020,67.3
la salut,Barri,2020,74.7
la vila de gracia,Barri,2020,68.1
el camp den grassot i gracia nova,Barri,2020,70.5
el baix guinardo,Barri,2020,68.2
can baro,Barri,2020,62.5
el guinardo,Barri,2020,65.0
la font den fargues,Barri,2020,73.2
el carmel,Barri,2020,59.4
la teixonera,Barri,2020,61.4
sant genis dels agudells,Barri,2020,70.5
montbau,Barri,2020,68.2
la vall dhebron,Barri,2020,78.5
la clota,Barri,2020,61.8
horta,Barri,2020,64.6
vilapicina i la torre llobeta,Barri,2020,67.2
porta,Barri,2020,61.8
el turo de la peira,Barri,2020,61.6
can peguera,Barri,2020,
la guineueta,Barri,2020,70.0
canyelles,Barri,2020,80.9
les roquetes,Barri,2020,57.7
verdun,Barri,2020,56.4
la prosperitat,Barri,2020,58.3
la trinitat nova,Barri,2020,51.8
torre baro,Barri,2020,64.3
ciutat meridiana,Barri,2020,58.6
vallbona,Barri,2020,76.0
la trinitat vella,Barri,2020,61.7
baro de viver,Barri,2020,76.8
el bon pastor,Barri,2020,64.3
sant andreu,Barri,2020,67.6
la sagrera,Barri,2020,65.2
el congres i els indians,Barri,2020,67.8
navas,Barri,2020,70.5
el camp de larpa del clot,Barri,2020,66.5
el clot,Barri,2020,68.5
el parc i la llacuna del poblenou,Barri,2020,70.2
la vila olimpica del poblenou,Barri,2020,88.9
el poblenou,Barri,2020,69.3
diagonal mar i el front maritim del poblenou,Barri,2020,82.7
el besos i el maresme,Barri,2020,63.5
provencals del poblenou,Barri,2020,70.5
sant marti de provencals,Barri,2020,72.8
la verneda i la pau,Barri,2020,68.6
el raval,Barri,2021,63.5
el barri gotic,Barri,2021,83.4
la barceloneta,Barri,2021,56.3
sant pere santa caterina i la ribera,Barri,2021,71.9
el fort pienc,Barri,2021,75.6
la sagrada familia,Barri,2021,69.2
la dreta de leixample,Barri,2021,98.6
lantiga esquerra de leixample,Barri,2021,84.7
la nova esquerra de leixample,Barri,2021,74.9
sant antoni,Barri,2021,76.6
el poble sec,Barri,2021,59.6
la marina del prat vermell,Barri,2021,80.7
la marina de port,Barri,2021,70.6
la font de la guatlla,Barri,2021,67.3
hostafrancs,Barri,2021,63.5
la bordeta,Barri,2021,70.2
sants badal,Barri,2021,62.4
sants,Barri,2021,66.2
les corts,Barri,2021,76.4
la maternitat i sant ramon,Barri,2021,73.7
pedralbes,Barri,2021,116.0
vallvidrera el tibidabo i les planes,Barri,2021,79.0
sarria,Barri,2021,86.2
les tres torres,Barri,2021,103.1
sant gervasi la bonanova,Barri,2021,86.6
sant gervasi galvany,Barri,2021,101.2
el putxet i el farro,Barri,2021,75.6
vallcarca i els penitents,Barri,2021,71.2
el coll,Barri,2021,63.5
la salut,Barri,2021,72.9
la vila de gracia,Barri,2021,67.3
el camp den grassot i gracia nova,Barri,2021,67.9
el baix guinardo,Barri,2021,67.9
can baro,Barri,2021,62.1
el guinardo,Barri,2021,66.6
la font den fargues,Barri,2021,70.5
el carmel,Barri,2021,59.3
la teixonera,Barri,2021,61.3
sant genis dels agudells,Barri,2021,69.8
montbau,Barri,2021,68.3
la vall dhebron,Barri,2021,73.3
la clota,Barri,2021,77.3
horta,Barri,2021,64.6
vilapicina i la torre llobeta,Barri,2021,67.8
porta,Barri,2021,64.3
el turo de la peira,Barri,2021,62.0
can peguera,Barri,2021,46.7
la guineueta,Barri,2021,69.6
canyelles,Barri,2021,81.5
les roquetes,Barri,2021,57.4
verdun,Barri,2021,54.9
la prosperitat,Barri,2021,59.0
la trinitat nova,Barri,2021,53.0
torre baro,Barri,2021,62.8
ciutat meridiana,Barri,2021,59.5
vallbona,Barri,2021,85.0
la trinitat vella,Barri,2021,61.0
baro de viver,Barri,2021,68.4
el bon pastor,Barri,2021,64.8
sant andreu,Barri,2021,67.6
la sagrera,Barri,2021,65.6
el congres i els indians,Barri,2021,68.4
navas,Barri,2021,71.3
el camp de larpa del clot,Barri,2021,65.8
el clot,Barri,2021,68.0
el parc i la llacuna del poblenou,Barri,2021,69.6
la vila olimpica del poblenou,Barri,2021,86.3
el poblenou,Barri,2021,68.2
diagonal mar i el front maritim del poblenou,Barri,2021,84.8
el besos i el maresme,Barri,2021,64.1
provencals del poblenou,Barri,2021,72.2
sant marti de provencals,Barri,2021,72.1
la verneda i la pau,Barri,2021,68.6
el raval,Barri,2022,65.0
el barri gotic,Barri,2022,81.4
la barceloneta,Barri,2022,56.1
sant pere santa caterina i la ribera,Barri,2022,72.6
el fort pienc,Barri,2022,76.7
la sagrada familia,Barri,2022,69.3
la dreta de leixample,Barri,2022,100.3
lantiga esquerra de leixample,Barri,2022,84.6
la nova esquerra de leixample,Barri,2022,74.9
sant antoni,Barri,2022,77.0
el poble sec,Barri,2022,60.1
la marina del prat vermell,Barri,2022,96.0
la marina de port,Barri,2022,68.0
la font de la guatlla,Barri,2022,68.1
hostafrancs,Barri,2022,64.7
la bordeta,Barri,2022,69.9
sants badal,Barri,2022,62.4
sants,Barri,2022,67.4
les corts,Barri,2022,77.3
la maternitat i sant ramon,Barri,2022,75.1
pedralbes,Barri,2022,120.9
vallvidrera el tibidabo i les planes,Barri,2022,73.2
sarria,Barri,2022,81.5
les tres torres,Barri,2022,106.0
sant gervasi la bonanova,Barri,2022,92.5
sant gervasi galvany,Barri,2022,101.6
el putxet i el farro,Barri,2022,74.3
vallcarca i els penitents,Barri,2022,72.2
el coll,Barri,2022,65.3
la salut,Barri,2022,72.8
la vila de gracia,Barri,2022,67.8
el camp den grassot i gracia nova,Barri,2022,69.3
el baix guinardo,Barri,2022,67.2
can baro,Barri,2022,61.8
el guinardo,Barri,2022,66.1
la font den fargues,Barri,2022,67.4
el carmel,Barri,2022,59.3
la teixonera,Barri,2022,61.3
sant genis dels agudells,Barri,2022,70.6
montbau,Barri,2022,69.2
la vall dhebron,Barri,2022,70.1
la clota,Barri,2022,67.0
horta,Barri,2022,66.4
vilapicina i la torre llobeta,Barri,2022,66.6
porta,Barri,2022,63.5
el turo de la peira,Barri,2022,62.3
can peguera,Barri,2022,52.0
la guineueta,Barri,2022,70.6
canyelles,Barri,2022,83.7
les roquetes,Barri,2022,56.3
verdun,Barri,2022,55.1
la prosperitat,Barri,2022,59.8
la trinitat nova,Barri,2022,51.5
torre baro,Barri,2022,53.2
ciutat meridiana,Barri,2022,58.6
vallbona,Barri,2022,81.0
la trinitat vella,Barri,2022,61.5
baro de viver,Barri,2022,83.0
el bon pastor,Barri,2022,67.4
sant andreu,Barri,2022,67.7
la sagrera,Barri,2022,66.0
el congres i els indians,Barri,2022,69.1
navas,Barri,2022,72.1
el camp de larpa del clot,Barri,2022,66.1
el clot,Barri,2022,69.9
el parc i la llacuna del poblenou,Barri,2022,71.3
la vila olimpica del poblenou,Barri,2022,83.6
el poblenou,Barri,2022,66.9
diagonal mar i el front maritim del poblenou,Barri,2022,82.0
el besos i el maresme,Barri,2022,65.9
provencals del poblenou,Barri,2022,72.0
sant marti de provencals,Barri,2022,73.0
la verneda i la pau,Barri,2022,68.5
el raval,Barri,2023,64.8
el barri gotic,Barri,2023,85.5
la barceloneta,Barri,2023,57.9
sant pere santa caterina i la ribera,Barri,2023,72.0
el fort pienc,Barri,2023,77.2
la sagrada familia,Barri,2023,70.2
la dreta de leixample,Barri,2023,102.6
lantiga esquerra de leixample,Barri,2023,86.1
la nova esquerra de leixample,Barri,2023,74.1
sant antoni,Barri,2023,76.2
el poble sec,Barri,2023,61.2
la marina del prat vermell,Barri,2023,56.0
la marina de port,Barri,2023,71.1
la font de la guatlla,Barri,2023,68.4
hostafrancs,Barri,2023,64.1
la bordeta,Barri,2023,66.0
sants badal,Barri,2023,65.1
sants,Barri,2023,66.9
les corts,Barri,2023,75.8
la maternitat i sant ramon,Barri,2023,78.2
pedralbes,Barri,2023,115.0
vallvidrera el tibidabo i les planes,Barri,2023,83.4
sarria,Barri,2023,82.2
les tres torres,Barri,2023,107.3
sant gervasi la bonanova,Barri,2023,92.4
sant gervasi galvany,Barri,2023,101.3
el putxet i el farro,Barri,2023,78.3
vallcarca i els penitents,Barri,2023,71.6
el coll,Barri,2023,65.0
la salut,Barri,2023,72.4
la vila de gracia,Barri,2023,68.5
el camp den grassot i gracia nova,Barri,2023,72.4
el baix guinardo,Barri,2023,69.9
can baro,Barri,2023,62.4
el guinardo,Barri,2023,67.2
la font den fargues,Barri,2023,68.9
el carmel,Barri,2023,59.5
la teixonera,Barri,2023,60.6
sant genis dels agudells,Barri,2023,69.5
montbau,Barri,2023,67.4
la vall dhebron,Barri,2023,65.9
la clota,Barri,2023,60.4
horta,Barri,2023,66.4
vilapicina i la torre llobeta,Barri,2023,68.8
porta,Barri,2023,63.7
el turo de la peira,Barri,2023,62.2
can peguera,Barri,2023,52.0
la guineueta,Barri,2023,69.1
canyelles,Barri,2023,78.5
les roquetes,Barri,2023,56.5
verdun,Barri,2023,53.8
la prosperitat,Barri,2023,58.3
la trinitat nova,Barri,2023,53.5
torre baro,Barri,2023,66.2
ciutat meridiana,Barri,2023,59.1
vallbona,Barri,2023,62.0
la trinitat vella,Barri,2023,60.7
baro de viver,Barri,2023,77.3
el bon pastor,Barri,2023,72.9
sant andreu,Barri,2023,67.8
la sagrera,Barri,2023,67.5
el congres i els indians,Barri,2023,70.1
navas,Barri,2023,70.9
el camp de larpa del clot,Barri,2023,65.6
el clot,Barri,2023,72.6
el parc i la llacuna del poblenou,Barri,2023,73.7
la vila olimpica del poblenou,Barri,2023,81.5
el poblenou,Barri,2023,68.3
diagonal mar i el front maritim del poblenou,Barri,2023,79.6
el besos i el maresme,Barri,2023,63.6
provencals del poblenou,Barri,2023,72.4
sant marti de provencals,Barri,2023,73.6
la verneda i la pau,Barri,2023,66.1
el raval,Barri,2024,65.3
el barri gotic,Barri,2024,80.9
la barceloneta,Barri,2024,55.3
sant pere santa caterina i la ribera,Barri,2024,73.0
el fort pienc,Barri,2024,77.2
la sagrada familia,Barri,2024,70.8
la dreta de leixample,Barri,2024,101.8
lantiga esquerra de leixample,Barri,2024,86.6
la nova esquerra de leixample,Barri,2024,76.3
sant antoni,Barri,2024,74.4
el poble sec,Barri,2024,60.8
la marina del prat vermell,Barri,2024,69.4
la marina de port,Barri,2024,71.1
la font de la guatlla,Barri,2024,67.3
hostafrancs,Barri,2024,64.8
la bordeta,Barri,2024,66.1
sants badal,Barri,2024,62.3
sants,Barri,2024,66.3
les corts,Barri,2024,77.2
la maternitat i sant ramon,Barri,2024,74.9
pedralbes,Barri,2024,115.4
vallvidrera el tibidabo i les planes,Barri,2024,84.0
sarria,Barri,2024,84.7
les tres torres,Barri,2024,113.6
sant gervasi la bonanova,Barri,2024,100.1
sant gervasi galvany,Barri,2024,102.2
el putxet i el farro,Barri,2024,80.1
vallcarca i els penitents,Barri,2024,70.8
el coll,Barri,2024,64.9
la salut,Barri,2024,72.3
la vila de gracia,Barri,2024,68.1
el camp den grassot i gracia nova,Barri,2024,70.5
el baix guinardo,Barri,2024,67.6
can baro,Barri,2024,61.0
el guinardo,Barri,2024,66.7
la font den fargues,Barri,2024,73.6
el carmel,Barri,2024,60.3
la teixonera,Barri,2024,61.0
sant genis dels agudells,Barri,2024,73.7
montbau,Barri,2024,68.3
la vall dhebron,Barri,2024,72.7
la clota,Barri,2024,83.1
horta,Barri,2024,65.3
vilapicina i la torre llobeta,Barri,2024,68.1
porta,Barri,2024,64.1
el turo de la peira,Barri,2024,61.0
can peguera,Barri,2024,54.0
la guineueta,Barri,2024,74.6
canyelles,Barri,2024,86.1
les roquetes,Barri,2024,55.1
verdun,Barri,2024,56.5
la prosperitat,Barri,2024,59.0
la trinitat nova,Barri,2024,53.4
torre baro,Barri,2024,81.2
ciutat meridiana,Barri,2024,59.3
vallbona,Barri,2024,81.3
la trinitat vella,Barri,2024,62.7
baro de viver,Barri,2024,66.6
el bon pastor,Barri,2024,74.9
sant andreu,Barri,2024,69.9
la sagrera,Barri,2024,70.2
el congres i els indians,Barri,2024,67.2
navas,Barri,2024,71.8
el camp de larpa del clot,Barri,2024,65.4
el clot,Barri,2024,68.6
el parc i la llacuna del poblenou,Barri,2024,71.1
la vila olimpica del poblenou,Barri,2024,85.7
el poblenou,Barri,2024,69.0
diagonal mar i el front maritim del poblenou,Barri,2024,79.9
el besos i el maresme,Barri,2024,63.6
provencals del poblenou,Barri,2024,70.9
sant marti de provencals,Barri,2024,72.0
la verneda i la pau,Barri,2024,68.5
el raval,Barri,2025,60.6
el barri gotic,Barri,2025,79.3
la barceloneta,Barri,2025,40.6
sant pere santa caterina i la ribera,Barri,2025,64.5
el fort pienc,Barri,2025,78.4
la sagrada familia,Barri,2025,68.5
la dreta de leixample,Barri,2025,99.7
lantiga esquerra de leixample,Barri,2025,87.5
la nova esquerra de leixample,Barri,2025,72.7
sant antoni,Barri,2025,73.6
el poble sec,Barri,2025,59.1
la marina del prat vermell,Barri,2025,82.8
la marina de port,Barri,2025,68.8
la font de la guatlla,Barri,2025,69.4
hostafrancs,Barri,2025,61.6
la bordeta,Barri,2025,66.1
sants badal,Barri,2025,61.6
sants,Barri,2025,64.6
les corts,Barri,2025,75.1
la maternitat i sant ramon,Barri,2025,73.8
pedralbes,Barri,2025,105.1
vallvidrera el tibidabo i les planes,Barri,2025,109.2
sarria,Barri,2025,84.6
les tres torres,Barri,2025,110.4
sant gervasi la bonanova,Barri,2025,93.2
sant gervasi galvany,Barri,2025,98.7
el putxet i el farro,Barri,2025,71.5
vallcarca i els penitents,Barri,2025,67.4
el coll,Barri,2025,63.9
la salut,Barri,2025,69.5
la vila de gracia,Barri,2025,64.1
el camp den grassot i gracia nova,Barri,2025,68.5
el baix guinardo,Barri,2025,67.2
can baro,Barri,2025,56.2
el guinardo,Barri,2025,65.3
la font den fargues,Barri,2025,70.7
el carmel,Barri,2025,59.0
la teixonera,Barri,2025,60.7
sant genis dels agudells,Barri,2025,70.0
montbau,Barri,2025,59.6
la vall dhebron,Barri,2025,65.1
la clota,Barri,2025,54.6
horta,Barri,2025,64.4
vilapicina i la torre llobeta,Barri,2025,64.2
porta,Barri,2025,64.0
el turo de la peira,Barri,2025,60.4
can peguera,Barri,2025,46.8
la guineueta,Barri,2025,73.6
canyelles,Barri,2025,80.7
les roquetes,Barri,2025,53.5
verdun,Barri,2025,55.5
la prosperitat,Barri,2025,58.4
la trinitat nova,Barri,2025,54.5
torre baro,Barri,2025,66.1
ciutat meridiana,Barri,2025,59.4
vallbona,Barri,2025,70.4
la trinitat vella,Barri,2025,58.7
baro de viver,Barri,2025,63.4
el bon pastor,Barri,2025,66.2
sant andreu,Barri,2025,64.0
la sagrera,Barri,2025,70.2
el congres i els indians,Barri,2025,66.0
navas,Barri,2025,69.8
el camp de larpa del clot,Barri,2025,64.6
el clot,Barri,2025,65.4
el parc i la llacuna del poblenou,Barri,2025,69.2
la vila olimpica del poblenou,Barri,2025,85.3
el poblenou,Barri,2025,66.7
diagonal mar i el front maritim del poblenou,Barri,2025,86.2
el besos i el maresme,Barri,2025,62.5
provencals del poblenou,Barri,2025,74.1
sant marti de provencals,Barri,2025,73.1
la verneda i la pau,Barri,2025,68.0
