Territori,Tipus de territori,31 Gen. 2005,28 Febr. 2005,31 Març 2005,30 Abr. 2005,31 Maig 2005,30 Juny 2005,31 Jul. 2005,31 Ag. 2005,30 Set. 2005,31 Oct. 2005,30 Nov. 2005,31 Des. 2005,31 Gen. 2006,28 Febr. 2006,31 Març 2006,30 Abr. 2006,31 Maig 2006,30 Juny 2006,31 Jul. 2006,31 Ag. 2006,30 Set. 2006,31 Oct. 2006,30 Nov. 2006,31 Des. 2006,31 Gen. 2007,28 Febr. 2007,31 Març 2007,30 Abr. 2007,31 Maig 2007,30 Juny 2007,31 Jul. 2007,31 Ag. 2007,30 Set. 2007,31 Oct. 2007,30 Nov. 2007,31 Des. 2007,31 Gen. 2008,28 Febr. 2008,31 Març 2008,30 Abr. 2008,31 Maig 2008,30 Juny 2008,31 Jul. 2008,31 Ag. 2008,30 Set. 2008,31 Oct. 2008,30 Nov. 2008,31 Des. 2008,31 Gen. 2009,28 Febr. 2009,31 Març 2009,30 Abr. 2009,31 Maig 2009,30 Juny 2009,31 Jul. 2009,31 Ag. 2009,30 Set. 2009,31 Oct. 2009,30 Nov. 2009,31 Des. 2009,31 Gen. 2010,28 Febr. 2010,31 Març 2010,30 Abr. 2010,31 Maig 2010,30 Juny 2010,31 Jul. 2010,31 Ag. 2010,30 Set. 2010,31 Oct. 2010,30 Nov. 2010,31 Des. 2010,31 Gen. 2011,28 Febr. 2011,31 Març 2011,30 Abr. 2011,31 Maig 2011,30 Juny 2011,31 Jul. 2011,31 Ag. 2011,30 Set. 2011,31 Oct. 2011,30 Nov. 2011,31 Des. 2011,31 Gen. 2012,28 Febr. 2012,31 Març 2012,30 Abr. 2012,31 Maig 2012,30 Juny 2012,31 Jul. 2012,31 Ag. 2012,30 Set. 2012,31 Oct. 2012,30 Nov. 2012,31 Des. 2012,31 Gen. 2013,28 Febr. 2013,31 Març 2013,30 Abr. 2013,31 Maig 2013,30 Juny 2013,31 Jul. 2013,31 Ag. 2013,30 Set. 2013,31 Oct. 2013,30 Nov. 2013,31 Des. 2013,31 Gen. 2014,28 Febr. 2014,31 Març 2014,30 Abr. 2014,31 Maig 2014,30 Juny 2014,31 Jul. 2014,31 Ag. 2014,30 Set. 2014,31 Oct. 2014,30 Nov. 2014,31 Des. 2014,31 Gen. 2015,28 Febr. 2015,31 Març 2015,30 Abr. 2015,31 Maig 2015,30 Juny 2015,31 Jul. 2015,31 Ag. 2015,30 Set. 2015,31 Oct. 2015,30 Nov. 2015,31 Des. 2015,31 Gen. 2016,28 Febr. 2016,31 Març 2016,30 Abr. 2016,31 Maig 2016,30 Juny 2016,31 Jul. 2016,31 Ag. 2016,30 Set. 2016,31 Oct. 2016,30 Nov. 2016,31 Des. 2016,31 Gen. 2017,28 Febr. 2017,31 Març 2017,30 Abr. 2017,31 Maig 2017,30 Juny 2017,31 Jul. 2017,31 Ag. 2017,30 Set. 2017,31 Oct. 2017,30 Nov. 2017,31 Des. 2017,31 Gen. 2018,28 Febr. 2018,31 Març 2018,30 Abr. 2018,31 Maig 2018,30 Juny 2018,31 Jul. 2018,31 Ag. 2018,30 Set. 2018,31 Oct. 2018,30 Nov. 2018,31 Des. 2018,31 Gen. 2019,28 Febr. 2019,31 Març 2019,30 Abr. 2019,31 Maig 2019,30 Juny 2019,31 Jul. 2019,31 Ag. 2019,30 Set. 2019,31 Oct. 2019,30 Nov. 2019,31 Des. 2019,31 Gen. 2020,28 Febr. 2020,31 Març 2020,30 Abr. 2020,31 Maig 2020,30 Juny 2020,31 Jul. 2020,31 Ag. 2020,30 Set. 2020,31 Oct. 2020,30 Nov. 2020,31 Des. 2020,31 Gen. 2021,28 Febr. 2021,31 Març 2021,30 Abr. 2021,31 Maig 2021,30 Juny 2021,31 Jul. 2021,31 Ag. 2021,30 Set. 2021,31 Oct. 2021,30 Nov. 2021,31 Des. 2021,31 Gen. 2022,28 Febr. 2022,31 Març 2022,30 Abr. 2022,31 Maig 2022,30 Juny 2022,31 Jul. 2022,31 Ag. 2022,30 Set. 2022,31 Oct. 2022,30 Nov. 2022,31 Des. 2022,31 Gen. 2023,28 Febr. 2023,31 Març 2023,30 Abr. 2023,31 Maig 2023,30 Juny 2023,31 Jul. 2023,31 Ag. 2023,30 Set. 2023,31 Oct. 2023,30 Nov. 2023,31 Des. 2023,31 Gen. 2024,29 Febr. 2024,31 Març 2024,30 Abr. 2024,31 Maig 2024,30 Juny 2024,31 Jul. 2024,31 Ag. 2024,30 Set. 2024,31 Oct. 2024,30 Nov. 2024,31 Des. 2024,31 Gen. 2025,28 Febr. 2025,31 Març 2025,30 Abr. 2025,31 Maig 2025,30 Juny 2025,31 Jul. 2025,31 Ag. 2025,30 Set. 2025,31 Oct. 2025,30 Nov. 2025,31 Des. 2025,31 Gen. 2026,28 Febr. 2026,31 Març 2026
Barcelona,Municipi,61.824,61.495,61.431,58.577,56.273,54.968,56.916,58.045,57.335,54.829,54.533,53.606,55.444,56.321,56.567,55.086,54.072,53.691,54.932,55.987,53.621,53.329,53.503,53.279,53.208,52.841,52.921,51.641,50.712,50.790,52.629,54.331,52.261,51.424,50.571,51.243,54.804,56.340,56.867,57.687,58.629,59.374,61.404,64.368,65.356,68.344,71.510,74.304,80.208,84.277,88.205,89.862,89.941,87.919,90.565,94.849,96.248,97.721,99.795,101.062,105.073,106.961,108.292,106.836,103.907,101.089,99.844,102.648,101.972,102.704,102.364,100.868,105.456,107.928,109.153,108.203,106.774,104.784,104.929,107.625,108.250,109.266,109.265,108.624,112.747,113.736,113.528,113.402,112.585,110.521,110.675,112.381,112.088,112.479,113.319,112.192,114.443,114.936,115.154,113.870,111.451,107.913,108.192,108.606,108.706,109.984,110.281,107.677,109.151,108.225,107.734,106.398,102.784,100.943,101.997,102.096,101.045,101.559,100.603,99.056,100.594,100.384,99.768,96.912,93.617,90.624,90.102,91.325,90.358,90.893,90.598,89.398,89.877,88.091,87.760,85.273,82.569,79.829,79.225,80.344,79.653,79.463,80.217,78.864,79.302,79.093,79.056,76.784,74.511,71.871,71.357,72.805,71.660,73.061,74.642,73.752,75.081,74.155,74.239,71.859,70.078,67.983,68.069,70.161,68.759,69.808,69.782,69.316,70.591,70.352,70.988,69.353,67.785,65.832,66.678,68.547,67.638,69.006,69.693,69.047,70.602,71.447,76.196,86.423,90.528,92.735,91.100,92.917,91.282,92.446,92.401,93.842,96.227,97.480,96.384,94.851,92.582,85.486,78.019,71.466,67.208,66.174,63.984,63.383,64.141,63.937,64.060,63.335,60.951,59.438,60.639,62.123,62.254,61.590,61.906,61.436,62.538,63.007,63.119,61.696,61.432,60.313,60.972,62.514,61.791,62.413,62.720,63.524,64.793,65.092,65.155,63.702,62.616,61.550,62.108,63.366,62.343,63.021,63.044,63.490,64.102,64.066,63.541,62.756,62.351,61.491,62.496,63.701,62.540,63.182,62.874,63.354,63.886,64.554,64.568
Ciutat Vella,Districte,-,-,-,-,-,-,-,-,-,-,-,-,-,-,-,-,-,-,-,-,-,-,-,-,-,-,-,-,-,-,-,-,-,-,-,-,-,-,-,-,-,-,-,-,-,-,-,-,7.448,7.861,8.271,8.274,8.224,8.084,8.139,8.420,8.686,8.944,9.268,9.355,9.715,9.971,10.174,10.013,9.734,9.560,9.316,9.475,9.430,9.706,9.768,9.682,9.990,10.140,10.138,9.889,9.696,9.593,9.553,9.634,9.613,9.938,9.996,9.941,10.183,10.276,10.128,10.103,9.817,9.552,9.424,9.566,9.471,9.470,9.624,9.525,9.757,9.837,9.806,9.675,9.361,8.979,8.920,8.742,8.876,9.029,9.265,9.023,9.176,9.090,9.115,8.931,8.539,8.402,8.471,8.372,8.256,8.414,8.488,8.362,8.616,8.561,8.537,8.315,8.026,7.792,7.698,7.625,7.562,7.654,7.845,7.820,7.942,7.758,7.713,7.534,7.155,6.934,6.822,6.789,6.872,6.903,7.078,7.029,7.036,6.931,6.998,6.715,6.614,6.432,6.349,6.335,6.347,6.620,6.919,6.825,6.902,6.737,6.709,6.452,6.197,6.039,6.004,6.086,6.160,6.344,6.492,6.501,6.573,6.528,6.547,6.266,6.045,5.854,5.929,5.939,5.939,6.109,6.337,6.290,6.364,6.488,6.988,8.098,8.602,8.937,8.790,9.071,9.041,9.408,9.536,9.773,10.051,10.239,10.177,10.039,9.823,8.780,7.740,6.641,6.154,6.132,5.908,5.893,5.908,5.891,5.925,5.837,5.613,5.442,5.485,5.585,5.628,5.597,5.591,5.574,5.713,5.766,5.765,5.668,5.576,5.498,5.477,5.584,5.563,5.644,5.689,5.805,5.952,6.020,5.988,5.898,5.818,5.715,5.741,5.774,5.717,5.783,5.831,5.880,5.861,5.887,5.928,5.861,5.828,5.700,5.715,5.761,5.677,5.759,5.796,5.813,5.885,5.942,5.965
el Raval,Barri,-,-,-,-,-,-,-,-,-,-,-,-,-,-,-,-,-,-,-,-,-,-,-,-,-,-,-,-,-,-,-,-,-,-,-,-,-,-,-,-,-,-,-,-,-,-,-,-,-,-,-,-,-,-,-,-,-,-,-,-,-,-,-,-,-,-,-,-,-,-,-,-,5.034,5.112,5.103,4.960,4.884,4.822,4.771,4.857,4.876,4.987,5.025,4.989,5.053,5.142,5.139,5.107,4.943,4.765,4.679,4.758,4.643,4.631,4.762,4.692,4.802,4.899,4.912,4.924,4.763,4.547,4.507,4.367,4.437,4.509,4.642,4.520,4.588,4.539,4.572,4.510,4.379,4.318,4.279,4.169,4.131,4.237,4.273,4.218,4.368,4.346,4.341,4.240,4.111,3.976,3.905,3.850,3.831,3.833,3.946,3.901,3.977,3.928,3.928,3.857,3.630,3.553,3.473,3.401,3.466,3.482,3.593,3.565,3.559,3.525,3.597,3.449,3.440,3.321,3.232,3.179,3.217,3.335,3.511,3.453,3.483,3.409,3.420,3.294,3.136,3.071,3.043,3.011,3.102,3.203,3.294,3.310,3.315,3.330,3.291,3.163,3.037,2.933,2.958,2.958,2.920,3.001,3.095,3.074,3.065,3.141,3.370,4.059,4.241,4.482,4.439,4.569,4.608,4.840,4.920,5.046,5.179,5.295,5.284,5.212,5.077,4.541,4.031,3.444,3.205,3.191,3.047,3.034,3.039,3.034,3.065,3.028,2.884,2.780,2.840,2.874,2.899,2.899,2.871,2.843,2.901,2.916,2.903,2.848,2.821,2.759,2.705,2.739,2.743,2.768,2.793,2.851,2.908,2.970,2.948,2.904,2.846,2.786,2.800,2.808,2.782,2.819,2.867,2.889,2.896,2.885,2.876,2.854,2.791,2.726,2.734,2.740,2.710,2.733,2.752,2.774,2.786,2.834,2.828
el Barri Gòtic,Barri,-,-,-,-,-,-,-,-,-,-,-,-,-,-,-,-,-,-,-,-,-,-,-,-,-,-,-,-,-,-,-,-,-,-,-,-,-,-,-,-,-,-,-,-,-,-,-,-,-,-,-,-,-,-,-,-,-,-,-,-,-,-,-,-,-,-,-,-,-,-,-,-,1.468,1.484,1.445,1.415,1.388,1.366,1.378,1.392,1.381,1.465,1.478,1.461,1.506,1.491,1.453,1.486,1.445,1.392,1.384,1.407,1.361,1.330,1.348,1.333,1.357,1.341,1.327,1.314,1.270,1.204,1.195,1.193,1.214,1.223,1.249,1.227,1.222,1.223,1.233,1.188,1.141,1.095,1.130,1.135,1.147,1.152,1.170,1.157,1.197,1.168,1.146,1.131,1.067,1.053,1.054,1.030,1.011,1.016,1.058,1.049,1.051,1.027,1.006,962,919,877,869,860,875,876,905,912,949,921,918,872,845,816,818,828,835,896,908,916,924,902,924,877,856,818,811,852,855,905,897,869,898,867,864,847,851,812,818,811,865,881,887,892,918,949,1.022,1.161,1.254,1.271,1.254,1.293,1.267,1.341,1.369,1.404,1.440,1.457,1.425,1.410,1.380,1.236,1.083,915,833,826,824,840,838,840,848,860,832,811,801,831,840,811,823,821,867,897,885,870,860,862,872,891,890,915,940,962,989,992,993,985,996,970,956,966,949,966,952,959,952,962,987,957,977,963,975,986,953,992,1.019,991,1.017,1.011,1.018
la Barceloneta,Barri,-,-,-,-,-,-,-,-,-,-,-,-,-,-,-,-,-,-,-,-,-,-,-,-,-,-,-,-,-,-,-,-,-,-,-,-,-,-,-,-,-,-,-,-,-,-,-,-,-,-,-,-,-,-,-,-,-,-,-,-,-,-,-,-,-,-,-,-,-,-,-,-,1.463,1.485,1.504,1.472,1.433,1.426,1.424,1.416,1.404,1.459,1.462,1.464,1.520,1.527,1.481,1.469,1.433,1.423,1.406,1.424,1.452,1.471,1.472,1.465,1.506,1.505,1.492,1.437,1.391,1.350,1.344,1.329,1.348,1.378,1.412,1.371,1.409,1.393,1.387,1.354,1.262,1.250,1.280,1.284,1.246,1.266,1.275,1.252,1.278,1.277,1.277,1.234,1.194,1.158,1.148,1.150,1.140,1.176,1.192,1.204,1.223,1.177,1.166,1.139,1.092,1.049,1.039,1.060,1.062,1.069,1.084,1.072,1.062,1.043,1.042,1.005,978,963,964,976,963,1.004,1.050,1.032,1.049,1.020,993,959,925,903,903,933,924,938,966,976,991,978,1.004,946,905,884,904,910,905,935,990,978,1.002,1.008,1.091,1.209,1.306,1.340,1.303,1.350,1.331,1.357,1.365,1.397,1.444,1.467,1.460,1.438,1.416,1.263,1.104,958,888,889,856,848,853,847,844,818,796,776,772,786,791,791,795,801,770,775,784,775,753,746,756,778,768,780,778,791,816,817,811,795,782,776,784,791,786,790,796,803,796,808,817,811,815,795,792,803,794,803,800,811,824,829,837
"Sant Pere, Santa Caterina i la Ribera",Barri,-,-,-,-,-,-,-,-,-,-,-,-,-,-,-,-,-,-,-,-,-,-,-,-,-,-,-,-,-,-,-,-,-,-,-,-,-,-,-,-,-,-,-,-,-,-,-,-,-,-,-,-,-,-,-,-,-,-,-,-,-,-,-,-,-,-,-,-,-,-,-,-,2.023,2.058,2.084,2.040,1.989,1.977,1.977,1.967,1.950,2.024,2.028,2.024,2.102,2.114,2.053,2.038,1.994,1.970,1.953,1.975,2.012,2.037,2.038,2.033,2.090,2.090,2.074,1.998,1.935,1.876,1.871,1.852,1.874,1.916,1.960,1.903,1.956,1.933,1.921,1.876,1.756,1.737,1.780,1.782,1.730,1.756,1.768,1.734,1.773,1.771,1.773,1.711,1.655,1.605,1.591,1.595,1.580,1.629,1.649,1.667,1.691,1.626,1.612,1.577,1.514,1.455,1.441,1.468,1.469,1.475,1.496,1.480,1.466,1.442,1.440,1.389,1.351,1.332,1.335,1.352,1.332,1.386,1.449,1.424,1.446,1.406,1.372,1.321,1.280,1.246,1.248,1.290,1.279,1.298,1.335,1.347,1.370,1.353,1.389,1.310,1.253,1.225,1.249,1.260,1.250,1.292,1.365,1.346,1.379,1.390,1.506,1.668,1.800,1.845,1.793,1.860,1.835,1.869,1.882,1.926,1.988,2.020,2.008,1.979,1.950,1.740,1.522,1.323,1.228,1.227,1.182,1.170,1.178,1.169,1.168,1.132,1.101,1.075,1.072,1.094,1.098,1.096,1.103,1.109,1.174,1.178,1.193,1.175,1.143,1.132,1.144,1.176,1.163,1.180,1.178,1.201,1.239,1.242,1.236,1.214,1.195,1.184,1.200,1.209,1.200,1.208,1.217,1.229,1.217,1.232,1.249,1.239,1.246,1.216,1.214,1.232,1.219,1.231,1.224,1.238,1.258,1.268,1.282
Eixample,Districte,-,-,-,-,-,-,-,-,-,-,-,-,-,-,-,-,-,-,-,-,-,-,-,-,-,-,-,-,-,-,-,-,-,-,-,-,-,-,-,-,-,-,-,-,-,-,-,-,11.318,11.881,12.347,12.528,12.569,12.276,12.774,13.484,13.568,13.731,14.082,14.297,14.774,15.067,15.232,15.007,14.600,14.089,14.145,14.578,14.490,14.464,14.475,14.357,15.017,15.373,15.397,15.248,14.940,14.749,14.860,15.399,15.429,15.573,15.503,15.470,16.060,16.142,16.026,16.055,16.014,15.690,15.871,16.146,16.028,15.963,16.083,15.916,16.241,16.102,16.061,15.824,15.453,14.922,15.060,15.154,14.950,15.146,15.252,14.933,15.116,14.907,14.739,14.579,14.022,13.763,14.093,14.083,13.817,13.719,13.618,13.351,13.605,13.516,13.390,12.907,12.484,12.148,12.188,12.378,12.187,12.215,12.180,11.975,12.042,11.721,11.654,11.235,10.897,10.567,10.553,10.825,10.745,10.704,10.826,10.659,10.735,10.657,10.640,10.337,9.917,9.641,9.669,9.952,9.753,9.755,9.996,9.884,10.059,9.866,9.834,9.498,9.284,9.048,9.106,9.424,9.234,9.277,9.224,9.250,9.565,9.496,9.508,9.261,9.144,8.834,9.005,9.307,9.164,9.271,9.394,9.326,9.420,9.518,10.237,11.725,12.460,12.752,12.461,12.815,12.524,12.689,12.728,12.928,13.199,13.284,13.086,12.849,12.432,11.435,10.489,9.529,8.795,8.551,8.267,8.202,8.259,8.270,8.207,8.153,7.822,7.656,7.908,8.189,8.168,8.027,8.081,8.033,8.142,8.241,8.216,8.009,8.074,8.055,8.198,8.475,8.266,8.374,8.395,8.528,8.655,8.700,8.700,8.518,8.352,8.201,8.372,8.602,8.438,8.543,8.568,8.632,8.648,8.658,8.529,8.402,8.443,8.397,8.573,8.742,8.596,8.731,8.740,8.846,8.833,8.914,8.984
el Fort Pienc,Barri,-,-,-,-,-,-,-,-,-,-,-,-,-,-,-,-,-,-,-,-,-,-,-,-,-,-,-,-,-,-,-,-,-,-,-,-,-,-,-,-,-,-,-,-,-,-,-,-,-,-,-,-,-,-,-,-,-,-,-,-,-,-,-,-,-,-,-,-,-,-,-,-,1.901,1.922,1.924,1.914,1.880,1.870,1.856,1.923,1.934,1.952,1.939,1.921,1.987,2.026,2.014,2.005,1.996,1.928,1.961,2.017,2.007,1.983,2.012,1.986,2.039,2.024,2.025,1.980,1.932,1.858,1.883,1.898,1.855,1.874,1.875,1.848,1.879,1.847,1.850,1.843,1.778,1.755,1.786,1.795,1.752,1.756,1.734,1.691,1.715,1.720,1.729,1.664,1.599,1.551,1.544,1.572,1.543,1.514,1.502,1.468,1.479,1.442,1.422,1.379,1.334,1.294,1.280,1.326,1.326,1.340,1.350,1.347,1.368,1.351,1.342,1.301,1.267,1.230,1.257,1.274,1.232,1.230,1.268,1.254,1.276,1.257,1.255,1.235,1.202,1.169,1.184,1.200,1.180,1.184,1.167,1.158,1.206,1.188,1.196,1.179,1.160,1.104,1.137,1.152,1.156,1.174,1.178,1.156,1.169,1.173,1.288,1.458,1.577,1.610,1.567,1.621,1.583,1.612,1.614,1.640,1.680,1.696,1.660,1.649,1.594,1.453,1.329,1.212,1.099,1.085,1.074,1.064,1.063,1.056,1.045,1.051,1.009,992,1.010,1.040,1.038,1.040,1.034,1.029,1.074,1.087,1.099,1.079,1.079,1.102,1.116,1.134,1.125,1.141,1.134,1.140,1.138,1.162,1.144,1.136,1.110,1.092,1.121,1.137,1.118,1.149,1.162,1.168,1.174,1.169,1.145,1.132,1.135,1.131,1.162,1.180,1.158,1.171,1.178,1.194,1.208,1.217,1.224
la Sagrada Família,Barri,-,-,-,-,-,-,-,-,-,-,-,-,-,-,-,-,-,-,-,-,-,-,-,-,-,-,-,-,-,-,-,-,-,-,-,-,-,-,-,-,-,-,-,-,-,-,-,-,-,-,-,-,-,-,-,-,-,-,-,-,-,-,-,-,-,-,-,-,-,-,-,-,3.084,3.150,3.131,3.119,3.064,3.037,3.053,3.161,3.142,3.180,3.169,3.170,3.265,3.285,3.258,3.247,3.247,3.166,3.214,3.307,3.274,3.238,3.273,3.228,3.300,3.282,3.294,3.182,3.117,2.992,3.037,3.081,3.025,3.078,3.069,3.021,3.042,2.995,2.986,2.953,2.860,2.818,2.867,2.895,2.838,2.834,2.804,2.759,2.805,2.793,2.780,2.674,2.589,2.511,2.534,2.596,2.552,2.533,2.484,2.467,2.479,2.409,2.378,2.340,2.262,2.179,2.171,2.244,2.227,2.213,2.220,2.216,2.239,2.222,2.212,2.151,2.072,1.994,2.013,2.062,1.993,2.001,2.053,2.032,2.077,2.029,2.025,1.959,1.929,1.865,1.885,1.929,1.888,1.911,1.876,1.867,1.931,1.911,1.927,1.892,1.868,1.794,1.861,1.927,1.913,1.910,1.936,1.917,1.930,1.918,2.093,2.380,2.525,2.576,2.513,2.580,2.520,2.556,2.576,2.596,2.639,2.665,2.618,2.586,2.507,2.308,2.120,1.957,1.826,1.782,1.741,1.724,1.743,1.721,1.700,1.696,1.629,1.617,1.655,1.716,1.702,1.669,1.670,1.660,1.669,1.677,1.696,1.658,1.662,1.654,1.678,1.738,1.716,1.738,1.739,1.753,1.777,1.787,1.759,1.742,1.698,1.666,1.696,1.732,1.705,1.746,1.763,1.767,1.771,1.781,1.737,1.721,1.727,1.712,1.767,1.804,1.774,1.799,1.784,1.803,1.823,1.838,1.847
la Dreta de l'Eixample,Barri,-,-,-,-,-,-,-,-,-,-,-,-,-,-,-,-,-,-,-,-,-,-,-,-,-,-,-,-,-,-,-,-,-,-,-,-,-,-,-,-,-,-,-,-,-,-,-,-,-,-,-,-,-,-,-,-,-,-,-,-,-,-,-,-,-,-,-,-,-,-,-,-,2.071,2.129,2.143,2.090,2.051,2.030,2.040,2.122,2.115,2.133,2.123,2.123,2.223,2.222,2.221,2.258,2.246,2.180,2.206,2.219,2.196,2.172,2.186,2.166,2.209,2.169,2.186,2.160,2.110,2.037,2.071,2.097,2.032,2.040,2.031,2.011,2.015,2.036,2.002,1.960,1.869,1.878,1.928,1.916,1.862,1.850,1.832,1.796,1.794,1.810,1.796,1.734,1.692,1.671,1.675,1.715,1.679,1.697,1.676,1.651,1.669,1.642,1.621,1.566,1.498,1.475,1.456,1.489,1.463,1.438,1.476,1.447,1.466,1.460,1.439,1.376,1.312,1.293,1.306,1.353,1.299,1.294,1.335,1.338,1.340,1.319,1.299,1.259,1.248,1.209,1.233,1.259,1.230,1.242,1.217,1.217,1.286,1.277,1.276,1.236,1.239,1.194,1.209,1.232,1.225,1.243,1.258,1.255,1.269,1.296,1.390,1.594,1.739,1.794,1.757,1.806,1.757,1.804,1.816,1.843,1.885,1.898,1.872,1.835,1.781,1.655,1.505,1.342,1.243,1.199,1.163,1.165,1.165,1.144,1.135,1.107,1.076,1.044,1.061,1.119,1.119,1.117,1.152,1.145,1.133,1.145,1.130,1.117,1.139,1.144,1.172,1.202,1.182,1.194,1.205,1.231,1.243,1.259,1.267,1.241,1.204,1.196,1.223,1.277,1.271,1.276,1.250,1.274,1.252,1.255,1.264,1.246,1.248,1.244,1.263,1.291,1.266,1.264,1.266,1.291,1.283,1.285,1.333
l'Antiga Esquerra de l'Eixample,Barri,-,-,-,-,-,-,-,-,-,-,-,-,-,-,-,-,-,-,-,-,-,-,-,-,-,-,-,-,-,-,-,-,-,-,-,-,-,-,-,-,-,-,-,-,-,-,-,-,-,-,-,-,-,-,-,-,-,-,-,-,-,-,-,-,-,-,-,-,-,-,-,-,2.400,2.452,2.438,2.414,2.341,2.302,2.298,2.382,2.397,2.451,2.444,2.435,2.508,2.549,2.551,2.552,2.576,2.517,2.515,2.562,2.528,2.548,2.542,2.524,2.567,2.574,2.560,2.550,2.483,2.372,2.353,2.366,2.365,2.355,2.395,2.318,2.387,2.329,2.295,2.267,2.163,2.088,2.143,2.145,2.118,2.078,2.071,2.017,2.076,2.027,1.989,1.903,1.850,1.801,1.812,1.838,1.828,1.830,1.834,1.809,1.804,1.761,1.758,1.666,1.597,1.559,1.541,1.585,1.601,1.601,1.618,1.573,1.576,1.563,1.609,1.538,1.471,1.440,1.425,1.479,1.448,1.433,1.479,1.464,1.504,1.473,1.494,1.432,1.380,1.354,1.355,1.427,1.436,1.421,1.429,1.437,1.468,1.457,1.441,1.418,1.383,1.325,1.334,1.375,1.356,1.373,1.351,1.345,1.348,1.386,1.483,1.722,1.834,1.870,1.829,1.889,1.837,1.883,1.867,1.902,1.936,1.965,1.941,1.922,1.848,1.709,1.571,1.414,1.278,1.230,1.176,1.162,1.159,1.202,1.193,1.185,1.115,1.086,1.153,1.191,1.215,1.168,1.173,1.143,1.156,1.179,1.171,1.134,1.152,1.145,1.163,1.248,1.211,1.203,1.215,1.254,1.259,1.262,1.277,1.229,1.208,1.192,1.225,1.258,1.212,1.225,1.233,1.241,1.229,1.211,1.214,1.180,1.204,1.188,1.238,1.259,1.213,1.238,1.252,1.256,1.241,1.278,1.285
la Nova Esquerra de l'Eixample,Barri,-,-,-,-,-,-,-,-,-,-,-,-,-,-,-,-,-,-,-,-,-,-,-,-,-,-,-,-,-,-,-,-,-,-,-,-,-,-,-,-,-,-,-,-,-,-,-,-,-,-,-,-,-,-,-,-,-,-,-,-,-,-,-,-,-,-,-,-,-,-,-,-,3.211,3.301,3.316,3.293,3.235,3.185,3.243,3.344,3.363,3.374,3.365,3.356,3.499,3.498,3.443,3.436,3.410,3.392,3.448,3.485,3.485,3.477,3.506,3.465,3.532,3.489,3.447,3.419,3.329,3.245,3.296,3.293,3.267,3.344,3.392,3.317,3.342,3.295,3.242,3.215,3.104,3.028,3.114,3.084,3.051,3.028,3.014,2.970,3.026,2.994,2.956,2.864,2.763,2.675,2.696,2.716,2.674,2.704,2.726,2.668,2.684,2.597,2.600,2.501,2.456,2.368,2.393,2.435,2.393,2.381,2.403,2.357,2.359,2.345,2.337,2.302,2.210,2.143,2.136,2.201,2.196,2.200,2.233,2.196,2.226,2.181,2.166,2.085,2.040,1.990,1.996,2.089,2.015,2.035,2.048,2.056,2.122,2.122,2.126,2.048,2.020,1.978,2.001,2.099,2.039,2.064,2.121,2.117,2.151,2.169,2.301,2.632,2.748,2.817,2.743,2.808,2.749,2.752,2.766,2.818,2.881,2.890,2.851,2.767,2.684,2.470,2.275,2.073,1.931,1.880,1.807,1.789,1.814,1.820,1.819,1.809,1.739,1.697,1.758,1.808,1.783,1.753,1.769,1.764,1.779,1.802,1.798,1.737,1.750,1.735,1.781,1.829,1.758,1.795,1.789,1.806,1.857,1.864,1.878,1.840,1.804,1.751,1.783,1.832,1.795,1.803,1.814,1.825,1.848,1.857,1.809,1.781,1.785,1.797,1.806,1.848,1.836,1.869,1.872,1.890,1.877,1.890,1.895
Sant Antoni,Barri,-,-,-,-,-,-,-,-,-,-,-,-,-,-,-,-,-,-,-,-,-,-,-,-,-,-,-,-,-,-,-,-,-,-,-,-,-,-,-,-,-,-,-,-,-,-,-,-,-,-,-,-,-,-,-,-,-,-,-,-,-,-,-,-,-,-,-,-,-,-,-,-,2.351,2.419,2.449,2.421,2.369,2.327,2.374,2.467,2.480,2.484,2.468,2.464,2.579,2.564,2.541,2.562,2.543,2.507,2.530,2.559,2.541,2.545,2.567,2.551,2.594,2.567,2.550,2.536,2.484,2.419,2.423,2.422,2.408,2.459,2.492,2.424,2.451,2.407,2.366,2.346,2.249,2.199,2.259,2.251,2.196,2.176,2.169,2.119,2.189,2.172,2.141,2.069,1.990,1.940,1.927,1.941,1.911,1.938,1.959,1.910,1.927,1.871,1.875,1.784,1.750,1.691,1.712,1.746,1.735,1.731,1.760,1.719,1.728,1.717,1.700,1.668,1.586,1.541,1.532,1.583,1.585,1.598,1.628,1.600,1.636,1.607,1.594,1.528,1.485,1.462,1.452,1.520,1.484,1.484,1.488,1.514,1.552,1.541,1.541,1.486,1.475,1.439,1.463,1.522,1.476,1.507,1.551,1.535,1.553,1.577,1.682,1.939,2.038,2.086,2.051,2.112,2.077,2.081,2.090,2.129,2.177,2.170,2.144,2.092,2.019,1.840,1.689,1.530,1.417,1.374,1.305,1.298,1.316,1.326,1.315,1.305,1.253,1.220,1.272,1.315,1.311,1.279,1.283,1.292,1.331,1.351,1.322,1.284,1.292,1.273,1.288,1.324,1.273,1.303,1.313,1.344,1.379,1.365,1.375,1.330,1.328,1.304,1.324,1.366,1.336,1.344,1.345,1.357,1.373,1.385,1.359,1.342,1.344,1.324,1.337,1.360,1.349,1.390,1.390,1.412,1.401,1.406,1.400
Sants-Montjuïc,Districte,-,-,-,-,-,-,-,-,-,-,-,-,-,-,-,-,-,-,-,-,-,-,-,-,-,-,-,-,-,-,-,-,-,-,-,-,-,-,-,-,-,-,-,-,-,-,-,-,9.757,10.261,10.667,10.912,10.880,10.634,10.915,11.308,11.326,11.483,11.927,12.030,12.639,12.896,13.138,12.935,12.548,12.195,11.892,12.159,12.170,12.285,12.239,12.007,12.660,12.932,13.122,13.078,12.957,12.671,12.600,12.917,12.973,13.143,13.136,12.976,13.496,13.640,13.589,13.571,13.423,13.160,13.162,13.373,13.401,13.379,13.545,13.322,13.585,13.571,13.667,13.416,13.198,12.768,12.842,12.890,12.909,13.113,13.186,12.921,13.154,12.994,12.968,12.934,12.486,12.323,12.391,12.418,12.238,12.413,12.289,12.139,12.363,12.317,12.229,11.841,11.510,11.091,10.975,11.096,10.915,10.963,11.036,10.790,10.838,10.687,10.724,10.458,10.055,9.767,9.680,9.802,9.613,9.638,9.718,9.580,9.554,9.507,9.569,9.237,8.889,8.588,8.557,8.704,8.477,8.669,8.923,8.882,9.029,8.937,9.020,8.691,8.464,8.221,8.234,8.468,8.278,8.423,8.478,8.358,8.487,8.476,8.618,8.356,8.184,7.874,7.976,8.156,8.131,8.218,8.256,8.162,8.329,8.518,8.946,10.258,10.814,11.107,10.967,11.199,10.986,11.139,11.092,11.283,11.610,11.756,11.644,11.473,11.222,10.298,9.451,8.613,8.053,7.920,7.590,7.495,7.583,7.535,7.600,7.439,7.223,7.011,7.198,7.330,7.455,7.403,7.465,7.389,7.584,7.602,7.649,7.486,7.448,7.219,7.224,7.497,7.479,7.538,7.476,7.599,7.757,7.776,7.760,7.517,7.371,7.276,7.346,7.481,7.332,7.477,7.492,7.530,7.544,7.497,7.489,7.360,7.262,7.158,7.282,7.389,7.234,7.303,7.286,7.319,7.454,7.552,7.559
el Poble-sec,Barri,-,-,-,-,-,-,-,-,-,-,-,-,-,-,-,-,-,-,-,-,-,-,-,-,-,-,-,-,-,-,-,-,-,-,-,-,-,-,-,-,-,-,-,-,-,-,-,-,-,-,-,-,-,-,-,-,-,-,-,-,-,-,-,-,-,-,-,-,-,-,-,-,3.389,3.397,3.487,3.444,3.390,3.310,3.282,3.354,3.370,3.440,3.474,3.442,3.578,3.609,3.609,3.575,3.499,3.436,3.436,3.476,3.516,3.516,3.591,3.534,3.622,3.604,3.617,3.553,3.476,3.335,3.330,3.332,3.352,3.396,3.484,3.413,3.509,3.399,3.381,3.340,3.206,3.129,3.192,3.160,3.106,3.152,3.157,3.139,3.237,3.220,3.156,3.062,2.973,2.888,2.838,2.831,2.758,2.767,2.834,2.787,2.802,2.756,2.782,2.693,2.592,2.508,2.500,2.511,2.480,2.476,2.509,2.486,2.492,2.467,2.461,2.369,2.274,2.177,2.191,2.227,2.172,2.225,2.316,2.319,2.350,2.311,2.320,2.234,2.144,2.086,2.070,2.119,2.086,2.103,2.113,2.103,2.164,2.157,2.187,2.077,2.051,1.975,2.028,2.024,2.019,2.046,2.095,2.045,2.082,2.133,2.309,2.640,2.807,2.898,2.900,2.969,2.942,2.976,2.989,3.023,3.108,3.137,3.094,3.048,2.962,2.665,2.405,2.109,1.957,1.911,1.812,1.772,1.805,1.795,1.810,1.778,1.708,1.621,1.722,1.769,1.809,1.771,1.783,1.796,1.830,1.828,1.837,1.790,1.765,1.690,1.683,1.739,1.775,1.792,1.788,1.829,1.857,1.849,1.859,1.775,1.749,1.732,1.738,1.733,1.718,1.776,1.767,1.788,1.811,1.788,1.788,1.735,1.728,1.702,1.722,1.750,1.722,1.736,1.737,1.761,1.813,1.851,1.838
la Marina del Prat Vermell,Barri,-,-,-,-,-,-,-,-,-,-,-,-,-,-,-,-,-,-,-,-,-,-,-,-,-,-,-,-,-,-,-,-,-,-,-,-,-,-,-,-,-,-,-,-,-,-,-,-,-,-,-,-,-,-,-,-,-,-,-,-,-,-,-,-,-,-,-,-,-,-,-,-,119,117,118,120,125,125,125,131,127,137,132,135,143,146,148,155,152,148,148,147,153,151,151,152,147,151,148,143,137,136,137,134,130,138,145,148,149,151,155,159,157,158,148,145,139,151,142,136,146,152,155,160,156,144,141,136,142,143,140,147,151,147,138,141,139,131,124,121,117,121,123,125,125,121,127,121,116,113,105,105,105,107,116,115,113,114,110,109,108,100,98,96,97,104,99,96,99,99,99,96,98,96,95,94,91,95,97,93,96,98,101,114,121,127,124,122,117,128,126,130,138,141,144,144,146,137,121,112,109,106,101,98,100,97,98,96,93,89,91,90,91,91,90,89,106,107,104,100,98,96,97,101,103,102,100,99,101,103,103,99,100,96,94,93,91,96,97,98,96,96,97,94,91,89,88,87,83,82,83,85,83,83,83
la Marina de Port,Barri,-,-,-,-,-,-,-,-,-,-,-,-,-,-,-,-,-,-,-,-,-,-,-,-,-,-,-,-,-,-,-,-,-,-,-,-,-,-,-,-,-,-,-,-,-,-,-,-,-,-,-,-,-,-,-,-,-,-,-,-,-,-,-,-,-,-,-,-,-,-,-,-,2.216,2.293,2.300,2.328,2.315,2.315,2.271,2.293,2.289,2.332,2.313,2.301,2.360,2.450,2.423,2.433,2.421,2.372,2.369,2.411,2.391,2.403,2.413,2.388,2.437,2.461,2.499,2.438,2.419,2.325,2.355,2.349,2.362,2.427,2.382,2.354,2.396,2.382,2.416,2.424,2.352,2.339,2.338,2.327,2.283,2.348,2.306,2.292,2.362,2.338,2.350,2.280,2.262,2.142,2.130,2.133,2.073,2.116,2.094,2.072,2.097,2.062,2.097,2.025,1.973,1.917,1.891,1.876,1.866,1.882,1.886,1.816,1.844,1.822,1.897,1.839,1.762,1.689,1.697,1.698,1.644,1.690,1.751,1.728,1.754,1.715,1.733,1.678,1.662,1.607,1.592,1.656,1.624,1.684,1.678,1.645,1.664,1.662,1.674,1.624,1.572,1.533,1.562,1.573,1.588,1.568,1.570,1.548,1.588,1.625,1.702,1.919,2.000,2.066,2.008,2.036,1.977,2.056,2.054,2.129,2.223,2.266,2.284,2.274,2.217,2.028,1.903,1.788,1.668,1.666,1.595,1.605,1.620,1.600,1.597,1.570,1.531,1.487,1.495,1.505,1.517,1.524,1.526,1.504,1.533,1.526,1.568,1.543,1.547,1.494,1.479,1.513,1.513,1.522,1.498,1.500,1.546,1.554,1.553,1.519,1.515,1.463,1.470,1.489,1.457,1.476,1.494,1.501,1.499,1.504,1.519,1.500,1.482,1.451,1.473,1.476,1.470,1.489,1.476,1.492,1.494,1.495,1.523
la Font de la Guatlla,Barri,-,-,-,-,-,-,-,-,-,-,-,-,-,-,-,-,-,-,-,-,-,-,-,-,-,-,-,-,-,-,-,-,-,-,-,-,-,-,-,-,-,-,-,-,-,-,-,-,-,-,-,-,-,-,-,-,-,-,-,-,-,-,-,-,-,-,-,-,-,-,-,-,846,850,871,862,849,830,823,841,842,862,869,860,894,903,903,894,877,861,861,871,880,880,897,884,906,902,907,890,871,836,835,837,841,853,872,855,878,852,849,839,806,789,803,795,782,794,794,788,814,809,795,771,750,727,715,713,695,698,714,701,706,694,701,679,654,632,630,633,625,625,632,625,627,621,621,598,574,550,553,561,548,561,584,584,592,582,584,563,541,526,522,535,527,532,534,531,546,544,552,525,517,499,512,511,510,516,528,516,525,538,581,664,705,728,727,744,736,746,749,758,781,788,779,768,746,672,608,536,498,487,462,453,461,458,462,453,436,415,438,450,459,451,453,456,487,486,490,478,472,452,450,464,473,477,476,486,494,492,495,473,467,461,463,462,458,472,471,476,482,476,476,463,461,454,459,466,459,463,463,469,482,491,489
Hostafrancs,Barri,-,-,-,-,-,-,-,-,-,-,-,-,-,-,-,-,-,-,-,-,-,-,-,-,-,-,-,-,-,-,-,-,-,-,-,-,-,-,-,-,-,-,-,-,-,-,-,-,-,-,-,-,-,-,-,-,-,-,-,-,-,-,-,-,-,-,-,-,-,-,-,-,1.041,1.078,1.094,1.089,1.081,1.051,1.049,1.083,1.086,1.090,1.081,1.063,1.113,1.116,1.102,1.114,1.105,1.082,1.077,1.098,1.102,1.096,1.107,1.073,1.096,1.086,1.100,1.077,1.054,1.026,1.037,1.043,1.044,1.057,1.061,1.033,1.047,1.046,1.033,1.037,1.007,999,994,1.011,999,1.006,990,976,981,976,976,934,908,873,855,881,878,882,888,856,857,849,850,840,797,778,769,793,772,776,786,777,766,774,773,743,710,694,688,706,689,706,718,716,735,735,749,722,696,675,684,694,673,678,690,675,679,687,710,697,680,650,654,685,684,694,689,684,699,712,735,852,895,920,903,924,904,913,903,910,928,942,930,911,899,838,772,706,660,651,625,616,733,731,742,718,698,683,697,713,727,726,741,726,601,606,609,597,597,581,586,616,604,607,604,615,633,638,638,622,604,602,607,624,608,618,618,621,621,615,613,603,589,586,594,607,593,599,596,587,602,612,611
la Bordeta,Barri,-,-,-,-,-,-,-,-,-,-,-,-,-,-,-,-,-,-,-,-,-,-,-,-,-,-,-,-,-,-,-,-,-,-,-,-,-,-,-,-,-,-,-,-,-,-,-,-,-,-,-,-,-,-,-,-,-,-,-,-,-,-,-,-,-,-,-,-,-,-,-,-,1.221,1.265,1.283,1.279,1.270,1.233,1.231,1.270,1.274,1.279,1.268,1.247,1.305,1.309,1.293,1.307,1.296,1.269,1.264,1.288,1.292,1.286,1.299,1.259,1.285,1.274,1.291,1.265,1.236,1.205,1.217,1.225,1.225,1.240,1.244,1.211,1.228,1.227,1.212,1.217,1.181,1.171,1.166,1.186,1.171,1.181,1.161,1.145,1.151,1.145,1.145,1.096,1.066,1.024,1.003,1.033,1.031,1.035,1.042,1.004,1.005,996,997,985,935,913,902,930,905,911,923,912,899,908,907,871,833,814,807,828,808,828,843,840,862,862,879,847,816,792,803,815,790,795,810,792,797,806,833,818,798,763,768,803,802,814,808,803,821,836,862,1.000,1.050,1.080,1.060,1.085,1.061,1.071,1.059,1.068,1.089,1.105,1.091,1.069,1.055,983,906,828,775,764,734,723,733,731,742,718,698,683,697,713,727,726,741,726,729,734,738,724,724,704,710,746,733,736,733,746,768,773,773,754,732,730,736,756,738,749,749,753,752,746,743,731,714,711,720,736,719,726,722,711,730,742,741
Sants - Badal,Barri,-,-,-,-,-,-,-,-,-,-,-,-,-,-,-,-,-,-,-,-,-,-,-,-,-,-,-,-,-,-,-,-,-,-,-,-,-,-,-,-,-,-,-,-,-,-,-,-,-,-,-,-,-,-,-,-,-,-,-,-,-,-,-,-,-,-,-,-,-,-,-,-,1.323,1.352,1.362,1.359,1.349,1.304,1.311,1.358,1.376,1.383,1.387,1.359,1.421,1.420,1.434,1.416,1.411,1.382,1.392,1.420,1.406,1.399,1.413,1.408,1.425,1.434,1.432,1.419,1.415,1.380,1.385,1.401,1.395,1.407,1.403,1.372,1.384,1.381,1.380,1.377,1.322,1.310,1.317,1.331,1.318,1.324,1.315,1.282,1.283,1.290,1.277,1.246,1.186,1.158,1.171,1.193,1.177,1.165,1.161,1.129,1.127,1.115,1.099,1.072,1.031,1.003,996,1.019,986,982,981,977,965,956,948,923,906,881,865,885,860,872,886,881,890,889,893,854,851,834,843,883,861,882,888,879,886,870,876,862,846,808,804,840,826,846,840,845,857,880,905,1.046,1.108,1.117,1.108,1.133,1.110,1.103,1.090,1.112,1.142,1.150,1.129,1.109,1.084,1.008,926,866,819,797,776,765,764,760,769,758,744,737,744,752,764,760,761,747,791,797,785,770,764,752,756,787,775,786,775,793,796,796,781,755,732,729,751,785,763,771,776,771,765,763,755,754,742,725,754,764,730,738,741,751,759,766,765
Sants,Barri,-,-,-,-,-,-,-,-,-,-,-,-,-,-,-,-,-,-,-,-,-,-,-,-,-,-,-,-,-,-,-,-,-,-,-,-,-,-,-,-,-,-,-,-,-,-,-,-,-,-,-,-,-,-,-,-,-,-,-,-,-,-,-,-,-,-,-,-,-,-,-,-,2.505,2.580,2.607,2.598,2.579,2.504,2.507,2.589,2.607,2.621,2.613,2.568,2.684,2.689,2.678,2.677,2.661,2.610,2.614,2.663,2.661,2.648,2.673,2.621,2.667,2.659,2.673,2.632,2.590,2.525,2.547,2.567,2.561,2.594,2.597,2.535,2.564,2.558,2.540,2.540,2.454,2.430,2.433,2.463,2.439,2.455,2.425,2.380,2.389,2.386,2.374,2.291,2.209,2.135,2.124,2.176,2.160,2.158,2.164,2.094,2.093,2.070,2.060,2.024,1.934,1.884,1.868,1.918,1.863,1.865,1.878,1.861,1.836,1.839,1.835,1.773,1.714,1.672,1.651,1.694,1.651,1.681,1.710,1.701,1.733,1.730,1.752,1.684,1.646,1.602,1.622,1.670,1.621,1.645,1.666,1.637,1.652,1.651,1.687,1.657,1.621,1.551,1.553,1.626,1.611,1.639,1.630,1.629,1.660,1.695,1.749,2.023,2.129,2.172,2.137,2.186,2.139,2.146,2.123,2.152,2.200,2.227,2.193,2.149,2.112,1.966,1.810,1.668,1.568,1.538,1.485,1.463,1.475,1.470,1.490,1.454,1.418,1.395,1.417,1.443,1.467,1.461,1.480,1.452,1.506,1.518,1.517,1.485,1.482,1.450,1.463,1.532,1.504,1.517,1.503,1.531,1.562,1.571,1.560,1.520,1.472,1.464,1.488,1.538,1.499,1.519,1.522,1.524,1.520,1.509,1.498,1.481,1.455,1.441,1.472,1.502,1.457,1.470,1.468,1.463,1.490,1.511,1.510
Les Corts,Districte,-,-,-,-,-,-,-,-,-,-,-,-,-,-,-,-,-,-,-,-,-,-,-,-,-,-,-,-,-,-,-,-,-,-,-,-,-,-,-,-,-,-,-,-,-,-,-,-,3.277,3.441,3.595,3.709,3.716,3.586,3.718,3.910,3.905,3.905,4.004,4.024,4.227,4.352,4.409,4.293,4.176,4.032,3.999,4.140,4.071,4.092,4.044,3.958,4.172,4.278,4.306,4.292,4.251,4.148,4.161,4.297,4.328,4.368,4.360,4.308,4.489,4.500,4.491,4.449,4.430,4.374,4.415,4.494,4.484,4.460,4.490,4.444,4.498,4.509,4.485,4.440,4.366,4.254,4.315,4.329,4.302,4.358,4.376,4.284,4.309,4.283,4.267,4.245,4.098,4.034,4.079,4.102,4.069,4.081,4.049,3.960,3.981,3.990,3.955,3.840,3.685,3.576,3.616,3.677,3.629,3.612,3.616,3.518,3.520,3.465,3.432,3.346,3.228,3.137,3.133,3.206,3.104,3.097,3.100,3.075,3.045,3.032,3.026,2.943,2.874,2.794,2.776,2.843,2.756,2.783,2.836,2.823,2.865,2.841,2.854,2.743,2.706,2.639,2.677,2.788,2.706,2.758,2.780,2.742,2.773,2.750,2.781,2.726,2.673,2.567,2.572,2.696,2.655,2.688,2.694,2.708,2.738,2.801,2.900,3.327,3.494,3.545,3.491,3.565,3.491,3.484,3.460,3.525,3.611,3.653,3.593,3.514,3.450,3.226,2.969,2.748,2.583,2.525,2.441,2.401,2.421,2.409,2.435,2.407,2.344,2.306,2.344,2.379,2.397,2.373,2.408,2.365,2.358,2.379,2.380,2.317,2.317,2.286,2.325,2.424,2.365,2.391,2.368,2.402,2.445,2.454,2.430,2.373,2.299,2.261,2.317,2.399,2.337,2.365,2.375,2.376,2.371,2.358,2.321,2.298,2.279,2.264,2.327,2.376,2.289,2.316,2.315,2.333,2.349,2.378,2.380
les Corts,Barri,-,-,-,-,-,-,-,-,-,-,-,-,-,-,-,-,-,-,-,-,-,-,-,-,-,-,-,-,-,-,-,-,-,-,-,-,-,-,-,-,-,-,-,-,-,-,-,-,-,-,-,-,-,-,-,-,-,-,-,-,-,-,-,-,-,-,-,-,-,-,-,-,2.544,2.615,2.627,2.622,2.592,2.533,2.537,2.614,2.635,2.662,2.658,2.629,2.738,2.747,2.722,2.699,2.691,2.658,2.689,2.728,2.736,2.721,2.743,2.701,2.749,2.735,2.720,2.681,2.624,2.559,2.601,2.611,2.594,2.640,2.666,2.608,2.627,2.613,2.595,2.580,2.494,2.445,2.479,2.486,2.480,2.491,2.461,2.422,2.433,2.428,2.400,2.324,2.240,2.163,2.180,2.225,2.204,2.209,2.213,2.150,2.147,2.106,2.100,2.055,1.984,1.920,1.920,1.960,1.905,1.903,1.906,1.888,1.864,1.861,1.865,1.814,1.762,1.718,1.703,1.747,1.708,1.721,1.749,1.735,1.755,1.738,1.750,1.687,1.658,1.607,1.628,1.695,1.638,1.669,1.681,1.657,1.687,1.685,1.710,1.670,1.637,1.577,1.579,1.662,1.636,1.654,1.658,1.665,1.695,1.725,1.794,2.059,2.156,2.196,2.144,2.188,2.141,2.146,2.131,2.169,2.218,2.246,2.209,2.157,2.116,1.970,1.813,1.669,1.569,1.534,1.481,1.461,1.474,1.471,1.490,1.468,1.425,1.398,1.428,1.456,1.459,1.449,1.467,1.445,1.401,1.417,1.425,1.384,1.388,1.368,1.396,1.456,1.421,1.439,1.420,1.438,1.470,1.481,1.478,1.451,1.400,1.372,1.397,1.438,1.403,1.418,1.428,1.428,1.428,1.417,1.394,1.377,1.367,1.373,1.397,1.432,1.391,1.403,1.404,1.405,1.415,1.436,1.444
la Maternitat i Sant Ramon,Barri,-,-,-,-,-,-,-,-,-,-,-,-,-,-,-,-,-,-,-,-,-,-,-,-,-,-,-,-,-,-,-,-,-,-,-,-,-,-,-,-,-,-,-,-,-,-,-,-,-,-,-,-,-,-,-,-,-,-,-,-,-,-,-,-,-,-,-,-,-,-,-,-,1.309,1.337,1.346,1.343,1.333,1.289,1.296,1.343,1.361,1.367,1.371,1.344,1.404,1.403,1.418,1.400,1.395,1.366,1.376,1.404,1.390,1.384,1.397,1.392,1.409,1.417,1.415,1.404,1.398,1.365,1.368,1.386,1.379,1.391,1.386,1.356,1.368,1.365,1.365,1.362,1.307,1.295,1.302,1.316,1.303,1.309,1.300,1.267,1.268,1.276,1.263,1.232,1.173,1.145,1.158,1.179,1.164,1.152,1.148,1.116,1.114,1.102,1.086,1.060,1.019,992,984,1.008,975,971,970,966,954,945,937,912,896,871,855,875,850,862,876,871,880,879,883,844,842,825,834,873,851,872,878,869,876,860,866,853,837,799,795,831,817,837,830,835,848,870,895,1.034,1.095,1.104,1.095,1.120,1.098,1.091,1.077,1.100,1.129,1.137,1.116,1.096,1.072,997,915,856,810,788,767,756,756,751,760,749,735,729,735,743,756,751,752,739,774,779,768,753,747,736,739,770,758,769,758,776,779,779,764,738,716,713,735,768,747,754,759,754,748,746,738,738,726,709,738,747,714,722,724,735,743,750,748
Pedralbes,Barri,-,-,-,-,-,-,-,-,-,-,-,-,-,-,-,-,-,-,-,-,-,-,-,-,-,-,-,-,-,-,-,-,-,-,-,-,-,-,-,-,-,-,-,-,-,-,-,-,-,-,-,-,-,-,-,-,-,-,-,-,-,-,-,-,-,-,-,-,-,-,-,-,319,325,332,327,326,327,328,338,332,337,330,335,345,350,350,347,345,349,350,361,358,354,350,350,342,357,348,351,342,331,344,333,328,325,324,317,313,305,306,302,297,294,297,301,284,281,287,270,280,287,292,284,273,268,278,273,261,251,255,252,259,257,246,230,226,226,229,238,225,223,224,222,227,226,224,217,217,205,218,221,198,200,211,217,230,224,221,213,206,207,215,220,216,217,220,217,211,206,206,204,199,192,199,203,203,198,206,208,195,206,211,234,243,245,252,257,252,247,252,257,265,270,268,261,262,259,240,223,205,203,193,185,191,187,186,189,184,179,181,180,182,173,189,181,183,183,186,180,182,183,190,198,185,183,190,189,197,194,189,184,183,177,185,193,187,193,188,194,195,194,189,184,186,183,192,197,184,192,186,193,191,192,187
Sarrià-Sant Gervasi,Districte,-,-,-,-,-,-,-,-,-,-,-,-,-,-,-,-,-,-,-,-,-,-,-,-,-,-,-,-,-,-,-,-,-,-,-,-,-,-,-,-,-,-,-,-,-,-,-,-,3.953,4.152,4.396,4.489,4.526,4.490,4.758,5.015,5.041,5.004,5.145,5.195,5.328,5.365,5.391,5.348,5.218,5.132,5.244,5.398,5.258,5.215,5.165,5.108,5.249,5.367,5.403,5.372,5.316,5.149,5.233,5.417,5.384,5.454,5.425,5.433,5.630,5.630,5.642,5.584,5.499,5.439,5.569,5.643,5.537,5.541,5.582,5.563,5.635,5.702,5.660,5.586,5.431,5.260,5.325,5.381,5.357,5.339,5.330,5.250,5.274,5.187,5.118,5.062,4.866,4.795,4.949,4.960,4.818,4.837,4.781,4.693,4.691,4.758,4.715,4.607,4.466,4.343,4.447,4.459,4.380,4.325,4.320,4.225,4.208,4.106,4.105,3.980,3.855,3.762,3.820,3.874,3.855,3.827,3.805,3.758,3.761,3.699,3.696,3.586,3.554,3.396,3.443,3.519,3.413,3.437,3.509,3.511,3.569,3.535,3.556,3.427,3.348,3.268,3.376,3.453,3.333,3.392,3.454,3.449,3.476,3.448,3.432,3.372,3.290,3.226,3.342,3.504,3.390,3.445,3.454,3.480,3.484,3.509,3.676,4.205,4.398,4.493,4.467,4.533,4.449,4.444,4.485,4.548,4.649,4.682,4.605,4.509,4.436,4.178,3.871,3.553,3.287,3.189,3.042,3.008,3.043,2.981,2.991,2.956,2.868,2.825,2.947,3.059,3.068,3.016,3.087,3.142,3.158,3.167,3.161,3.084,3.040,3.070,3.151,3.240,3.109,3.153,3.192,3.207,3.217,3.236,3.280,3.262,3.243,3.185,3.209,3.300,3.200,3.212,3.185,3.218,3.255,3.252,3.158,3.149,3.130,3.108,3.239,3.318,3.239,3.237,3.244,3.263,3.250,3.273,3.274
"Vallvidrera, el Tibidabo i les Planes",Barri,-,-,-,-,-,-,-,-,-,-,-,-,-,-,-,-,-,-,-,-,-,-,-,-,-,-,-,-,-,-,-,-,-,-,-,-,-,-,-,-,-,-,-,-,-,-,-,-,-,-,-,-,-,-,-,-,-,-,-,-,-,-,-,-,-,-,-,-,-,-,-,-,116,121,121,121,119,115,117,121,123,126,123,123,130,129,128,128,123,125,132,134,132,131,133,133,136,137,133,131,126,126,129,127,125,127,131,129,128,127,124,121,115,113,117,118,118,117,118,116,114,115,115,114,110,106,112,112,110,110,110,108,104,101,103,98,96,95,96,97,93,94,93,91,93,91,93,90,88,87,88,89,86,89,89,90,92,94,93,91,89,87,92,97,90,91,93,93,91,93,92,89,86,84,86,91,89,94,92,91,91,92,98,111,116,118,118,120,120,119,120,122,126,127,124,124,122,116,109,99,93,91,85,85,86,85,85,82,80,80,83,85,84,82,83,87,102,104,104,100,97,99,102,105,102,105,107,106,106,106,107,108,110,107,106,107,102,101,103,103,103,102,101,102,101,100,102,102,99,99,99,98,99,101,102
Sarrià,Barri,-,-,-,-,-,-,-,-,-,-,-,-,-,-,-,-,-,-,-,-,-,-,-,-,-,-,-,-,-,-,-,-,-,-,-,-,-,-,-,-,-,-,-,-,-,-,-,-,-,-,-,-,-,-,-,-,-,-,-,-,-,-,-,-,-,-,-,-,-,-,-,-,660,678,686,680,675,669,673,695,689,702,689,696,723,726,726,721,710,718,733,750,744,735,735,733,728,752,730,734,711,693,718,699,688,688,692,680,674,658,655,645,627,617,632,637,614,610,618,591,602,612,620,607,585,570,596,588,568,554,558,551,554,546,532,503,492,490,496,510,486,485,483,478,489,484,485,470,465,447,467,473,436,443,459,469,492,486,479,464,453,450,469,486,468,472,479,474,463,458,457,449,437,423,436,452,447,449,457,459,441,459,474,530,553,559,569,579,572,564,573,584,602,611,602,593,590,574,536,495,458,452,427,414,426,418,416,416,404,397,405,408,409,393,417,413,425,428,432,417,416,419,435,452,429,431,445,440,452,446,442,437,439,426,436,448,432,437,435,443,444,440,431,427,427,423,438,445,422,433,424,433,431,435,431
les Tres Torres,Barri,-,-,-,-,-,-,-,-,-,-,-,-,-,-,-,-,-,-,-,-,-,-,-,-,-,-,-,-,-,-,-,-,-,-,-,-,-,-,-,-,-,-,-,-,-,-,-,-,-,-,-,-,-,-,-,-,-,-,-,-,-,-,-,-,-,-,-,-,-,-,-,-,453,473,471,472,463,450,455,472,479,489,483,480,505,502,502,496,483,490,513,518,513,509,521,514,529,533,517,512,492,488,501,496,486,495,507,500,498,493,481,472,448,437,458,459,460,458,458,451,445,446,448,442,429,414,437,435,428,427,426,419,405,395,399,383,375,369,372,376,363,365,362,356,362,354,363,351,342,338,342,345,336,344,347,349,359,363,359,353,347,337,355,375,348,352,359,359,355,360,356,345,333,327,333,355,345,365,356,355,355,359,379,430,452,458,457,465,463,461,465,473,487,493,481,479,472,447,421,385,361,352,330,327,334,329,329,318,308,308,320,329,326,319,322,336,329,336,335,323,314,320,330,340,330,339,346,343,344,342,346,349,355,347,343,346,332,326,333,334,335,329,326,330,326,326,332,332,323,322,321,319,320,326,330
Sant Gervasi - la Bonanova,Barri,-,-,-,-,-,-,-,-,-,-,-,-,-,-,-,-,-,-,-,-,-,-,-,-,-,-,-,-,-,-,-,-,-,-,-,-,-,-,-,-,-,-,-,-,-,-,-,-,-,-,-,-,-,-,-,-,-,-,-,-,-,-,-,-,-,-,-,-,-,-,-,-,844,858,849,860,854,823,843,899,885,893,886,880,907,904,900,886,876,862,879,881,872,871,875,863,879,897,870,866,853,823,835,852,857,861,864,859,847,833,814,822,801,774,819,823,779,798,784,787,778,786,754,733,722,714,737,739,720,707,700,685,691,678,688,676,651,620,637,637,648,637,643,623,606,606,601,589,585,556,573,581,584,572,597,590,596,581,583,566,549,540,547,563,523,524,537,547,577,564,545,541,539,536,543,582,560,583,571,583,592,592,615,697,729,751,747,757,727,719,723,719,745,760,747,734,739,693,631,587,542,523,509,502,500,489,490,482,462,449,473,498,509,502,520,524,524,539,535,515,507,507,508,523,506,518,520,523,533,535,543,538,535,527,525,543,538,542,513,514,525,550,517,516,525,526,561,569,559,539,568,558,551,549,552
Sant Gervasi - Galvany,Barri,-,-,-,-,-,-,-,-,-,-,-,-,-,-,-,-,-,-,-,-,-,-,-,-,-,-,-,-,-,-,-,-,-,-,-,-,-,-,-,-,-,-,-,-,-,-,-,-,-,-,-,-,-,-,-,-,-,-,-,-,-,-,-,-,-,-,-,-,-,-,-,-,1.692,1.730,1.757,1.723,1.703,1.641,1.669,1.712,1.695,1.723,1.723,1.727,1.789,1.791,1.790,1.781,1.743,1.705,1.767,1.788,1.732,1.750,1.768,1.771,1.798,1.817,1.836,1.803,1.750,1.676,1.675,1.707,1.697,1.684,1.671,1.640,1.651,1.622,1.604,1.587,1.522,1.516,1.543,1.534,1.489,1.503,1.468,1.437,1.416,1.466,1.450,1.423,1.363,1.328,1.332,1.339,1.320,1.313,1.316,1.280,1.274,1.231,1.239,1.210,1.167,1.147,1.163,1.178,1.187,1.175,1.160,1.154,1.154,1.133,1.129,1.084,1.096,1.034,1.037,1.065,1.037,1.054,1.068,1.058,1.070,1.061,1.075,1.032,1.019,979,1.014,1.010,1.000,1.028,1.066,1.065,1.069,1.057,1.056,1.036,999,991,1.050,1.089,1.038,1.037,1.044,1.049,1.043,1.047,1.082,1.257,1.324,1.354,1.340,1.361,1.334,1.353,1.366,1.400,1.420,1.426,1.406,1.363,1.327,1.239,1.153,1.058,969,940,887,875,883,860,873,874,857,846,879,916,922,918,938,969,986,968,973,972,954,972,1.003,1.017,973,983,984,986,969,988,1.005,1.014,997,978,993,1.020,980,998,997,1.009,1.021,1.004,974,974,959,942,990,1.021,1.024,1.031,1.019,1.033,1.031,1.035,1.025
el Putxet i el Farró,Barri,-,-,-,-,-,-,-,-,-,-,-,-,-,-,-,-,-,-,-,-,-,-,-,-,-,-,-,-,-,-,-,-,-,-,-,-,-,-,-,-,-,-,-,-,-,-,-,-,-,-,-,-,-,-,-,-,-,-,-,-,-,-,-,-,-,-,-,-,-,-,-,-,1.487,1.508,1.520,1.520,1.506,1.453,1.478,1.522,1.514,1.525,1.525,1.529,1.582,1.583,1.592,1.577,1.565,1.540,1.546,1.574,1.548,1.549,1.551,1.550,1.564,1.571,1.575,1.542,1.502,1.455,1.468,1.499,1.507,1.486,1.468,1.447,1.476,1.454,1.441,1.420,1.358,1.344,1.380,1.390,1.361,1.356,1.336,1.312,1.336,1.335,1.327,1.289,1.257,1.210,1.233,1.245,1.233,1.214,1.210,1.182,1.179,1.156,1.144,1.109,1.073,1.041,1.057,1.076,1.079,1.071,1.064,1.055,1.057,1.030,1.025,1.002,979,935,935,966,935,936,949,956,960,950,968,922,891,876,899,923,904,925,920,911,922,916,925,913,896,865,895,935,912,917,934,943,960,959,1.028,1.180,1.224,1.254,1.236,1.251,1.233,1.228,1.237,1.249,1.270,1.265,1.245,1.217,1.187,1.109,1.020,929,864,832,805,806,813,800,797,785,759,747,785,823,819,801,806,814,794,792,783,757,752,753,775,803,770,777,789,808,812,820,838,816,808,800,806,836,815,809,803,815,826,827,808,801,790,791,815,848,811,812,814,823,817,827,833
Gràcia,Districte,-,-,-,-,-,-,-,-,-,-,-,-,-,-,-,-,-,-,-,-,-,-,-,-,-,-,-,-,-,-,-,-,-,-,-,-,-,-,-,-,-,-,-,-,-,-,-,-,5.608,5.955,6.137,6.208,6.222,6.064,6.374,6.710,6.757,6.922,7.037,7.153,7.398,7.513,7.522,7.414,7.153,7.020,7.055,7.311,7.214,7.144,7.046,6.961,7.322,7.465,7.501,7.395,7.308,7.163,7.300,7.479,7.481,7.439,7.436,7.488,7.794,7.776,7.791,7.768,7.732,7.626,7.706,7.881,7.782,7.724,7.740,7.657,7.752,7.718,7.733,7.594,7.384,7.182,7.248,7.374,7.341,7.374,7.302,7.157,7.266,7.136,7.060,6.920,6.621,6.542,6.734,6.805,6.651,6.578,6.555,6.447,6.528,6.502,6.439,6.229,6.002,5.824,5.940,6.092,5.963,5.903,5.866,5.788,5.767,5.654,5.564,5.377,5.220,5.072,5.135,5.322,5.203,5.177,5.165,5.108,5.145,5.102,5.089,4.948,4.807,4.652,4.670,4.839,4.633,4.685,4.769,4.781,4.849,4.789,4.809,4.626,4.514,4.385,4.488,4.639,4.445,4.510,4.504,4.469,4.538,4.525,4.544,4.408,4.329,4.248,4.380,4.594,4.501,4.534,4.627,4.617,4.678,4.689,5.073,5.813,6.077,6.258,6.164,6.275,6.088,6.095,6.080,6.145,6.238,6.274,6.189,6.055,5.886,5.502,5.003,4.616,4.325,4.160,4.040,3.999,4.067,4.045,4.024,3.991,3.816,3.756,3.906,4.061,3.981,3.927,3.936,3.948,4.005,4.024,3.999,3.829,3.851,3.805,3.961,4.146,4.041,4.056,4.136,4.214,4.273,4.288,4.281,4.181,4.110,4.063,4.161,4.251,4.160,4.189,4.135,4.181,4.194,4.261,4.219,4.157,4.142,4.083,4.200,4.327,4.202,4.219,4.174,4.235,4.303,4.285,4.301
Vallcarca i els Penitents,Barri,-,-,-,-,-,-,-,-,-,-,-,-,-,-,-,-,-,-,-,-,-,-,-,-,-,-,-,-,-,-,-,-,-,-,-,-,-,-,-,-,-,-,-,-,-,-,-,-,-,-,-,-,-,-,-,-,-,-,-,-,-,-,-,-,-,-,-,-,-,-,-,-,916,938,945,950,939,917,931,956,959,959,953,955,989,990,1.005,992,993,986,970,991,982,980,981,978,992,987,996,976,951,915,934,946,947,943,937,919,945,926,918,901,855,847,866,875,872,862,856,837,867,851,849,827,809,767,781,792,784,776,777,759,753,732,720,688,671,641,652,666,670,677,678,670,685,662,661,650,627,606,596,616,601,604,604,610,618,617,625,593,570,562,574,598,583,597,588,576,590,584,596,590,578,561,579,605,601,595,606,615,628,629,686,780,806,823,815,826,817,810,821,826,834,832,813,801,777,729,671,602,573,548,534,530,535,529,524,520,506,502,520,544,537,532,534,531,522,520,514,496,489,485,498,516,501,505,514,525,536,538,551,538,530,523,525,545,534,523,521,528,538,539,538,530,519,518,525,547,516,522,517,523,522,531,537
el Coll,Barri,-,-,-,-,-,-,-,-,-,-,-,-,-,-,-,-,-,-,-,-,-,-,-,-,-,-,-,-,-,-,-,-,-,-,-,-,-,-,-,-,-,-,-,-,-,-,-,-,-,-,-,-,-,-,-,-,-,-,-,-,-,-,-,-,-,-,-,-,-,-,-,-,389,396,400,404,399,389,395,406,408,407,404,404,418,420,426,420,420,417,410,420,415,414,414,414,419,415,420,410,397,383,393,398,399,395,393,386,399,389,386,379,357,354,365,368,367,363,359,351,366,359,358,348,341,322,329,334,331,327,329,320,316,308,302,288,280,267,273,278,280,284,285,281,288,277,277,273,262,254,249,257,252,251,251,254,257,258,262,246,235,233,238,248,243,249,245,239,244,241,248,247,242,234,242,253,252,248,253,259,265,264,290,330,339,347,344,348,344,341,346,347,349,347,339,334,325,305,280,250,237,224,219,219,219,217,214,211,207,206,215,226,223,220,220,219,245,243,239,231,227,226,232,240,233,235,239,245,251,253,259,252,248,246,246,256,251,245,245,248,253,253,253,249,243,244,247,258,242,245,243,245,243,248,252
la Salut,Barri,-,-,-,-,-,-,-,-,-,-,-,-,-,-,-,-,-,-,-,-,-,-,-,-,-,-,-,-,-,-,-,-,-,-,-,-,-,-,-,-,-,-,-,-,-,-,-,-,-,-,-,-,-,-,-,-,-,-,-,-,-,-,-,-,-,-,-,-,-,-,-,-,790,816,813,805,794,784,800,817,813,807,807,809,837,841,841,835,832,824,832,850,837,833,831,818,834,843,846,838,816,792,793,796,789,793,789,776,793,781,767,755,723,717,736,744,730,724,720,708,723,712,704,678,656,628,643,659,652,634,621,620,619,604,597,571,561,545,554,578,564,557,556,544,554,547,544,525,517,508,514,532,505,521,522,525,534,528,534,515,506,490,501,524,505,512,509,504,512,507,512,496,483,481,496,528,515,519,532,526,536,536,586,657,686,700,686,696,680,679,668,680,690,698,692,677,654,612,560,517,488,472,454,446,449,449,449,450,426,422,435,455,440,441,442,441,444,454,454,432,436,434,452,466,454,452,464,469,472,464,467,459,452,442,460,475,460,466,455,455,456,466,466,461,460,453,459,477,466,469,461,466,474,469,460
la Vila de Gràcia,Barri,-,-,-,-,-,-,-,-,-,-,-,-,-,-,-,-,-,-,-,-,-,-,-,-,-,-,-,-,-,-,-,-,-,-,-,-,-,-,-,-,-,-,-,-,-,-,-,-,-,-,-,-,-,-,-,-,-,-,-,-,-,-,-,-,-,-,-,-,-,-,-,-,3.222,3.254,3.289,3.203,3.175,3.092,3.161,3.224,3.246,3.204,3.208,3.245,3.401,3.384,3.400,3.399,3.358,3.308,3.377,3.456,3.417,3.380,3.394,3.348,3.368,3.336,3.327,3.284,3.172,3.119,3.143,3.218,3.220,3.236,3.187,3.114,3.156,3.082,3.061,2.991,2.853,2.812,2.911,2.941,2.841,2.804,2.808,2.769,2.760,2.784,2.758,2.669,2.536,2.494,2.544,2.618,2.531,2.514,2.530,2.477,2.463,2.434,2.386,2.308,2.227,2.197,2.230,2.320,2.237,2.228,2.212,2.196,2.185,2.192,2.192,2.128,2.085,2.009,2.029,2.102,2.001,2.008,2.075,2.082,2.101,2.078,2.077,2.018,1.965,1.900,1.951,2.004,1.890,1.900,1.925,1.923,1.934,1.944,1.928,1.847,1.817,1.789,1.836,1.923,1.872,1.914,1.953,1.939,1.966,1.985,2.124,2.465,2.586,2.692,2.661,2.713,2.598,2.604,2.583,2.619,2.670,2.685,2.652,2.586,2.520,2.353,2.117,1.968,1.815,1.742,1.703,1.682,1.718,1.720,1.723,1.699,1.619,1.577,1.656,1.704,1.671,1.641,1.637,1.664,1.679,1.685,1.667,1.579,1.603,1.583,1.668,1.769,1.718,1.718,1.756,1.797,1.821,1.853,1.828,1.781,1.749,1.743,1.788,1.802,1.762,1.785,1.758,1.791,1.799,1.840,1.813,1.776,1.775,1.738,1.808,1.848,1.797,1.791,1.790,1.824,1.865,1.842,1.856
el Camp d'en Grassot i Gràcia Nova,Barri,-,-,-,-,-,-,-,-,-,-,-,-,-,-,-,-,-,-,-,-,-,-,-,-,-,-,-,-,-,-,-,-,-,-,-,-,-,-,-,-,-,-,-,-,-,-,-,-,-,-,-,-,-,-,-,-,-,-,-,-,-,-,-,-,-,-,-,-,-,-,-,-,2.002,2.059,2.053,2.030,1.999,1.983,2.011,2.074,2.050,2.059,2.062,2.075,2.148,2.138,2.122,2.119,2.126,2.089,2.114,2.165,2.132,2.115,2.125,2.097,2.136,2.135,2.144,2.086,2.046,1.970,1.985,2.015,1.983,2.006,1.994,1.961,1.973,1.954,1.925,1.894,1.830,1.810,1.855,1.875,1.840,1.823,1.807,1.783,1.813,1.795,1.771,1.708,1.660,1.613,1.643,1.689,1.665,1.652,1.610,1.612,1.615,1.576,1.559,1.522,1.481,1.423,1.427,1.481,1.452,1.431,1.434,1.417,1.433,1.423,1.416,1.371,1.316,1.275,1.282,1.332,1.274,1.300,1.318,1.310,1.338,1.309,1.310,1.253,1.239,1.200,1.224,1.265,1.224,1.251,1.236,1.227,1.258,1.249,1.260,1.227,1.209,1.183,1.227,1.285,1.261,1.258,1.284,1.277,1.284,1.275,1.386,1.580,1.659,1.695,1.659,1.691,1.648,1.660,1.662,1.675,1.695,1.712,1.693,1.657,1.609,1.502,1.375,1.279,1.212,1.175,1.130,1.122,1.146,1.130,1.115,1.110,1.057,1.049,1.080,1.132,1.111,1.094,1.103,1.092,1.115,1.124,1.126,1.090,1.096,1.077,1.110,1.154,1.134,1.145,1.162,1.178,1.193,1.180,1.175,1.151,1.131,1.109,1.142,1.174,1.153,1.169,1.156,1.160,1.148,1.163,1.149,1.140,1.144,1.130,1.162,1.197,1.180,1.191,1.163,1.177,1.198,1.195,1.196
Horta-Guinardó,Districte,-,-,-,-,-,-,-,-,-,-,-,-,-,-,-,-,-,-,-,-,-,-,-,-,-,-,-,-,-,-,-,-,-,-,-,-,-,-,-,-,-,-,-,-,-,-,-,-,8.576,9.063,9.449,9.668,9.698,9.506,9.757,10.222,10.336,10.497,10.622,10.778,11.203,11.382,11.477,11.351,10.998,10.736,10.667,11.017,10.851,10.891,10.817,10.730,11.193,11.556,11.734,11.662,11.443,11.192,11.231,11.568,11.586,11.646,11.661,11.678,12.096,12.223,12.220,12.220,12.177,11.986,12.008,12.207,12.173,12.283,12.296,12.225,12.362,12.436,12.527,12.453,12.220,11.793,11.859,11.953,11.854,12.061,12.051,11.822,11.962,11.893,11.800,11.646,11.273,11.042,11.085,11.158,11.048,11.056,10.844,10.728,10.869,10.819,10.764,10.458,10.054,9.780,9.807,9.984,9.818,9.874,9.768,9.670,9.713,9.444,9.414,9.134,8.967,8.655,8.607,8.820,8.752,8.681,8.696,8.547,8.624,8.582,8.552,8.313,8.038,7.743,7.751,7.924,7.794,7.977,8.092,7.973,8.098,8.003,8.005,7.745,7.593,7.379,7.443,7.664,7.447,7.595,7.519,7.465,7.602,7.531,7.530,7.400,7.268,7.027,7.174,7.404,7.318,7.451,7.531,7.454,7.640,7.683,8.146,9.225,9.708,9.876,9.685,9.818,9.699,9.738,9.661,9.876,10.171,10.323,10.184,10.035,9.767,9.124,8.436,7.753,7.391,7.333,7.102,6.948,7.067,6.987,6.991,6.940,6.618,6.455,6.592,6.769,6.730,6.649,6.732,6.657,6.813,6.860,6.930,6.758,6.731,6.552,6.620,6.785,6.747,6.774,6.849,6.937,7.032,7.013,7.017,6.878,6.772,6.611,6.682,6.845,6.744,6.852,6.845,6.864,6.983,7.078,6.973,6.874,6.835,6.696,6.814,6.920,6.763,6.824,6.831,6.908,7.005,7.012,6.969
el Baix Guinardó,Barri,-,-,-,-,-,-,-,-,-,-,-,-,-,-,-,-,-,-,-,-,-,-,-,-,-,-,-,-,-,-,-,-,-,-,-,-,-,-,-,-,-,-,-,-,-,-,-,-,-,-,-,-,-,-,-,-,-,-,-,-,-,-,-,-,-,-,-,-,-,-,-,-,1.537,1.585,1.570,1.562,1.536,1.518,1.546,1.592,1.573,1.584,1.583,1.592,1.640,1.638,1.625,1.619,1.621,1.597,1.618,1.661,1.638,1.622,1.630,1.606,1.637,1.638,1.646,1.595,1.563,1.504,1.520,1.540,1.522,1.548,1.540,1.513,1.523,1.503,1.484,1.459,1.412,1.394,1.423,1.440,1.414,1.406,1.396,1.378,1.406,1.389,1.371,1.319,1.282,1.238,1.265,1.301,1.284,1.273,1.238,1.244,1.247,1.211,1.196,1.176,1.142,1.102,1.108,1.149,1.129,1.107,1.107,1.097,1.107,1.102,1.098,1.066,1.028,992,997,1.031,989,1.005,1.020,1.017,1.040,1.014,1.016,974,966,931,943,978,950,966,950,945,969,961,969,945,931,911,946,1.000,981,974,996,990,998,990,1.077,1.222,1.276,1.300,1.272,1.295,1.266,1.275,1.277,1.287,1.302,1.316,1.300,1.275,1.236,1.150,1.058,984,936,905,873,862,877,866,858,854,815,813,836,872,855,835,840,835,839,845,852,824,829,814,835,872,854,858,869,878,896,888,881,868,847,829,848,873,855,872,868,868,868,882,868,860,862,850,874,900,886,897,879,887,898,900,896
Can Baró,Barri,-,-,-,-,-,-,-,-,-,-,-,-,-,-,-,-,-,-,-,-,-,-,-,-,-,-,-,-,-,-,-,-,-,-,-,-,-,-,-,-,-,-,-,-,-,-,-,-,-,-,-,-,-,-,-,-,-,-,-,-,-,-,-,-,-,-,-,-,-,-,-,-,567,586,583,577,568,562,574,585,582,577,578,578,599,603,601,598,595,589,597,609,600,596,594,585,597,604,606,601,586,568,568,570,565,568,565,555,567,559,549,539,518,514,528,533,522,517,515,507,517,510,504,484,468,449,459,471,467,453,442,442,443,432,427,408,402,391,397,416,404,398,397,388,395,391,389,375,370,363,369,382,362,374,375,377,383,379,383,370,364,353,361,377,363,368,366,363,368,365,367,356,346,346,356,379,369,373,382,377,384,384,420,471,492,502,491,498,487,486,477,486,494,500,496,485,469,438,401,371,350,340,326,320,322,322,323,324,306,303,312,326,315,316,316,316,312,319,320,305,308,306,319,328,321,319,328,330,332,326,328,322,317,310,323,333,323,328,320,319,320,327,327,324,324,319,323,335,328,331,325,328,335,330,323
el Guinardó,Barri,-,-,-,-,-,-,-,-,-,-,-,-,-,-,-,-,-,-,-,-,-,-,-,-,-,-,-,-,-,-,-,-,-,-,-,-,-,-,-,-,-,-,-,-,-,-,-,-,-,-,-,-,-,-,-,-,-,-,-,-,-,-,-,-,-,-,-,-,-,-,-,-,2.267,2.362,2.406,2.385,2.339,2.297,2.308,2.375,2.344,2.366,2.349,2.394,2.474,2.499,2.517,2.505,2.494,2.471,2.490,2.531,2.504,2.533,2.514,2.494,2.526,2.537,2.530,2.513,2.460,2.374,2.402,2.419,2.397,2.460,2.445,2.415,2.469,2.466,2.439,2.412,2.324,2.289,2.311,2.333,2.303,2.278,2.216,2.191,2.215,2.216,2.216,2.136,2.025,2.025,2.048,2.080,2.044,2.061,2.045,2.027,2.031,1.952,1.952,1.881,1.851,1.787,1.790,1.851,1.836,1.796,1.812,1.789,1.800,1.781,1.762,1.688,1.642,1.591,1.597,1.629,1.611,1.617,1.657,1.620,1.655,1.647,1.616,1.588,1.536,1.489,1.519,1.564,1.519,1.551,1.528,1.509,1.537,1.514,1.500,1.475,1.466,1.404,1.431,1.476,1.466,1.488,1.490,1.475,1.537,1.524,1.623,1.843,1.954,1.983,1.950,1.984,1.957,1.953,1.929,1.970,2.049,2.087,2.064,2.027,1.968,1.821,1.705,1.580,1.458,1.465,1.435,1.420,1.437,1.408,1.419,1.410,1.367,1.331,1.359,1.418,1.393,1.353,1.372,1.359,1.413,1.402,1.400,1.373,1.388,1.350,1.350,1.380,1.343,1.358,1.387,1.399,1.421,1.396,1.404,1.402,1.374,1.348,1.346,1.396,1.384,1.413,1.409,1.417,1.428,1.445,1.414,1.414,1.413,1.375,1.396,1.429,1.380,1.405,1.418,1.438,1.470,1.445,1.430
la Font d'en Fargues,Barri,-,-,-,-,-,-,-,-,-,-,-,-,-,-,-,-,-,-,-,-,-,-,-,-,-,-,-,-,-,-,-,-,-,-,-,-,-,-,-,-,-,-,-,-,-,-,-,-,-,-,-,-,-,-,-,-,-,-,-,-,-,-,-,-,-,-,-,-,-,-,-,-,722,736,754,749,731,710,706,728,730,733,742,731,758,774,770,773,765,753,755,765,766,778,782,782,786,790,798,799,780,751,758,764,752,765,769,755,763,759,753,743,717,700,695,700,693,699,681,672,687,684,680,660,632,615,613,624,609,619,615,605,607,594,594,576,566,546,543,554,547,546,549,535,540,535,535,524,503,487,486,497,496,509,514,503,507,502,507,482,473,462,465,478,465,476,469,465,472,466,469,464,452,433,443,456,451,461,467,464,480,479,508,571,598,610,597,602,595,599,585,603,623,633,627,621,609,572,533,484,463,459,444,429,435,429,427,420,398,386,396,403,404,400,404,398,420,422,432,422,415,404,402,409,413,415,417,426,431,435,432,419,414,405,408,416,410,417,420,421,434,442,436,429,424,417,425,426,419,421,424,426,426,427,427
el Carmel,Barri,-,-,-,-,-,-,-,-,-,-,-,-,-,-,-,-,-,-,-,-,-,-,-,-,-,-,-,-,-,-,-,-,-,-,-,-,-,-,-,-,-,-,-,-,-,-,-,-,-,-,-,-,-,-,-,-,-,-,-,-,-,-,-,-,-,-,-,-,-,-,-,-,2.464,2.511,2.572,2.556,2.493,2.424,2.412,2.484,2.493,2.501,2.529,2.497,2.587,2.643,2.628,2.636,2.609,2.570,2.574,2.611,2.614,2.656,2.667,2.667,2.683,2.695,2.722,2.722,2.659,2.563,2.585,2.603,2.563,2.609,2.623,2.570,2.599,2.586,2.566,2.530,2.446,2.383,2.372,2.385,2.366,2.381,2.321,2.293,2.341,2.331,2.316,2.246,2.155,2.095,2.090,2.124,2.077,2.109,2.095,2.061,2.068,2.022,2.021,1.959,1.926,1.857,1.849,1.888,1.864,1.858,1.867,1.821,1.839,1.821,1.821,1.782,1.713,1.658,1.657,1.694,1.689,1.733,1.750,1.714,1.727,1.713,1.727,1.644,1.613,1.574,1.586,1.630,1.587,1.625,1.599,1.588,1.609,1.592,1.600,1.583,1.541,1.479,1.513,1.558,1.541,1.576,1.595,1.586,1.637,1.636,1.736,1.952,2.042,2.083,2.041,2.058,2.034,2.045,1.998,2.061,2.126,2.161,2.141,2.120,2.077,1.950,1.817,1.650,1.577,1.563,1.513,1.462,1.482,1.462,1.457,1.434,1.359,1.318,1.353,1.375,1.380,1.365,1.378,1.359,1.407,1.414,1.446,1.410,1.389,1.351,1.347,1.371,1.384,1.390,1.397,1.428,1.445,1.456,1.447,1.403,1.386,1.356,1.369,1.395,1.374,1.397,1.408,1.411,1.452,1.479,1.460,1.436,1.421,1.396,1.422,1.428,1.406,1.411,1.419,1.426,1.428,1.431,1.431
la Teixonera,Barri,-,-,-,-,-,-,-,-,-,-,-,-,-,-,-,-,-,-,-,-,-,-,-,-,-,-,-,-,-,-,-,-,-,-,-,-,-,-,-,-,-,-,-,-,-,-,-,-,-,-,-,-,-,-,-,-,-,-,-,-,-,-,-,-,-,-,-,-,-,-,-,-,698,730,743,735,724,703,707,726,735,738,737,742,771,772,776,777,779,768,755,767,772,783,782,778,783,794,802,797,789,764,760,769,764,778,775,761,763,761,752,744,724,705,703,713,705,706,696,691,694,689,688,679,656,634,630,639,626,630,621,612,619,602,597,579,570,555,547,562,562,562,562,556,558,556,554,543,522,502,500,513,498,518,521,518,525,515,512,505,499,485,492,506,488,495,493,492,507,504,500,490,482,466,476,487,482,491,495,489,494,505,530,606,641,645,638,648,647,642,653,666,687,695,675,666,645,606,562,511,501,505,483,471,484,478,482,482,458,443,451,458,460,461,471,463,472,483,489,477,468,454,459,472,473,473,476,480,485,487,485,480,475,459,466,472,466,470,468,473,481,489,482,469,468,457,466,470,457,459,462,469,482,487,482
Sant Genís dels Agudells,Barri,-,-,-,-,-,-,-,-,-,-,-,-,-,-,-,-,-,-,-,-,-,-,-,-,-,-,-,-,-,-,-,-,-,-,-,-,-,-,-,-,-,-,-,-,-,-,-,-,-,-,-,-,-,-,-,-,-,-,-,-,-,-,-,-,-,-,-,-,-,-,-,-,413,436,442,436,431,419,423,434,441,443,439,447,463,461,465,465,469,462,452,459,462,469,467,464,468,475,480,476,473,459,455,461,458,468,464,455,457,454,449,445,434,422,421,428,424,424,419,417,416,412,412,409,397,383,379,385,378,379,373,367,372,361,357,347,341,334,328,337,339,339,338,336,337,337,335,328,316,303,301,310,298,311,313,312,317,310,307,306,304,294,299,308,296,300,299,300,310,308,305,298,294,285,291,297,294,299,301,297,298,307,321,369,392,392,389,396,397,392,403,410,423,428,412,407,393,369,341,311,307,311,296,289,298,295,299,300,285,276,280,284,286,287,294,289,280,288,291,284,278,269,273,282,282,282,284,285,288,288,288,286,283,273,277,280,277,279,276,280,284,288,285,276,276,269,275,278,269,270,272,276,286,290,286
Montbau,Barri,-,-,-,-,-,-,-,-,-,-,-,-,-,-,-,-,-,-,-,-,-,-,-,-,-,-,-,-,-,-,-,-,-,-,-,-,-,-,-,-,-,-,-,-,-,-,-,-,-,-,-,-,-,-,-,-,-,-,-,-,-,-,-,-,-,-,-,-,-,-,-,-,298,315,320,315,312,303,306,315,318,321,318,323,335,333,337,336,339,333,326,332,334,339,338,336,338,344,347,344,343,333,329,334,332,338,336,330,330,328,325,321,313,305,305,310,307,306,303,301,301,298,298,296,287,277,275,279,273,274,270,266,269,261,259,251,247,241,237,244,245,245,245,243,244,243,242,237,229,219,218,224,216,225,227,226,229,224,222,221,220,213,216,223,214,217,216,217,224,223,221,215,212,206,210,215,213,217,218,215,215,222,232,267,283,284,281,287,287,284,292,297,306,309,298,294,284,267,247,225,222,225,214,209,216,214,216,217,206,200,203,206,207,208,213,209,193,199,201,196,192,186,189,195,195,194,196,197,198,199,199,198,196,188,191,194,191,193,191,193,196,199,197,191,190,186,190,192,186,186,188,191,198,200,198
la Vall d'Hebron,Barri,-,-,-,-,-,-,-,-,-,-,-,-,-,-,-,-,-,-,-,-,-,-,-,-,-,-,-,-,-,-,-,-,-,-,-,-,-,-,-,-,-,-,-,-,-,-,-,-,-,-,-,-,-,-,-,-,-,-,-,-,-,-,-,-,-,-,-,-,-,-,-,-,318,336,341,336,332,323,326,335,339,342,338,344,357,355,358,359,361,356,348,353,356,362,360,358,361,367,370,367,365,354,351,355,353,361,358,351,352,350,347,342,334,326,325,330,327,327,324,321,321,318,318,316,306,295,293,297,291,292,287,283,287,279,276,267,263,257,253,260,261,261,261,259,260,260,258,253,244,234,232,239,230,240,241,241,244,239,237,236,234,227,231,238,229,231,231,231,239,238,235,230,226,220,224,229,227,231,232,229,230,237,248,285,302,303,300,305,306,303,311,316,326,330,318,314,303,284,263,240,237,240,228,223,230,228,230,231,220,213,216,219,220,221,227,223,226,233,235,229,225,217,221,228,228,228,229,230,232,233,233,231,229,220,224,227,224,225,223,226,230,233,230,223,223,218,222,224,217,218,220,223,231,234,231
la Clota,Barri,-,-,-,-,-,-,-,-,-,-,-,-,-,-,-,-,-,-,-,-,-,-,-,-,-,-,-,-,-,-,-,-,-,-,-,-,-,-,-,-,-,-,-,-,-,-,-,-,-,-,-,-,-,-,-,-,-,-,-,-,-,-,-,-,-,-,-,-,-,-,-,-,22,24,24,23,23,23,23,23,24,23,23,24,25,25,25,25,25,25,25,25,25,25,25,25,25,26,26,26,25,25,25,25,25,25,25,25,25,25,25,24,23,23,22,23,22,23,22,22,22,22,22,22,21,21,20,21,20,20,20,20,20,19,19,19,18,18,18,18,18,18,18,18,18,18,18,18,17,16,16,17,16,17,17,17,17,17,17,16,16,16,16,17,16,16,16,16,17,17,16,16,16,15,16,16,16,16,16,16,16,17,17,20,21,21,21,21,21,21,22,22,23,23,22,22,21,20,18,17,17,17,16,16,16,16,16,16,15,15,15,15,15,15,16,16,26,27,27,26,26,25,25,26,26,26,26,27,27,27,27,27,26,25,26,26,26,26,26,26,27,27,27,26,26,25,26,26,25,25,25,26,27,27,27
Horta,Barri,-,-,-,-,-,-,-,-,-,-,-,-,-,-,-,-,-,-,-,-,-,-,-,-,-,-,-,-,-,-,-,-,-,-,-,-,-,-,-,-,-,-,-,-,-,-,-,-,-,-,-,-,-,-,-,-,-,-,-,-,-,-,-,-,-,-,-,-,-,-,-,-,1.886,1.937,1.981,1.991,1.955,1.911,1.903,1.970,2.006,2.020,2.022,2.006,2.088,2.123,2.118,2.128,2.120,2.064,2.070,2.096,2.103,2.121,2.137,2.132,2.158,2.169,2.203,2.214,2.179,2.101,2.107,2.115,2.124,2.144,2.153,2.091,2.114,2.105,2.112,2.086,2.028,1.982,1.980,1.967,1.964,1.987,1.950,1.933,1.949,1.950,1.939,1.891,1.824,1.749,1.735,1.763,1.749,1.765,1.762,1.744,1.750,1.711,1.716,1.671,1.640,1.567,1.538,1.541,1.547,1.551,1.540,1.504,1.525,1.539,1.538,1.499,1.456,1.378,1.377,1.390,1.388,1.427,1.457,1.429,1.453,1.444,1.461,1.402,1.369,1.335,1.315,1.346,1.319,1.350,1.352,1.339,1.351,1.344,1.346,1.329,1.302,1.263,1.270,1.291,1.279,1.326,1.337,1.315,1.352,1.383,1.434,1.619,1.705,1.754,1.705,1.723,1.702,1.739,1.714,1.757,1.813,1.841,1.829,1.804,1.762,1.647,1.491,1.380,1.322,1.305,1.274,1.247,1.270,1.271,1.264,1.252,1.189,1.158,1.171,1.193,1.195,1.187,1.201,1.190,1.225,1.230,1.237,1.212,1.214,1.176,1.202,1.223,1.229,1.231,1.239,1.256,1.277,1.279,1.294,1.243,1.224,1.197,1.203,1.234,1.213,1.231,1.236,1.229,1.264,1.266,1.248,1.226,1.208,1.184,1.196,1.212,1.190,1.202,1.200,1.217,1.223,1.242,1.238
Nou Barris,Districte,-,-,-,-,-,-,-,-,-,-,-,-,-,-,-,-,-,-,-,-,-,-,-,-,-,-,-,-,-,-,-,-,-,-,-,-,-,-,-,-,-,-,-,-,-,-,-,-,10.111,10.579,11.016,11.310,11.261,11.026,11.149,11.637,12.002,12.320,12.484,12.667,13.130,13.400,13.538,13.385,13.070,12.789,12.414,12.625,12.669,12.863,12.859,12.595,13.178,13.588,13.879,13.819,13.695,13.515,13.361,13.616,13.886,13.985,14.059,13.880,14.422,14.656,14.679,14.753,14.773,14.454,14.336,14.454,14.612,14.812,14.889,14.744,15.105,15.255,15.361,15.246,14.936,14.454,14.366,14.399,14.610,14.757,14.819,14.383,14.628,14.635,14.698,14.450,13.955,13.672,13.643,13.490,13.539,13.799,13.648,13.441,13.635,13.725,13.763,13.400,12.921,12.449,12.207,12.303,12.299,12.538,12.446,12.274,12.315,12.139,12.169,11.880,11.527,11.064,10.829,10.781,10.862,10.917,10.908,10.678,10.771,10.905,10.873,10.670,10.326,9.830,9.590,9.672,9.779,9.979,10.263,10.066,10.340,10.218,10.242,9.967,9.734,9.374,9.179,9.381,9.244,9.455,9.475,9.397,9.518,9.605,9.751,9.548,9.335,9.081,9.004,9.046,8.999,9.374,9.451,9.297,9.638,9.737,10.113,11.349,11.882,12.320,11.977,12.125,11.948,12.254,12.258,12.382,12.756,12.971,12.919,12.757,12.459,11.551,10.338,9.639,9.302,9.305,9.089,8.942,9.062,9.067,9.075,8.958,8.573,8.280,8.292,8.347,8.534,8.512,8.502,8.317,8.477,8.626,8.694,8.540,8.525,8.297,8.383,8.431,8.479,8.605,8.670,8.689,8.910,9.008,9.066,8.766,8.592,8.460,8.366,8.485,8.420,8.604,8.584,8.605,8.817,8.795,8.639,8.542,8.390,8.241,8.274,8.398,8.279,8.479,8.401,8.476,8.556,8.738,8.639
Vilapicina i la Torre Llobeta,Barri,-,-,-,-,-,-,-,-,-,-,-,-,-,-,-,-,-,-,-,-,-,-,-,-,-,-,-,-,-,-,-,-,-,-,-,-,-,-,-,-,-,-,-,-,-,-,-,-,-,-,-,-,-,-,-,-,-,-,-,-,-,-,-,-,-,-,-,-,-,-,-,-,1.695,1.748,1.786,1.799,1.772,1.743,1.734,1.789,1.825,1.835,1.832,1.819,1.897,1.923,1.931,1.938,1.944,1.887,1.894,1.919,1.934,1.955,1.965,1.947,1.990,1.995,2.033,2.033,2.004,1.935,1.936,1.950,1.980,1.985,1.987,1.923,1.947,1.945,1.957,1.926,1.875,1.833,1.838,1.820,1.822,1.847,1.817,1.798,1.807,1.821,1.810,1.773,1.713,1.635,1.613,1.636,1.642,1.648,1.640,1.632,1.642,1.603,1.603,1.564,1.527,1.459,1.425,1.423,1.434,1.443,1.436,1.397,1.418,1.443,1.436,1.400,1.362,1.288,1.276,1.280,1.281,1.304,1.337,1.310,1.353,1.340,1.351,1.302,1.269,1.233,1.199,1.233,1.214,1.240,1.250,1.240,1.247,1.252,1.257,1.247,1.220,1.186,1.177,1.195,1.187,1.238,1.244,1.220,1.263,1.289,1.334,1.512,1.587,1.637,1.594,1.614,1.589,1.631,1.624,1.648,1.695,1.719,1.708,1.686,1.647,1.532,1.369,1.285,1.235,1.217,1.182,1.159,1.184,1.198,1.193,1.176,1.122,1.089,1.092,1.113,1.124,1.118,1.124,1.112,1.104,1.119,1.119,1.098,1.106,1.073,1.101,1.118,1.125,1.132,1.140,1.150,1.172,1.178,1.188,1.142,1.121,1.101,1.101,1.131,1.114,1.135,1.133,1.128,1.154,1.148,1.131,1.114,1.100,1.075,1.084,1.104,1.080,1.103,1.095,1.109,1.123,1.138,1.126
Porta,Barri,-,-,-,-,-,-,-,-,-,-,-,-,-,-,-,-,-,-,-,-,-,-,-,-,-,-,-,-,-,-,-,-,-,-,-,-,-,-,-,-,-,-,-,-,-,-,-,-,-,-,-,-,-,-,-,-,-,-,-,-,-,-,-,-,-,-,-,-,-,-,-,-,1.689,1.743,1.785,1.784,1.758,1.739,1.722,1.746,1.761,1.765,1.773,1.754,1.826,1.856,1.875,1.880,1.898,1.857,1.852,1.883,1.911,1.959,1.949,1.920,1.973,1.979,2.016,1.982,1.944,1.879,1.881,1.910,1.938,1.938,1.939,1.879,1.911,1.923,1.922,1.878,1.817,1.776,1.777,1.763,1.769,1.792,1.761,1.735,1.757,1.785,1.777,1.743,1.678,1.614,1.585,1.600,1.613,1.618,1.594,1.589,1.608,1.563,1.551,1.514,1.470,1.417,1.390,1.404,1.404,1.414,1.425,1.384,1.402,1.418,1.403,1.377,1.328,1.280,1.243,1.249,1.256,1.258,1.287,1.258,1.321,1.298,1.293,1.247,1.220,1.176,1.148,1.191,1.174,1.195,1.199,1.196,1.201,1.221,1.237,1.233,1.199,1.160,1.142,1.165,1.162,1.212,1.214,1.199,1.263,1.256,1.312,1.492,1.549,1.597,1.568,1.588,1.558,1.589,1.603,1.602,1.641,1.670,1.652,1.641,1.609,1.491,1.336,1.256,1.219,1.214,1.163,1.130,1.150,1.169,1.168,1.136,1.091,1.049,1.049,1.060,1.092,1.089,1.081,1.058,1.180,1.223,1.239,1.213,1.213,1.181,1.188,1.200,1.217,1.237,1.248,1.256,1.283,1.311,1.290,1.254,1.228,1.218,1.201,1.226,1.217,1.252,1.243,1.249,1.272,1.271,1.248,1.232,1.226,1.195,1.213,1.228,1.194,1.238,1.232,1.234,1.264,1.265,1.236
el Turó de la Peira,Barri,-,-,-,-,-,-,-,-,-,-,-,-,-,-,-,-,-,-,-,-,-,-,-,-,-,-,-,-,-,-,-,-,-,-,-,-,-,-,-,-,-,-,-,-,-,-,-,-,-,-,-,-,-,-,-,-,-,-,-,-,-,-,-,-,-,-,-,-,-,-,-,-,1.031,1.064,1.085,1.101,1.083,1.063,1.059,1.105,1.133,1.144,1.138,1.133,1.182,1.198,1.197,1.203,1.204,1.163,1.171,1.183,1.190,1.193,1.206,1.200,1.219,1.224,1.249,1.262,1.248,1.203,1.204,1.207,1.226,1.230,1.235,1.193,1.206,1.199,1.212,1.198,1.171,1.144,1.148,1.132,1.136,1.150,1.134,1.125,1.126,1.130,1.123,1.098,1.063,1.009,999,1.015,1.017,1.022,1.023,1.017,1.021,998,1.002,978,960,912,887,878,889,895,883,862,876,895,894,868,849,792,794,794,794,817,839,823,843,838,852,820,797,779,755,771,759,777,787,778,782,779,779,770,757,738,735,743,737,770,775,758,777,806,825,934,988,1.020,987,1.000,986,1.018,1.005,1.028,1.061,1.076,1.072,1.055,1.029,959,853,799,766,752,738,727,743,751,745,740,703,687,690,704,703,699,709,706,697,700,695,683,693,669,696,707,709,709,714,722,735,733,749,714,702,687,690,711,697,708,709,700,719,714,703,691,679,665,668,681,667,677,672,686,690,705,702
Can Peguera,Barri,-,-,-,-,-,-,-,-,-,-,-,-,-,-,-,-,-,-,-,-,-,-,-,-,-,-,-,-,-,-,-,-,-,-,-,-,-,-,-,-,-,-,-,-,-,-,-,-,-,-,-,-,-,-,-,-,-,-,-,-,-,-,-,-,-,-,-,-,-,-,-,-,148,153,156,156,153,152,150,157,160,161,160,159,167,169,169,171,169,166,164,166,168,169,169,169,172,174,176,176,173,168,166,166,169,171,170,165,168,167,169,166,162,158,159,157,158,159,157,156,157,157,157,153,148,141,140,142,141,143,143,141,141,139,139,136,133,127,124,123,125,125,123,121,123,125,125,122,119,112,111,111,112,115,118,116,118,118,119,115,112,109,106,108,107,109,110,109,109,110,110,108,106,104,103,104,103,107,108,106,109,112,115,130,137,141,137,138,136,140,139,142,146,149,149,146,143,133,118,111,106,105,103,102,104,104,103,103,98,95,96,97,98,98,98,97,101,101,101,99,100,97,99,101,101,102,102,103,105,105,108,103,101,99,99,101,100,101,101,101,104,103,101,100,98,96,96,98,96,98,97,99,100,102,102
la Guineueta,Barri,-,-,-,-,-,-,-,-,-,-,-,-,-,-,-,-,-,-,-,-,-,-,-,-,-,-,-,-,-,-,-,-,-,-,-,-,-,-,-,-,-,-,-,-,-,-,-,-,-,-,-,-,-,-,-,-,-,-,-,-,-,-,-,-,-,-,-,-,-,-,-,-,1.265,1.310,1.340,1.326,1.314,1.301,1.278,1.306,1.336,1.338,1.347,1.319,1.376,1.406,1.403,1.416,1.410,1.385,1.360,1.363,1.375,1.388,1.396,1.389,1.421,1.447,1.450,1.432,1.394,1.349,1.331,1.328,1.340,1.357,1.359,1.328,1.364,1.359,1.370,1.348,1.298,1.274,1.273,1.256,1.261,1.277,1.273,1.248,1.271,1.264,1.271,1.230,1.188,1.156,1.143,1.156,1.135,1.171,1.157,1.135,1.122,1.116,1.124,1.102,1.070,1.024,1.016,1.014,1.024,1.025,1.008,998,1.015,1.020,1.017,1.000,971,926,901,912,926,950,978,964,973,968,962,939,922,883,880,897,877,906,895,883,897,906,925,887,870,852,845,846,838,872,876,857,886,901,935,1.042,1.087,1.135,1.092,1.097,1.088,1.115,1.118,1.129,1.162,1.186,1.191,1.170,1.142,1.069,954,888,848,858,847,835,841,824,831,828,793,768,772,774,796,796,792,772,787,789,802,782,774,757,761,767,768,780,785,784,813,814,834,809,791,779,763,769,764,778,780,789,813,808,794,788,767,754,748,764,757,769,762,771,778,805,797
Canyelles,Barri,-,-,-,-,-,-,-,-,-,-,-,-,-,-,-,-,-,-,-,-,-,-,-,-,-,-,-,-,-,-,-,-,-,-,-,-,-,-,-,-,-,-,-,-,-,-,-,-,-,-,-,-,-,-,-,-,-,-,-,-,-,-,-,-,-,-,-,-,-,-,-,-,617,640,654,647,641,635,623,638,651,653,657,644,671,685,685,691,688,676,664,664,671,677,681,677,694,706,708,698,680,658,650,648,653,661,663,648,666,663,668,658,633,621,621,612,616,622,622,609,620,617,620,600,579,564,557,564,554,571,564,554,547,545,548,537,522,500,496,495,500,500,492,487,495,498,496,488,474,452,439,445,452,463,477,470,475,472,469,458,450,431,429,437,428,442,436,431,437,442,451,433,424,416,412,413,409,425,427,418,432,439,456,509,530,553,533,535,531,544,545,551,567,579,581,571,557,521,465,433,414,419,413,407,410,402,405,404,387,375,377,378,388,388,387,377,355,356,361,353,349,341,343,346,346,351,354,353,366,367,376,364,356,351,344,347,344,351,351,355,366,364,358,355,345,340,337,344,341,347,343,348,350,363,359
les Roquetes,Barri,-,-,-,-,-,-,-,-,-,-,-,-,-,-,-,-,-,-,-,-,-,-,-,-,-,-,-,-,-,-,-,-,-,-,-,-,-,-,-,-,-,-,-,-,-,-,-,-,-,-,-,-,-,-,-,-,-,-,-,-,-,-,-,-,-,-,-,-,-,-,-,-,1.339,1.386,1.417,1.403,1.391,1.376,1.352,1.383,1.413,1.416,1.425,1.395,1.455,1.487,1.485,1.497,1.492,1.465,1.438,1.442,1.454,1.468,1.477,1.469,1.503,1.531,1.534,1.514,1.475,1.427,1.408,1.405,1.417,1.436,1.438,1.404,1.444,1.437,1.449,1.426,1.373,1.348,1.347,1.328,1.334,1.351,1.347,1.321,1.344,1.337,1.345,1.301,1.257,1.223,1.209,1.223,1.201,1.238,1.224,1.201,1.187,1.181,1.189,1.165,1.132,1.084,1.075,1.072,1.084,1.084,1.067,1.056,1.074,1.079,1.076,1.058,1.027,979,953,965,979,1.005,1.035,1.020,1.030,1.024,1.018,993,975,934,930,949,928,958,946,934,949,958,979,939,920,901,894,895,886,922,927,906,937,953,989,1.103,1.150,1.200,1.156,1.160,1.151,1.180,1.182,1.194,1.229,1.255,1.260,1.238,1.208,1.131,1.009,939,897,908,897,883,889,872,879,876,839,812,817,819,843,842,838,817,845,847,860,840,831,813,816,824,825,837,843,842,873,874,895,868,849,835,818,826,820,835,837,847,872,867,852,846,823,809,803,820,813,826,818,828,835,864,855
Verdun,Barri,-,-,-,-,-,-,-,-,-,-,-,-,-,-,-,-,-,-,-,-,-,-,-,-,-,-,-,-,-,-,-,-,-,-,-,-,-,-,-,-,-,-,-,-,-,-,-,-,-,-,-,-,-,-,-,-,-,-,-,-,-,-,-,-,-,-,-,-,-,-,-,-,1.026,1.063,1.087,1.076,1.066,1.054,1.037,1.059,1.083,1.086,1.093,1.070,1.116,1.139,1.138,1.148,1.144,1.123,1.102,1.105,1.115,1.125,1.133,1.126,1.152,1.174,1.176,1.161,1.131,1.094,1.080,1.077,1.087,1.100,1.102,1.077,1.106,1.102,1.111,1.093,1.053,1.033,1.032,1.018,1.023,1.035,1.032,1.012,1.030,1.025,1.031,998,963,938,927,937,920,949,938,921,910,905,911,893,867,831,824,822,831,831,818,810,823,827,825,811,787,751,730,740,751,770,793,782,789,785,780,761,748,716,713,727,711,735,725,716,727,735,750,720,705,691,685,686,679,707,710,695,718,730,758,845,882,920,886,889,883,904,906,915,942,962,966,949,926,867,773,720,687,696,687,677,682,669,674,671,643,623,626,628,646,645,643,626,656,658,669,653,646,632,634,640,641,650,655,654,678,679,695,675,660,649,636,642,637,649,650,658,678,674,662,657,639,629,624,637,632,642,635,643,649,671,664
la Prosperitat,Barri,-,-,-,-,-,-,-,-,-,-,-,-,-,-,-,-,-,-,-,-,-,-,-,-,-,-,-,-,-,-,-,-,-,-,-,-,-,-,-,-,-,-,-,-,-,-,-,-,-,-,-,-,-,-,-,-,-,-,-,-,-,-,-,-,-,-,-,-,-,-,-,-,1.897,1.958,2.005,2.003,1.975,1.953,1.934,1.961,1.978,1.982,1.992,1.969,2.051,2.085,2.106,2.111,2.132,2.086,2.080,2.114,2.146,2.200,2.190,2.156,2.217,2.223,2.265,2.227,2.183,2.110,2.113,2.146,2.178,2.178,2.178,2.111,2.147,2.159,2.160,2.109,2.042,1.995,1.996,1.981,1.987,2.012,1.978,1.950,1.980,2.010,2.002,1.963,1.889,1.819,1.785,1.802,1.816,1.823,1.794,1.790,1.811,1.761,1.747,1.705,1.657,1.596,1.566,1.583,1.582,1.593,1.605,1.559,1.578,1.598,1.581,1.553,1.496,1.441,1.399,1.406,1.411,1.413,1.445,1.413,1.484,1.458,1.453,1.401,1.371,1.322,1.289,1.338,1.318,1.343,1.346,1.344,1.350,1.372,1.389,1.385,1.347,1.302,1.283,1.309,1.305,1.361,1.364,1.347,1.419,1.411,1.474,1.676,1.740,1.794,1.762,1.784,1.750,1.784,1.801,1.799,1.843,1.876,1.856,1.844,1.807,1.675,1.501,1.411,1.370,1.363,1.306,1.269,1.292,1.313,1.312,1.276,1.226,1.179,1.178,1.191,1.227,1.224,1.214,1.188,1.135,1.176,1.191,1.166,1.167,1.136,1.142,1.154,1.170,1.190,1.200,1.208,1.233,1.261,1.240,1.206,1.181,1.171,1.155,1.179,1.170,1.204,1.195,1.201,1.223,1.222,1.200,1.184,1.179,1.149,1.167,1.181,1.148,1.191,1.185,1.187,1.216,1.216,1.188
la Trinitat Nova,Barri,-,-,-,-,-,-,-,-,-,-,-,-,-,-,-,-,-,-,-,-,-,-,-,-,-,-,-,-,-,-,-,-,-,-,-,-,-,-,-,-,-,-,-,-,-,-,-,-,-,-,-,-,-,-,-,-,-,-,-,-,-,-,-,-,-,-,-,-,-,-,-,-,857,876,891,876,880,866,857,860,883,903,916,907,929,939,934,936,935,920,905,907,918,929,944,933,959,971,957,958,938,913,899,889,909,936,949,920,925,927,928,917,876,864,851,840,845,884,875,861,882,893,910,880,846,814,781,775,784,816,820,795,805,806,814,790,759,732,702,684,691,697,711,695,683,695,701,691,664,629,606,615,631,654,678,662,678,666,674,669,648,621,600,601,600,608,618,613,630,634,649,632,619,600,599,586,587,610,625,620,635,637,664,730,773,805,783,802,787,812,807,821,854,864,859,850,827,753,679,623,609,614,607,606,611,610,610,605,577,555,552,548,560,559,560,542,519,530,531,529,527,512,513,505,506,518,522,519,530,540,543,523,514,504,500,499,500,510,509,506,520,521,511,506,493,491,492,495,497,509,501,504,499,517,517
Torre Baró,Barri,-,-,-,-,-,-,-,-,-,-,-,-,-,-,-,-,-,-,-,-,-,-,-,-,-,-,-,-,-,-,-,-,-,-,-,-,-,-,-,-,-,-,-,-,-,-,-,-,-,-,-,-,-,-,-,-,-,-,-,-,-,-,-,-,-,-,-,-,-,-,-,-,236,241,245,241,242,238,236,236,242,249,252,250,255,258,257,257,257,252,249,249,253,255,260,256,264,267,262,264,258,251,248,245,250,258,262,253,255,256,256,252,242,237,234,232,232,244,242,237,243,247,252,243,234,225,215,213,216,225,227,220,223,223,226,219,210,203,194,188,190,192,196,192,188,192,193,191,183,173,167,169,174,180,187,183,187,184,186,185,179,172,165,165,165,167,170,169,174,175,179,175,171,166,166,162,162,169,173,172,176,176,184,202,214,223,217,222,218,225,224,228,237,240,238,236,229,208,188,172,169,170,168,168,169,169,169,168,160,154,153,152,155,155,155,150,211,216,216,216,215,209,209,205,206,211,213,211,216,220,221,213,209,205,204,203,203,208,207,206,211,212,208,205,200,200,200,201,202,207,204,205,202,210,210
Ciutat Meridiana,Barri,-,-,-,-,-,-,-,-,-,-,-,-,-,-,-,-,-,-,-,-,-,-,-,-,-,-,-,-,-,-,-,-,-,-,-,-,-,-,-,-,-,-,-,-,-,-,-,-,-,-,-,-,-,-,-,-,-,-,-,-,-,-,-,-,-,-,-,-,-,-,-,-,1.232,1.257,1.278,1.257,1.264,1.243,1.231,1.231,1.267,1.298,1.316,1.305,1.334,1.347,1.338,1.343,1.340,1.318,1.298,1.301,1.319,1.334,1.356,1.339,1.378,1.394,1.371,1.375,1.347,1.312,1.292,1.276,1.306,1.346,1.369,1.323,1.330,1.335,1.335,1.319,1.260,1.240,1.221,1.206,1.212,1.272,1.259,1.240,1.270,1.289,1.314,1.271,1.221,1.174,1.123,1.113,1.129,1.176,1.184,1.146,1.162,1.165,1.177,1.142,1.095,1.057,1.011,982,993,1.002,1.025,1.001,981,1.000,1.009,995,956,903,870,883,907,941,976,953,977,958,971,965,935,895,863,863,863,873,889,882,908,914,936,913,893,866,864,845,846,880,903,896,917,920,958,1.053,1.116,1.161,1.131,1.161,1.138,1.175,1.167,1.188,1.236,1.250,1.242,1.229,1.197,1.086,980,898,881,887,876,877,884,884,883,875,835,802,798,791,808,806,808,781,785,804,804,803,800,776,778,763,765,785,790,784,801,818,820,789,776,761,756,753,755,772,769,763,783,787,771,763,743,742,744,747,752,771,758,762,752,779,781
Vallbona,Barri,-,-,-,-,-,-,-,-,-,-,-,-,-,-,-,-,-,-,-,-,-,-,-,-,-,-,-,-,-,-,-,-,-,-,-,-,-,-,-,-,-,-,-,-,-,-,-,-,-,-,-,-,-,-,-,-,-,-,-,-,-,-,-,-,-,-,-,-,-,-,-,-,143,146,149,146,146,144,143,143,147,150,152,152,155,157,156,156,156,153,150,151,153,155,158,156,160,162,159,160,156,153,150,148,151,156,159,154,155,155,155,154,146,143,142,140,141,148,146,144,147,150,153,148,142,136,130,129,131,137,137,133,135,135,137,133,127,123,117,114,115,116,119,116,114,116,117,116,111,105,101,102,105,109,113,111,113,111,113,112,109,104,100,100,100,101,103,102,105,106,109,106,104,100,100,98,98,102,105,104,106,107,111,122,130,135,131,135,132,136,135,138,144,145,144,143,139,126,114,104,102,103,102,102,103,103,103,102,97,93,93,92,94,94,94,91,103,106,106,106,105,102,102,100,101,103,104,103,105,108,108,104,102,100,99,99,99,101,101,100,103,103,101,100,98,98,98,98,99,101,100,100,99,102,103
Sant Andreu (Districte),-,-,-,-,-,-,-,-,-,-,-,-,-,-,-,-,-,-,-,-,-,-,-,-,-,-,-,-,-,-,-,-,-,-,-,-,-,-,-,-,-,-,-,-,-,-,-,-,-,7.647,8.024,8.525,8.662,8.703,8.423,8.796,9.226,9.370,9.469,9.529,9.678,10.137,10.409,10.594,10.524,10.224,9.835,9.691,10.013,10.004,10.130,10.114,9.896,10.394,10.609,10.774,10.727,10.584,10.377,10.364,10.684,10.790,10.868,10.778,10.700,11.087,11.253,11.268,11.240,11.139,11.011,11.056,11.267,11.216,11.241,11.289,11.162,11.455,11.586,11.646,11.587,11.310,10.925,11.009,11.094,11.007,11.145,11.126,10.840,10.934,10.922,10.896,10.771,10.526,10.219,10.342,10.508,10.477,10.529,10.302,10.151,10.194,10.222,10.164,9.969,9.610,9.273,9.111,9.330,9.283,9.335,9.249,9.107,9.157,9.053,9.009,8.733,8.421,8.116,8.054,8.182,8.119,8.063,8.107,7.829,7.933,7.963,7.925,7.719,7.490,7.208,7.109,7.331,7.217,7.335,7.411,7.307,7.445,7.389,7.417,7.237,7.065,6.807,6.729,7.058,6.885,6.963,6.898,6.807,6.985,7.013,7.091,7.076,6.836,6.717,6.784,6.985,6.826,6.975,6.972,6.828,7.057,7.134,7.675,8.476,8.803,8.915,8.771,8.961,8.781,8.885,8.788,8.884,9.101,9.210,9.094,8.950,8.728,8.132,7.459,7.107,6.700,6.496,6.298,6.325,6.432,6.460,6.484,6.465,6.214,6.057,6.114,6.266,6.277,6.236,6.171,6.058,6.248,6.279,6.280,6.171,6.042,5.919,6.027,6.104,6.033,6.069,6.069,6.118,6.236,6.224,6.253,6.097,6.020,5.887,5.945,6.065,6.033,6.065,6.083,6.165,6.230,6.176,6.220,6.168,6.059,5.952,6.060,6.249,6.195,6.236,6.087,6.136,6.196,6.283,6.250
la Trinitat Vella,Barri,-,-,-,-,-,-,-,-,-,-,-,-,-,-,-,-,-,-,-,-,-,-,-,-,-,-,-,-,-,-,-,-,-,-,-,-,-,-,-,-,-,-,-,-,-,-,-,-,-,-,-,-,-,-,-,-,-,-,-,-,-,-,-,-,-,-,-,-,-,-,-,-,1.141,1.164,1.185,1.164,1.171,1.153,1.140,1.140,1.174,1.203,1.219,1.209,1.237,1.248,1.240,1.245,1.241,1.222,1.203,1.206,1.222,1.236,1.257,1.241,1.276,1.293,1.270,1.274,1.248,1.216,1.198,1.183,1.210,1.248,1.269,1.226,1.232,1.237,1.238,1.222,1.167,1.149,1.132,1.118,1.124,1.179,1.167,1.149,1.177,1.194,1.218,1.177,1.132,1.088,1.040,1.031,1.046,1.090,1.097,1.062,1.077,1.079,1.091,1.059,1.015,980,937,910,920,929,950,928,909,927,935,922,886,837,806,818,840,872,904,883,905,887,900,895,866,830,800,800,800,809,824,818,842,847,867,846,828,802,801,783,784,815,837,831,850,852,888,975,1.034,1.076,1.048,1.076,1.055,1.089,1.081,1.101,1.145,1.159,1.151,1.139,1.109,1.006,908,833,816,822,812,813,820,819,818,811,774,743,739,733,749,747,748,724,752,770,770,769,766,744,746,731,733,752,757,752,768,784,785,757,744,729,724,722,724,739,737,732,750,754,739,731,712,711,713,716,721,738,726,730,720,747,748
Baró de Viver,Barri,-,-,-,-,-,-,-,-,-,-,-,-,-,-,-,-,-,-,-,-,-,-,-,-,-,-,-,-,-,-,-,-,-,-,-,-,-,-,-,-,-,-,-,-,-,-,-,-,-,-,-,-,-,-,-,-,-,-,-,-,-,-,-,-,-,-,-,-,-,-,-,-,170,174,177,177,175,173,173,177,178,179,177,176,183,186,185,184,183,183,183,187,186,186,186,183,188,191,193,193,187,179,181,184,182,183,182,178,181,181,180,178,174,170,172,176,176,175,172,169,169,169,168,165,158,153,152,156,154,155,153,150,152,149,148,143,139,134,133,137,135,133,133,128,132,132,131,127,123,118,117,121,119,121,122,121,122,121,122,118,116,113,112,118,115,116,113,112,115,115,117,117,113,112,115,119,115,117,117,114,118,120,128,139,144,145,143,146,142,143,141,141,145,149,147,145,141,132,122,117,111,107,105,106,107,108,108,108,105,103,105,107,106,106,104,102,108,109,110,108,104,102,104,106,104,103,104,105,107,107,107,104,103,101,102,104,104,104,104,106,106,105,106,105,102,101,103,107,106,105,103,105,106,109,107
el Bon Pastor,Barri,-,-,-,-,-,-,-,-,-,-,-,-,-,-,-,-,-,-,-,-,-,-,-,-,-,-,-,-,-,-,-,-,-,-,-,-,-,-,-,-,-,-,-,-,-,-,-,-,-,-,-,-,-,-,-,-,-,-,-,-,-,-,-,-,-,-,-,-,-,-,-,-,967,988,1.003,1.005,996,979,980,1.010,1.012,1.020,1.009,1.002,1.037,1.057,1.050,1.046,1.039,1.037,1.039,1.063,1.057,1.061,1.054,1.039,1.067,1.087,1.100,1.097,1.062,1.019,1.030,1.048,1.033,1.038,1.038,1.013,1.030,1.029,1.025,1.011,992,963,977,995,996,997,976,964,961,962,957,935,897,867,865,887,878,882,868,855,865,848,839,813,788,763,759,777,769,755,755,729,749,749,744,721,700,672,665,689,677,690,692,685,691,686,696,672,659,640,636,673,655,659,645,634,652,656,664,666,643,636,652,675,652,666,663,647,673,680,726,791,819,825,811,830,809,815,800,803,826,844,833,822,801,751,691,665,628,608,598,603,608,615,617,616,598,587,596,606,601,601,588,579,563,566,570,560,544,532,544,550,540,537,539,547,557,556,557,542,537,527,531,540,540,541,543,551,553,546,552,544,532,524,539,558,550,548,536,547,553,567,555
Sant Andreu (Barri),-,-,-,-,-,-,-,-,-,-,-,-,-,-,-,-,-,-,-,-,-,-,-,-,-,-,-,-,-,-,-,-,-,-,-,-,-,-,-,-,-,-,-,-,-,-,-,-,-,-,-,-,-,-,-,-,-,-,-,-,-,-,-,-,-,-,-,-,-,-,-,-,-,3.914,3.999,4.063,4.068,4.030,3.961,3.967,4.088,4.097,4.130,4.084,4.055,4.201,4.279,4.252,4.235,4.203,4.197,4.209,4.303,4.281,4.295,4.267,4.209,4.322,4.400,4.452,4.440,4.299,4.126,4.170,4.242,4.180,4.202,4.201,4.102,4.169,4.166,4.148,4.093,4.016,3.897,3.954,4.030,4.032,4.035,3.949,3.903,3.884,3.890,3.869,3.783,3.630,3.505,3.497,3.588,3.552,3.568,3.511,3.456,3.497,3.426,3.393,3.288,3.185,3.083,3.068,3.143,3.108,3.050,3.054,2.947,3.030,3.028,3.010,2.917,2.834,2.717,2.687,2.784,2.738,2.793,2.801,2.773,2.798,2.777,2.817,2.719,2.668,2.592,2.576,2.726,2.652,2.669,2.609,2.566,2.640,2.656,2.689,2.697,2.602,2.576,2.640,2.733,2.639,2.694,2.684,2.620,2.726,2.753,2.937,3.202,3.313,3.341,3.285,3.358,3.276,3.301,3.238,3.252,3.345,3.418,3.372,3.328,3.244,3.039,2.796,2.691,2.542,2.462,2.422,2.442,2.460,2.489,2.496,2.493,2.421,2.377,2.411,2.453,2.434,2.432,2.382,2.343,2.392,2.405,2.423,2.380,2.312,2.263,2.312,2.340,2.295,2.284,2.291,2.325,2.366,2.362,2.366,2.306,2.282,2.239,2.258,2.296,2.294,2.302,2.309,2.345,2.352,2.321,2.347,2.313,2.263,2.227,2.290,2.370,2.337,2.328,2.277,2.325,2.349,2.409,2.359
la Sagrera,Barri,-,-,-,-,-,-,-,-,-,-,-,-,-,-,-,-,-,-,-,-,-,-,-,-,-,-,-,-,-,-,-,-,-,-,-,-,-,-,-,-,-,-,-,-,-,-,-,-,-,-,-,-,-,-,-,-,-,-,-,-,-,-,-,-,-,-,-,-,-,-,-,-,1.884,1.919,1.947,1.933,1.887,1.842,1.837,1.911,1.941,1.942,1.922,1.905,1.984,2.007,2.034,2.030,2.003,1.957,1.979,2.017,2.002,1.997,2.027,2.011,2.061,2.068,2.076,2.054,2.023,1.966,1.987,1.989,1.974,2.005,1.987,1.935,1.935,1.927,1.926,1.910,1.869,1.808,1.838,1.875,1.858,1.857,1.810,1.777,1.791,1.793,1.767,1.750,1.700,1.638,1.588,1.639,1.633,1.627,1.618,1.602,1.593,1.589,1.583,1.535,1.473,1.411,1.411,1.436,1.423,1.429,1.437,1.383,1.390,1.397,1.388,1.357,1.318,1.281,1.267,1.306,1.271,1.278,1.292,1.272,1.310,1.304,1.289,1.267,1.233,1.177,1.163,1.225,1.190,1.211,1.210,1.198,1.223,1.225,1.233,1.232,1.186,1.160,1.153,1.197,1.179,1.200,1.195,1.170,1.202,1.221,1.342,1.508,1.562,1.578,1.558,1.588,1.565,1.582,1.579,1.605,1.627,1.626,1.605,1.571,1.534,1.432,1.315,1.252,1.164,1.115,1.052,1.052,1.088,1.085,1.091,1.088,1.033,1.002,1.009,1.055,1.065,1.049,1.048,1.031,1.090,1.089,1.079,1.055,1.037,1.020,1.041,1.065,1.059,1.073,1.066,1.071,1.093,1.084,1.093,1.070,1.055,1.026,1.044,1.077,1.063,1.065,1.070,1.089,1.107,1.097,1.111,1.110,1.098,1.071,1.083,1.120,1.115,1.130,1.096,1.088,1.104,1.098,1.112
el Congrés i els Indians,Barri,-,-,-,-,-,-,-,-,-,-,-,-,-,-,-,-,-,-,-,-,-,-,-,-,-,-,-,-,-,-,-,-,-,-,-,-,-,-,-,-,-,-,-,-,-,-,-,-,-,-,-,-,-,-,-,-,-,-,-,-,-,-,-,-,-,-,-,-,-,-,-,-,917,934,948,940,919,897,895,930,945,946,935,927,965,977,990,988,975,953,963,981,974,972,986,978,1.004,1.007,1.010,1.000,985,957,967,968,961,976,968,942,942,938,938,930,910,881,895,913,904,904,881,865,872,873,860,852,828,797,773,798,795,792,788,780,775,773,770,747,717,687,687,699,693,696,700,673,677,680,676,660,642,623,617,636,619,622,629,619,637,635,627,617,600,573,566,596,579,590,589,583,596,596,600,600,577,565,561,583,574,584,582,570,585,594,653,734,760,768,758,773,762,770,769,781,792,792,781,765,747,697,640,610,567,543,512,512,530,528,531,530,503,488,491,514,518,511,510,502,530,530,525,513,504,496,506,518,515,522,518,521,531,527,531,520,513,499,508,524,517,518,520,530,538,534,540,540,534,521,527,545,542,549,533,529,537,534,541
Navas,Barri,-,-,-,-,-,-,-,-,-,-,-,-,-,-,-,-,-,-,-,-,-,-,-,-,-,-,-,-,-,-,-,-,-,-,-,-,-,-,-,-,-,-,-,-,-,-,-,-,-,-,-,-,-,-,-,-,-,-,-,-,-,-,-,-,-,-,-,-,-,-,-,-,1.404,1.434,1.455,1.444,1.412,1.379,1.377,1.431,1.448,1.450,1.434,1.429,1.486,1.502,1.522,1.518,1.500,1.467,1.484,1.513,1.500,1.497,1.517,1.504,1.541,1.545,1.549,1.534,1.509,1.466,1.481,1.484,1.472,1.498,1.485,1.449,1.452,1.448,1.444,1.432,1.400,1.357,1.379,1.404,1.391,1.388,1.352,1.329,1.340,1.341,1.324,1.307,1.266,1.226,1.195,1.231,1.225,1.221,1.214,1.203,1.197,1.188,1.184,1.148,1.104,1.058,1.059,1.080,1.071,1.071,1.078,1.041,1.046,1.050,1.042,1.015,987,959,950,978,953,958,970,955,982,978,965,950,923,883,876,920,894,910,908,898,917,916,920,918,887,866,862,895,883,898,894,877,902,914,1.001,1.126,1.171,1.182,1.167,1.190,1.172,1.183,1.181,1.200,1.220,1.222,1.206,1.181,1.152,1.074,988,939,871,839,796,796,821,816,822,819,780,757,764,799,804,790,790,778,812,811,803,786,775,762,775,794,787,797,794,798,814,806,813,798,786,766,777,802,793,796,799,812,824,818,825,825,817,797,806,833,826,837,816,813,826,820,828
Sant Martí,Districte,-,-,-,-,-,-,-,-,-,-,-,-,-,-,-,-,-,-,-,-,-,-,-,-,-,-,-,-,-,-,-,-,-,-,-,-,-,-,-,-,-,-,-,-,-,-,-,-,12.509,13.055,13.798,14.098,14.138,13.825,14.181,14.913,15.252,15.439,15.691,15.880,16.489,16.589,16.795,16.535,16.151,15.679,15.403,15.915,15.796,15.900,15.830,15.568,16.272,16.612,16.895,16.715,16.578,16.220,16.260,16.605,16.774,16.849,16.909,16.748,17.484,17.632,17.688,17.652,17.573,17.221,17.123,17.345,17.379,17.600,17.772,17.624,18.049,18.216,18.204,18.046,17.783,17.371,17.244,17.285,17.496,17.657,17.570,17.059,17.330,17.176,17.071,16.846,16.392,16.142,16.206,16.195,16.126,16.124,16.028,15.781,16.108,15.970,15.808,15.342,14.857,14.346,14.111,14.378,14.320,14.471,14.269,14.228,14.371,14.057,13.968,13.589,13.230,12.743,12.576,12.731,12.515,12.445,12.806,12.590,12.690,12.709,12.683,12.312,11.993,11.576,11.433,11.677,11.485,11.814,11.918,11.693,11.919,11.829,11.785,11.466,11.167,10.813,10.826,11.190,11.018,11.080,10.944,10.866,11.059,10.969,11.175,10.926,10.666,10.390,10.500,10.905,10.700,10.915,10.952,10.862,11.230,11.346,12.146,13.497,14.002,14.316,14.155,14.406,14.134,14.176,14.192,14.367,14.714,14.953,14.754,14.541,14.256,13.141,12.152,11.171,10.531,10.473,10.120,10.092,10.225,10.215,10.248,10.114,9.791,9.593,9.800,10.083,9.965,9.809,9.889,9.911,9.990,10.015,10.001,9.790,9.788,9.574,9.566,9.785,9.665,9.767,9.825,9.971,10.264,10.324,10.328,10.165,10.004,9.856,9.938,10.132,9.931,9.904,9.915,10.005,10.168,10.074,10.038,9.915,9.961,9.870,9.990,10.203,10.050,10.060,9.980,10.007,10.035,10.157,10.224
el Camp de l'Arpa del Clot,Barri,-,-,-,-,-,-,-,-,-,-,-,-,-,-,-,-,-,-,-,-,-,-,-,-,-,-,-,-,-,-,-,-,-,-,-,-,-,-,-,-,-,-,-,-,-,-,-,-,-,-,-,-,-,-,-,-,-,-,-,-,-,-,-,-,-,-,-,-,-,-,-,-,2.701,2.755,2.769,2.757,2.748,2.678,2.718,2.803,2.813,2.808,2.823,2.805,2.895,2.859,2.926,2.923,2.910,2.854,2.835,2.875,2.826,2.823,2.857,2.850,2.889,2.887,2.889,2.863,2.814,2.774,2.764,2.800,2.777,2.811,2.783,2.680,2.725,2.722,2.707,2.673,2.607,2.558,2.598,2.607,2.578,2.546,2.544,2.509,2.507,2.497,2.455,2.429,2.337,2.292,2.311,2.333,2.295,2.300,2.257,2.226,2.276,2.203,2.213,2.168,2.112,2.001,1.973,2.019,1.998,1.987,2.035,1.979,2.021,2.025,2.027,1.988,1.942,1.859,1.827,1.850,1.845,1.891,1.865,1.860,1.888,1.909,1.893,1.840,1.779,1.701,1.719,1.753,1.735,1.750,1.714,1.738,1.755,1.755,1.784,1.752,1.720,1.663,1.692,1.743,1.688,1.714,1.708,1.710,1.768,1.789,1.959,2.184,2.259,2.303,2.280,2.317,2.250,2.254,2.244,2.266,2.330,2.374,2.307,2.280,2.221,2.055,1.904,1.743,1.604,1.595,1.559,1.546,1.552,1.524,1.549,1.509,1.449,1.403,1.457,1.508,1.495,1.461,1.489,1.486,1.480,1.495,1.490,1.469,1.473,1.427,1.433,1.505,1.477,1.475,1.474,1.519,1.587,1.579,1.569,1.543,1.516,1.496,1.505,1.554,1.512,1.505,1.487,1.491,1.531,1.532,1.508,1.479,1.506,1.480,1.511,1.563,1.522,1.527,1.536,1.534,1.550,1.553,1.561
el Clot,Barri,-,-,-,-,-,-,-,-,-,-,-,-,-,-,-,-,-,-,-,-,-,-,-,-,-,-,-,-,-,-,-,-,-,-,-,-,-,-,-,-,-,-,-,-,-,-,-,-,-,-,-,-,-,-,-,-,-,-,-,-,-,-,-,-,-,-,-,-,-,-,-,-,1.754,1.802,1.823,1.801,1.775,1.734,1.757,1.803,1.824,1.835,1.842,1.819,1.887,1.901,1.921,1.908,1.914,1.871,1.879,1.903,1.892,1.911,1.936,1.934,1.981,1.989,1.992,1.976,1.940,1.904,1.899,1.922,1.931,1.940,1.917,1.864,1.876,1.858,1.844,1.829,1.784,1.744,1.768,1.762,1.739,1.736,1.734,1.714,1.737,1.731,1.703,1.665,1.613,1.566,1.553,1.582,1.566,1.565,1.539,1.537,1.564,1.523,1.526,1.489,1.446,1.387,1.379,1.405,1.371,1.357,1.384,1.355,1.376,1.378,1.369,1.330,1.305,1.268,1.258,1.290,1.253,1.274,1.280,1.266,1.288,1.277,1.268,1.225,1.211,1.157,1.175,1.228,1.196,1.216,1.193,1.192,1.203,1.205,1.227,1.206,1.170,1.134,1.154,1.199,1.164,1.174,1.180,1.169,1.215,1.226,1.318,1.469,1.518,1.560,1.544,1.570,1.550,1.543,1.545,1.571,1.593,1.614,1.585,1.576,1.542,1.426,1.329,1.228,1.155,1.133,1.091,1.088,1.111,1.096,1.109,1.083,1.042,1.024,1.058,1.089,1.074,1.039,1.055,1.054,1.000,1.008,988,973,974,958,968,1.000,979,992,1.000,1.013,1.042,1.043,1.046,1.031,1.022,1.008,1.021,1.046,1.007,1.002,990,1.012,1.035,1.025,1.022,1.015,1.037,1.027,1.034,1.066,1.043,1.052,1.044,1.051,1.055,1.063,1.073
el Parc i la Llacuna del Poblenou,Barri,-,-,-,-,-,-,-,-,-,-,-,-,-,-,-,-,-,-,-,-,-,-,-,-,-,-,-,-,-,-,-,-,-,-,-,-,-,-,-,-,-,-,-,-,-,-,-,-,-,-,-,-,-,-,-,-,-,-,-,-,-,-,-,-,-,-,-,-,-,-,-,-,823,852,868,852,835,816,825,844,850,860,866,854,889,908,906,896,905,881,892,902,905,921,929,926,956,964,967,958,940,920,916,926,939,940,930,912,916,902,892,884,862,843,854,848,834,835,835,828,848,843,833,802,778,751,738,760,753,755,745,751,760,740,738,719,699,678,679,690,667,653,669,664,671,668,661,633,624,611,612,630,601,608,621,612,623,610,607,584,583,561,575,609,586,594,585,577,585,584,595,582,563,548,559,586,571,574,581,572,599,600,632,708,734,760,753,767,763,755,758,772,778,787,779,776,761,700,656,608,578,564,540,540,554,547,549,538,521,518,537,551,538,520,526,527,589,593,577,566,567,564,571,583,570,582,591,593,602,606,611,604,600,595,604,615,590,586,581,599,610,599,601,600,614,612,613,631,617,623,617,625,624,630,637
la Vila Olímpica del Poblenou,Barri,-,-,-,-,-,-,-,-,-,-,-,-,-,-,-,-,-,-,-,-,-,-,-,-,-,-,-,-,-,-,-,-,-,-,-,-,-,-,-,-,-,-,-,-,-,-,-,-,-,-,-,-,-,-,-,-,-,-,-,-,-,-,-,-,-,-,-,-,-,-,-,-,572,589,609,598,588,571,574,588,579,583,593,585,615,618,613,613,609,590,589,600,604,611,608,600,618,624,628,627,614,603,598,596,606,613,613,597,603,600,589,583,565,554,564,564,554,548,549,544,554,546,545,519,502,481,467,491,487,494,493,494,496,482,476,468,457,441,449,451,436,422,445,447,451,441,443,415,410,397,395,402,383,395,401,399,409,407,405,394,381,373,385,405,390,380,382,375,387,381,390,376,367,366,370,391,386,394,396,391,414,410,425,485,505,523,521,533,520,517,517,519,525,533,526,518,506,462,430,397,373,361,347,345,346,341,336,333,323,323,342,354,343,341,340,342,329,334,335,323,317,316,320,327,325,327,330,333,339,342,343,338,328,332,334,341,336,328,332,337,340,331,334,324,325,327,333,344,338,336,335,337,336,337,342
el Poblenou,Barri,-,-,-,-,-,-,-,-,-,-,-,-,-,-,-,-,-,-,-,-,-,-,-,-,-,-,-,-,-,-,-,-,-,-,-,-,-,-,-,-,-,-,-,-,-,-,-,-,-,-,-,-,-,-,-,-,-,-,-,-,-,-,-,-,-,-,-,-,-,-,-,-,1.954,2.014,2.078,2.038,2.002,1.947,1.957,2.004,1.983,1.998,2.027,2.000,2.102,2.118,2.100,2.099,2.089,2.024,2.029,2.063,2.075,2.100,2.095,2.070,2.134,2.153,2.167,2.159,2.116,2.078,2.064,2.060,2.091,2.113,2.111,2.059,2.076,2.061,2.030,2.007,1.945,1.909,1.942,1.941,1.907,1.887,1.887,1.873,1.911,1.886,1.877,1.793,1.733,1.664,1.619,1.695,1.680,1.702,1.697,1.701,1.711,1.661,1.646,1.614,1.576,1.522,1.545,1.554,1.502,1.456,1.530,1.532,1.549,1.519,1.521,1.430,1.413,1.370,1.364,1.392,1.327,1.362,1.384,1.375,1.407,1.399,1.391,1.352,1.314,1.283,1.320,1.391,1.340,1.314,1.318,1.294,1.332,1.315,1.343,1.299,1.265,1.256,1.272,1.344,1.325,1.349,1.355,1.339,1.416,1.403,1.458,1.660,1.725,1.788,1.781,1.820,1.782,1.770,1.769,1.782,1.800,1.828,1.805,1.781,1.740,1.591,1.482,1.369,1.287,1.249,1.198,1.194,1.202,1.183,1.171,1.158,1.123,1.123,1.182,1.223,1.186,1.175,1.174,1.179,1.208,1.225,1.220,1.181,1.163,1.157,1.172,1.200,1.189,1.200,1.210,1.221,1.241,1.252,1.256,1.240,1.209,1.219,1.228,1.252,1.230,1.202,1.214,1.234,1.248,1.217,1.226,1.197,1.202,1.208,1.228,1.266,1.244,1.240,1.236,1.243,1.239,1.247,1.262
Diagonal Mar i el Front Marítim del Poblenou,Barri,-,-,-,-,-,-,-,-,-,-,-,-,-,-,-,-,-,-,-,-,-,-,-,-,-,-,-,-,-,-,-,-,-,-,-,-,-,-,-,-,-,-,-,-,-,-,-,-,-,-,-,-,-,-,-,-,-,-,-,-,-,-,-,-,-,-,-,-,-,-,-,-,910,918,934,933,924,908,894,915,921,918,923,913,956,974,967,964,959,946,930,939,954,973,1.001,982,1.016,1.031,1.036,1.025,1.009,975,955,941,970,981,981,965,989,976,976,962,927,916,900,899,906,928,929,918,941,935,923,888,855,814,777,796,804,829,811,803,800,788,787,756,734,710,691,697,689,693,712,706,705,703,708,691,665,635,626,642,638,664,683,659,667,654,659,650,624,607,602,608,601,607,613,601,625,618,637,618,604,585,581,594,582,605,615,610,631,643,679,761,799,809,799,806,794,810,825,837,862,879,876,863,848,772,708,640,616,625,607,606,621,632,633,634,619,599,602,605,599,590,596,600,655,656,667,645,651,633,620,625,627,636,643,653,675,680,678,670,664,652,652,656,649,651,653,662,671,668,664,664,670,659,666,667,668,673,663,666,670,687,694
el Besòs i el Maresme,Barri,-,-,-,-,-,-,-,-,-,-,-,-,-,-,-,-,-,-,-,-,-,-,-,-,-,-,-,-,-,-,-,-,-,-,-,-,-,-,-,-,-,-,-,-,-,-,-,-,-,-,-,-,-,-,-,-,-,-,-,-,-,-,-,-,-,-,-,-,-,-,-,-,2.080,2.100,2.132,2.131,2.111,2.078,2.043,2.092,2.112,2.104,2.112,2.091,2.188,2.232,2.216,2.213,2.200,2.169,2.133,2.151,2.184,2.229,2.291,2.252,2.327,2.362,2.372,2.346,2.311,2.233,2.188,2.156,2.220,2.246,2.245,2.206,2.263,2.237,2.233,2.199,2.121,2.097,2.060,2.057,2.079,2.130,2.126,2.100,2.153,2.141,2.114,2.036,1.961,1.868,1.786,1.825,1.844,1.899,1.858,1.838,1.834,1.808,1.805,1.732,1.681,1.626,1.579,1.594,1.577,1.591,1.632,1.614,1.612,1.611,1.621,1.586,1.524,1.456,1.433,1.472,1.466,1.525,1.569,1.512,1.531,1.499,1.511,1.491,1.432,1.392,1.376,1.387,1.377,1.392,1.404,1.376,1.429,1.413,1.457,1.415,1.383,1.337,1.327,1.356,1.329,1.382,1.404,1.392,1.437,1.467,1.554,1.737,1.822,1.843,1.820,1.834,1.807,1.846,1.879,1.907,1.965,2.005,1.999,1.967,1.934,1.763,1.615,1.460,1.406,1.429,1.390,1.386,1.422,1.449,1.453,1.454,1.419,1.372,1.376,1.383,1.371,1.351,1.365,1.373,1.316,1.317,1.339,1.297,1.309,1.271,1.244,1.254,1.258,1.276,1.289,1.310,1.354,1.365,1.361,1.343,1.333,1.305,1.306,1.313,1.300,1.306,1.310,1.327,1.345,1.340,1.331,1.332,1.343,1.320,1.334,1.333,1.336,1.347,1.325,1.331,1.339,1.375,1.387
Provençals del Poblenou,Barri,-,-,-,-,-,-,-,-,-,-,-,-,-,-,-,-,-,-,-,-,-,-,-,-,-,-,-,-,-,-,-,-,-,-,-,-,-,-,-,-,-,-,-,-,-,-,-,-,-,-,-,-,-,-,-,-,-,-,-,-,-,-,-,-,-,-,-,-,-,-,-,-,1.367,1.396,1.421,1.403,1.391,1.365,1.366,1.389,1.416,1.426,1.425,1.413,1.477,1.500,1.501,1.494,1.491,1.463,1.458,1.475,1.484,1.510,1.524,1.515,1.551,1.571,1.564,1.551,1.530,1.490,1.481,1.486,1.512,1.520,1.512,1.469,1.492,1.472,1.465,1.444,1.409,1.390,1.390,1.384,1.383,1.388,1.375,1.351,1.389,1.377,1.364,1.321,1.284,1.238,1.217,1.235,1.233,1.244,1.226,1.228,1.240,1.217,1.206,1.170,1.139,1.102,1.084,1.096,1.077,1.075,1.100,1.080,1.085,1.093,1.086,1.057,1.028,997,987,1.012,994,1.020,1.034,1.008,1.028,1.013,1.010,979,962,932,928,964,950,962,945,936,948,941,957,938,913,887,898,933,917,933,938,927,954,967,1.035,1.141,1.182,1.209,1.192,1.214,1.198,1.201,1.202,1.221,1.250,1.269,1.257,1.240,1.219,1.126,1.042,961,912,909,876,875,891,895,898,886,859,843,854,878,869,853,860,862,920,918,913,896,899,880,877,891,878,892,900,909,933,940,943,928,917,898,908,923,902,905,906,916,930,921,919,913,916,908,914,930,917,919,908,912,913,927,932
Sant Martí de Provençals,Barri,-,-,-,-,-,-,-,-,-,-,-,-,-,-,-,-,-,-,-,-,-,-,-,-,-,-,-,-,-,-,-,-,-,-,-,-,-,-,-,-,-,-,-,-,-,-,-,-,-,-,-,-,-,-,-,-,-,-,-,-,-,-,-,-,-,-,-,-,-,-,-,-,1.926,1.960,1.998,1.969,1.968,1.931,1.933,1.953,2.003,2.022,2.014,2.000,2.096,2.118,2.127,2.127,2.107,2.073,2.052,2.079,2.088,2.121,2.125,2.109,2.147,2.175,2.152,2.132,2.116,2.061,2.055,2.065,2.090,2.109,2.102,2.022,2.060,2.041,2.034,2.001,1.956,1.937,1.937,1.938,1.944,1.932,1.899,1.850,1.909,1.883,1.874,1.824,1.780,1.722,1.708,1.718,1.716,1.727,1.708,1.712,1.730,1.705,1.675,1.629,1.588,1.537,1.501,1.514,1.500,1.505,1.546,1.507,1.510,1.534,1.522,1.491,1.444,1.399,1.376,1.402,1.396,1.441,1.444,1.408,1.443,1.434,1.425,1.382,1.350,1.315,1.289,1.336,1.333,1.344,1.309,1.303,1.312,1.295,1.308,1.286,1.258,1.227,1.243,1.295,1.284,1.308,1.302,1.290,1.312,1.333,1.447,1.573,1.623,1.654,1.627,1.664,1.630,1.635,1.622,1.641,1.695,1.720,1.699,1.664,1.637,1.524,1.403,1.300,1.223,1.225,1.180,1.179,1.187,1.197,1.198,1.182,1.144,1.122,1.126,1.172,1.169,1.163,1.166,1.168,1.173,1.162,1.162,1.147,1.145,1.115,1.112,1.130,1.112,1.124,1.125,1.140,1.173,1.185,1.187,1.163,1.137,1.109,1.123,1.147,1.132,1.139,1.149,1.144,1.158,1.149,1.146,1.127,1.108,1.100,1.112,1.135,1.116,1.106,1.094,1.091,1.091,1.104,1.104
la Verneda i la Pau,Barri,-,-,-,-,-,-,-,-,-,-,-,-,-,-,-,-,-,-,-,-,-,-,-,-,-,-,-,-,-,-,-,-,-,-,-,-,-,-,-,-,-,-,-,-,-,-,-,-,-,-,-,-,-,-,-,-,-,-,-,-,-,-,-,-,-,-,-,-,-,-,-,-,2.184,2.222,2.261,2.230,2.235,2.186,2.193,2.215,2.274,2.294,2.284,2.270,2.377,2.403,2.413,2.415,2.390,2.351,2.326,2.354,2.365,2.403,2.406,2.387,2.428,2.459,2.434,2.409,2.394,2.330,2.324,2.331,2.362,2.381,2.379,2.285,2.330,2.309,2.303,2.264,2.215,2.190,2.188,2.196,2.205,2.189,2.149,2.092,2.159,2.130,2.120,2.065,2.016,1.950,1.935,1.943,1.942,1.956,1.935,1.938,1.959,1.931,1.896,1.844,1.798,1.739,1.697,1.710,1.697,1.705,1.753,1.706,1.709,1.737,1.725,1.691,1.637,1.584,1.556,1.584,1.582,1.635,1.636,1.595,1.635,1.627,1.617,1.568,1.530,1.492,1.459,1.510,1.510,1.520,1.481,1.474,1.484,1.463,1.478,1.454,1.423,1.389,1.405,1.465,1.454,1.481,1.474,1.461,1.483,1.508,1.639,1.779,1.835,1.869,1.838,1.881,1.840,1.846,1.830,1.851,1.915,1.943,1.920,1.877,1.848,1.721,1.583,1.466,1.378,1.383,1.332,1.332,1.338,1.351,1.352,1.335,1.292,1.266,1.268,1.321,1.320,1.316,1.318,1.321,1.320,1.306,1.309,1.292,1.290,1.254,1.250,1.270,1.250,1.263,1.263,1.280,1.318,1.333,1.334,1.306,1.276,1.243,1.258,1.285,1.272,1.281,1.293,1.284,1.300,1.290,1.286,1.264,1.240,1.230,1.245,1.269,1.249,1.237,1.223,1.218,1.219,1.233,1.232
No consta (Districte),-,-,-,-,-,-,-,-,-,-,-,-,-,-,-,-,-,-,-,-,-,-,-,-,-,-,-,-,-,-,-,-,-,-,-,-,-,-,-,-,-,-,-,-,-,-,-,-,-,4,5,4,4,4,5,4,4,5,7,6,5,33,17,22,31,35,22,18,17,19,14,7,6,9,8,4,6,6,7,6,9,6,3,2,2,6,8,6,7,8,8,5,5,5,6,9,10,4,4,4,3,9,5,4,5,4,5,4,5,2,2,2,14,6,9,4,5,6,9,1,3,4,4,4,4,2,2,2,3,2,3,3,3,4,7,8,7,14,12,16,12,13,11,8,11,8,6,5,4,9,11,10,9,7,6,6,7,7,11,9,6,6,10,8,10,10,12,14,12,15,12,12,14,14,14,12,12,14,27,26,23,23,24,297,451,287,215,172,149,141,134,122,131,128,135,140,130,123,118,110,97,87,90,87,78,74,78,81,76,69,56,53,56,50,41,43,41,50,47,45,44,40,38,40,44,44,43,51,54,52,49,52,48,35,34,32,32,32,29,32,35,32,31,28,30,22,20,22,18,17,19,20,18,21,21,22
No consta (Barri),-,-,-,-,-,-,-,-,-,-,-,-,-,-,-,-,-,-,-,-,-,-,-,-,-,-,-,-,-,-,-,-,-,-,-,-,-,-,-,-,-,-,-,-,-,-,-,-,-,-,-,-,-,-,-,-,-,-,-,-,-,-,-,-,-,-,-,-,-,-,-,-,-,12,13,0,3,9,7,3,8,14,7,5,4,5,6,5,5,6,7,10,7,0,5,5,14,9,1,6,1,9,5,6,6,3,6,1,1,0,3,7,11,11,5,8,1,6,15,3,7,4,4,4,4,2,2,2,3,2,3,3,3,4,7,8,7,14,12,16,12,13,11,8,11,8,6,5,4,9,11,10,9,7,6,6,7,7,11,9,6,6,10,8,10,10,12,14,12,15,12,12,14,14,14,12,12,14,27,26,23,23,24,297,451,287,215,172,149,141,134,121,130,127,133,137,128,121,116,107,94,86,89,85,76,72,75,80,74,68,57,55,58,50,41,45,43,50,47,45,44,40,38,40,44,44,43,51,54,52,49,52,48,35,34,32,32,32,29,32,35,32,31,28,30,22,20,22,18,17,19,20,18,21,21,22