Territori,Tipus de territori,Titulació acadèmica,01 Gen. 1981,01 Gen. 1991,01 Gen. 2001,01 Gen. 2011,01 Gen. 2021,01 Gen. 2022,01 Gen. 2023
Barcelona,Municipi,Educació primària o inferior,941.766,698.147,475.596,266.399,181.842,167.263,163.887
Barcelona,Municipi,Primera etapa d’educació secundària i similar,290.137,375.838,280.938,288.942,260.667,260.291,258.604
Barcelona,Municipi,Segona etapa d’educació secundària i similar,153.784,261.626,265.481,296.581,324.597,322.123,332.477
Barcelona,Municipi,Educació superior,86.813,171.893,354.522,537.413,663.033,672.539,706.661
Barcelona,Municipi,No consta,4.593,-,-,-,-,-,-
Ciutat Vella,Districte,Educació primària o inferior,-,-,-,-,16.716,14.858,15.102
Ciutat Vella,Districte,Primera etapa d’educació secundària i similar,-,-,-,-,19.527,19.448,19.630
Ciutat Vella,Districte,Segona etapa d’educació secundària i similar,-,-,-,-,19.686,19.309,20.492
Ciutat Vella,Districte,Educació superior,-,-,-,-,37.773,37.231,39.741
el Raval,Barri,Educació primària o inferior,-,-,-,-,7.893,6.921,6.640
el Raval,Barri,Primera etapa d’educació secundària i similar,-,-,-,-,10.143,9.957,9.735
el Raval,Barri,Segona etapa d’educació secundària i similar,-,-,-,-,8.451,8.199,8.490
el Raval,Barri,Educació superior,-,-,-,-,14.076,13.683,14.543
el Barri Gòtic,Barri,Educació primària o inferior,-,-,-,-,4.506,4.082,4.772
el Barri Gòtic,Barri,Primera etapa d’educació secundària i similar,-,-,-,-,3.534,3.813,4.364
el Barri Gòtic,Barri,Segona etapa d’educació secundària i similar,-,-,-,-,4.041,4.150,4.820
el Barri Gòtic,Barri,Educació superior,-,-,-,-,7.788,7.793,8.596
la Barceloneta,Barri,Educació primària o inferior,-,-,-,-,2.076,1.862,1.745
la Barceloneta,Barri,Primera etapa d’educació secundària i similar,-,-,-,-,2.772,2.657,2.572
la Barceloneta,Barri,Segona etapa d’educació secundària i similar,-,-,-,-,3.069,2.977,3.116
la Barceloneta,Barri,Educació superior,-,-,-,-,5.511,5.311,5.709
"Sant Pere, Santa Caterina i la Ribera",Barri,Educació primària o inferior,-,-,-,-,2.241,1.993,1.945
"Sant Pere, Santa Caterina i la Ribera",Barri,Primera etapa d’educació secundària i similar,-,-,-,-,3.078,3.021,2.959
"Sant Pere, Santa Caterina i la Ribera",Barri,Segona etapa d’educació secundària i similar,-,-,-,-,4.125,3.983,4.066
"Sant Pere, Santa Caterina i la Ribera",Barri,Educació superior,-,-,-,-,10.398,10.444,10.893
Eixample,Districte,Educació primària o inferior,-,-,-,-,20.781,18.990,18.522
Eixample,Districte,Primera etapa d’educació secundària i similar,-,-,-,-,29.160,29.048,28.325
Eixample,Districte,Segona etapa d’educació secundària i similar,-,-,-,-,51.426,50.654,51.418
Eixample,Districte,Educació superior,-,-,-,-,134.421,136.785,143.384
el Fort Pienc,Barri,Educació primària o inferior,-,-,-,-,2.922,2.735,2.836
el Fort Pienc,Barri,Primera etapa d’educació secundària i similar,-,-,-,-,4.065,4.172,4.163
el Fort Pienc,Barri,Segona etapa d’educació secundària i similar,-,-,-,-,6.735,6.664,7.044
el Fort Pienc,Barri,Educació superior,-,-,-,-,15.405,15.800,16.815
la Sagrada Família,Barri,Educació primària o inferior,-,-,-,-,4.839,4.365,4.182
la Sagrada Família,Barri,Primera etapa d’educació secundària i similar,-,-,-,-,6.612,6.592,6.356
la Sagrada Família,Barri,Segona etapa d’educació secundària i similar,-,-,-,-,10.299,10.145,10.388
la Sagrada Família,Barri,Educació superior,-,-,-,-,24.126,24.481,25.624
la Dreta de l'Eixample,Barri,Educació primària o inferior,-,-,-,-,2.424,2.273,2.169
la Dreta de l'Eixample,Barri,Primera etapa d’educació secundària i similar,-,-,-,-,3.393,3.333,3.312
la Dreta de l'Eixample,Barri,Segona etapa d’educació secundària i similar,-,-,-,-,7.722,7.595,7.549
la Dreta de l'Eixample,Barri,Educació superior,-,-,-,-,24.807,25.505,26.490
l'Antiga Esquerra de l'Eixample,Barri,Educació primària o inferior,-,-,-,-,2.718,2.418,2.412
l'Antiga Esquerra de l'Eixample,Barri,Primera etapa d’educació secundària i similar,-,-,-,-,3.738,3.725,3.608
l'Antiga Esquerra de l'Eixample,Barri,Segona etapa d’educació secundària i similar,-,-,-,-,8.082,7.871,7.960
l'Antiga Esquerra de l'Eixample,Barri,Educació superior,-,-,-,-,23.058,23.419,24.692
la Nova Esquerra de l'Eixample,Barri,Educació primària o inferior,-,-,-,-,4.200,3.828,3.697
la Nova Esquerra de l'Eixample,Barri,Primera etapa d’educació secundària i similar,-,-,-,-,6.234,6.135,5.941
la Nova Esquerra de l'Eixample,Barri,Segona etapa d’educació secundària i similar,-,-,-,-,11.160,11.026,11.024
la Nova Esquerra de l'Eixample,Barri,Educació superior,-,-,-,-,29.313,29.656,30.992
Sant Antoni,Barri,Educació primària o inferior,-,-,-,-,3.678,3.371,3.226
Sant Antoni,Barri,Primera etapa d’educació secundària i similar,-,-,-,-,5.118,5.091,4.945
Sant Antoni,Barri,Segona etapa d’educació secundària i similar,-,-,-,-,7.428,7.353,7.453
Sant Antoni,Barri,Educació superior,-,-,-,-,17.712,17.924,18.771
Sants-Montjuïc,Districte,Educació primària o inferior,-,-,-,-,23.619,20.774,21.023
Sants-Montjuïc,Districte,Primera etapa d’educació secundària i similar,-,-,-,-,33.912,33.094,33.464
Sants-Montjuïc,Districte,Segona etapa d’educació secundària i similar,-,-,-,-,37.575,36.808,38.882
Sants-Montjuïc,Districte,Educació superior,-,-,-,-,67.518,67.636,71.903
el Poble-sec,Barri,Educació primària o inferior,-,-,-,-,5.256,4.658,4.436
el Poble-sec,Barri,Primera etapa d’educació secundària i similar,-,-,-,-,7.488,7.359,7.172
el Poble-sec,Barri,Segona etapa d’educació secundària i similar,-,-,-,-,7.842,7.698,7.908
el Poble-sec,Barri,Educació superior,-,-,-,-,14.340,14.421,15.011
la Marina del Prat Vermell,Barri,Educació primària o inferior,-,-,-,-,285,269,264
la Marina del Prat Vermell,Barri,Primera etapa d’educació secundària i similar,-,-,-,-,426,462,462
la Marina del Prat Vermell,Barri,Segona etapa d’educació secundària i similar,-,-,-,-,207,249,284
la Marina del Prat Vermell,Barri,Educació superior,-,-,-,-,243,303,412
la Marina de Port,Barri,Educació primària o inferior,-,-,-,-,4.428,4.063,3.862
la Marina de Port,Barri,Primera etapa d’educació secundària i similar,-,-,-,-,7.449,7.387,7.290
la Marina de Port,Barri,Segona etapa d’educació secundària i similar,-,-,-,-,6.522,6.471,6.700
la Marina de Port,Barri,Educació superior,-,-,-,-,8.298,8.472,8.832
la Font de la Guatlla,Barri,Educació primària o inferior,-,-,-,-,1.191,1.172,1.184
la Font de la Guatlla,Barri,Primera etapa d’educació secundària i similar,-,-,-,-,1.680,1.844,1.831
la Font de la Guatlla,Barri,Segona etapa d’educació secundària i similar,-,-,-,-,2.076,2.139,2.151
la Font de la Guatlla,Barri,Educació superior,-,-,-,-,4.155,4.205,4.474
Hostafrancs,Barri,Educació primària o inferior,-,-,-,-,1.779,1.652,1.598
Hostafrancs,Barri,Primera etapa d’educació secundària i similar,-,-,-,-,2.664,2.594,2.551
Hostafrancs,Barri,Segona etapa d’educació secundària i similar,-,-,-,-,3.051,3.142,3.228
Hostafrancs,Barri,Educació superior,-,-,-,-,6.507,6.538,6.817
la Bordeta,Barri,Educació primària o inferior,-,-,-,-,2.376,2.209,2.151
la Bordeta,Barri,Primera etapa d’educació secundària i similar,-,-,-,-,3.405,3.380,3.335
la Bordeta,Barri,Segona etapa d’educació secundària i similar,-,-,-,-,3.960,3.959,4.128
la Bordeta,Barri,Educació superior,-,-,-,-,7.158,7.311,7.790
Sants - Badal,Barri,Educació primària o inferior,-,-,-,-,3.171,2.865,2.771
Sants - Badal,Barri,Primera etapa d’educació secundària i similar,-,-,-,-,4.260,4.182,4.090
Sants - Badal,Barri,Segona etapa d’educació secundària i similar,-,-,-,-,5.232,5.186,5.359
Sants - Badal,Barri,Educació superior,-,-,-,-,9.117,9.063,9.551
Sants,Barri,Educació primària o inferior,-,-,-,-,5.133,3.886,4.757
Sants,Barri,Primera etapa d’educació secundària i similar,-,-,-,-,6.540,5.886,6.733
Sants,Barri,Segona etapa d’educació secundària i similar,-,-,-,-,8.685,7.964,9.124
Sants,Barri,Educació superior,-,-,-,-,17.700,17.323,19.016
Les Corts,Districte,Educació primària o inferior,-,-,-,-,6.030,5.649,5.521
Les Corts,Districte,Primera etapa d’educació secundària i similar,-,-,-,-,8.427,8.428,8.326
Les Corts,Districte,Segona etapa d’educació secundària i similar,-,-,-,-,15.252,15.228,15.510
Les Corts,Districte,Educació superior,-,-,-,-,40.635,40.918,42.579
les Corts,Barri,Educació primària o inferior,-,-,-,-,3.285,3.073,2.998
les Corts,Barri,Primera etapa d’educació secundària i similar,-,-,-,-,4.833,4.794,4.728
les Corts,Barri,Segona etapa d’educació secundària i similar,-,-,-,-,8.544,8.495,8.649
les Corts,Barri,Educació superior,-,-,-,-,23.187,23.383,24.102
la Maternitat i Sant Ramon,Barri,Educació primària o inferior,-,-,-,-,2.136,2.034,1.979
la Maternitat i Sant Ramon,Barri,Primera etapa d’educació secundària i similar,-,-,-,-,2.829,2.854,2.825
la Maternitat i Sant Ramon,Barri,Segona etapa d’educació secundària i similar,-,-,-,-,4.554,4.600,4.654
la Maternitat i Sant Ramon,Barri,Educació superior,-,-,-,-,11.160,11.141,11.724
Pedralbes,Barri,Educació primària o inferior,-,-,-,-,609,542,544
Pedralbes,Barri,Primera etapa d’educació secundària i similar,-,-,-,-,765,780,773
Pedralbes,Barri,Segona etapa d’educació secundària i similar,-,-,-,-,2.154,2.133,2.207
Pedralbes,Barri,Educació superior,-,-,-,-,6.288,6.394,6.753
Sarrià-Sant Gervasi,Districte,Educació primària o inferior,-,-,-,-,6.453,6.004,5.770
Sarrià-Sant Gervasi,Districte,Primera etapa d’educació secundària i similar,-,-,-,-,11.064,11.005,10.848
Sarrià-Sant Gervasi,Districte,Segona etapa d’educació secundària i similar,-,-,-,-,25.806,25.321,25.465
Sarrià-Sant Gervasi,Districte,Educació superior,-,-,-,-,81.291,82.339,85.238
"Vallvidrera, el Tibidabo i les Planes",Barri,Educació primària o inferior,-,-,-,-,300,275,283
"Vallvidrera, el Tibidabo i les Planes",Barri,Primera etapa d’educació secundària i similar,-,-,-,-,459,498,486
"Vallvidrera, el Tibidabo i les Planes",Barri,Segona etapa d’educació secundària i similar,-,-,-,-,843,817,849
"Vallvidrera, el Tibidabo i les Planes",Barri,Educació superior,-,-,-,-,2.250,2.330,2.357
Sarrià,Barri,Educació primària o inferior,-,-,-,-,1.284,1.202,1.151
Sarrià,Barri,Primera etapa d’educació secundària i similar,-,-,-,-,1.890,1.886,1.849
Sarrià,Barri,Segona etapa d’educació secundària i similar,-,-,-,-,3.993,3.961,4.006
Sarrià,Barri,Educació superior,-,-,-,-,12.969,13.163,13.650
les Tres Torres,Barri,Educació primària o inferior,-,-,-,-,570,556,524
les Tres Torres,Barri,Primera etapa d’educació secundària i similar,-,-,-,-,1.143,1.156,1.142
les Tres Torres,Barri,Segona etapa d’educació secundària i similar,-,-,-,-,2.688,2.602,2.621
les Tres Torres,Barri,Educació superior,-,-,-,-,9.075,9.135,9.372
Sant Gervasi - la Bonanova,Barri,Educació primària o inferior,-,-,-,-,1.152,1.026,1.005
Sant Gervasi - la Bonanova,Barri,Primera etapa d’educació secundària i similar,-,-,-,-,1.941,1.926,1.954
Sant Gervasi - la Bonanova,Barri,Segona etapa d’educació secundària i similar,-,-,-,-,4.506,4.435,4.491
Sant Gervasi - la Bonanova,Barri,Educació superior,-,-,-,-,14.088,14.120,14.671
Sant Gervasi - Galvany,Barri,Educació primària o inferior,-,-,-,-,1.842,1.772,1.675
Sant Gervasi - Galvany,Barri,Primera etapa d’educació secundària i similar,-,-,-,-,3.264,3.204,3.116
Sant Gervasi - Galvany,Barri,Segona etapa d’educació secundària i similar,-,-,-,-,8.493,8.305,8.346
Sant Gervasi - Galvany,Barri,Educació superior,-,-,-,-,26.295,26.846,27.759
el Putxet i el Farró,Barri,Educació primària o inferior,-,-,-,-,1.305,1.173,1.132
el Putxet i el Farró,Barri,Primera etapa d’educació secundària i similar,-,-,-,-,2.367,2.335,2.301
el Putxet i el Farró,Barri,Segona etapa d’educació secundària i similar,-,-,-,-,5.283,5.201,5.152
el Putxet i el Farró,Barri,Educació superior,-,-,-,-,16.614,16.745,17.429
Gràcia,Districte,Educació primària o inferior,-,-,-,-,9.507,8.817,8.507
Gràcia,Districte,Primera etapa d’educació secundària i similar,-,-,-,-,13.869,13.639,13.324
Gràcia,Districte,Segona etapa d’educació secundària i similar,-,-,-,-,22.476,22.129,22.671
Gràcia,Districte,Educació superior,-,-,-,-,60.795,61.427,64.270
Vallcarca i els Penitents,Barri,Educació primària o inferior,-,-,-,-,1.230,1.151,1.098
Vallcarca i els Penitents,Barri,Primera etapa d’educació secundària i similar,-,-,-,-,1.890,1.836,1.803
Vallcarca i els Penitents,Barri,Segona etapa d’educació secundària i similar,-,-,-,-,3.099,3.009,3.102
Vallcarca i els Penitents,Barri,Educació superior,-,-,-,-,7.791,7.836,8.283
el Coll,Barri,Educació primària o inferior,-,-,-,-,762,698,712
el Coll,Barri,Primera etapa d’educació secundària i similar,-,-,-,-,1.143,1.135,1.145
el Coll,Barri,Segona etapa d’educació secundària i similar,-,-,-,-,1.566,1.540,1.596
el Coll,Barri,Educació superior,-,-,-,-,3.090,3.138,3.288
la Salut,Barri,Educació primària o inferior,-,-,-,-,984,1.011,985
la Salut,Barri,Primera etapa d’educació secundària i similar,-,-,-,-,1.476,1.451,1.414
la Salut,Barri,Segona etapa d’educació secundària i similar,-,-,-,-,2.541,2.498,2.547
la Salut,Barri,Educació superior,-,-,-,-,6.432,6.556,6.826
la Vila de Gràcia,Barri,Educació primària o inferior,-,-,-,-,3.702,3.354,3.181
la Vila de Gràcia,Barri,Primera etapa d’educació secundària i similar,-,-,-,-,5.304,5.197,5.045
la Vila de Gràcia,Barri,Segona etapa d’educació secundària i similar,-,-,-,-,8.622,8.467,8.639
la Vila de Gràcia,Barri,Educació superior,-,-,-,-,26.064,26.352,27.636
el Camp d'en Grassot i Gràcia Nova,Barri,Educació primària o inferior,-,-,-,-,2.829,2.603,2.531
el Camp d'en Grassot i Gràcia Nova,Barri,Primera etapa d’educació secundària i similar,-,-,-,-,4.056,4.020,3.917
el Camp d'en Grassot i Gràcia Nova,Barri,Segona etapa d’educació secundària i similar,-,-,-,-,6.648,6.615,6.787
el Camp d'en Grassot i Gràcia Nova,Barri,Educació superior,-,-,-,-,17.418,17.545,18.237
Horta-Guinardó,Districte,Educació primària o inferior,-,-,-,-,22.482,20.762,20.326
Horta-Guinardó,Districte,Primera etapa d’educació secundària i similar,-,-,-,-,30.987,30.993,30.971
Horta-Guinardó,Districte,Segona etapa d’educació secundària i similar,-,-,-,-,36.828,36.636,38.143
Horta-Guinardó,Districte,Educació superior,-,-,-,-,60.726,61.862,65.364
el Baix Guinardó,Barri,Educació primària o inferior,-,-,-,-,2.646,2.456,2.351
el Baix Guinardó,Barri,Primera etapa d’educació secundària i similar,-,-,-,-,3.630,3.593,3.547
el Baix Guinardó,Barri,Segona etapa d’educació secundària i similar,-,-,-,-,5.442,5.386,5.458
el Baix Guinardó,Barri,Educació superior,-,-,-,-,11.055,11.188,11.640
Can Baró,Barri,Educació primària o inferior,-,-,-,-,1.056,953,949
Can Baró,Barri,Primera etapa d’educació secundària i similar,-,-,-,-,1.575,1.598,1.565
Can Baró,Barri,Segona etapa d’educació secundària i similar,-,-,-,-,1.899,1.878,1.948
Can Baró,Barri,Educació superior,-,-,-,-,3.555,3.596,3.781
el Guinardó,Barri,Educació primària o inferior,-,-,-,-,3.843,3.542,3.427
el Guinardó,Barri,Primera etapa d’educació secundària i similar,-,-,-,-,5.478,5.480,5.435
el Guinardó,Barri,Segona etapa d’educació secundària i similar,-,-,-,-,8.148,8.071,8.260
el Guinardó,Barri,Educació superior,-,-,-,-,14.946,15.246,16.032
la Font d'en Fargues,Barri,Educació primària o inferior,-,-,-,-,942,774,768
la Font d'en Fargues,Barri,Primera etapa d’educació secundària i similar,-,-,-,-,1.449,1.448,1.408
la Font d'en Fargues,Barri,Segona etapa d’educació secundària i similar,-,-,-,-,1.932,1.920,1.970
la Font d'en Fargues,Barri,Educació superior,-,-,-,-,3.990,4.105,4.293
el Carmel,Barri,Educació primària o inferior,-,-,-,-,5.592,5.166,5.009
el Carmel,Barri,Primera etapa d’educació secundària i similar,-,-,-,-,7.929,7.904,7.838
el Carmel,Barri,Segona etapa d’educació secundària i similar,-,-,-,-,6.903,6.891,7.180
el Carmel,Barri,Educació superior,-,-,-,-,7.794,7.946,8.498
la Teixonera,Barri,Educació primària o inferior,-,-,-,-,1.788,1.633,1.586
la Teixonera,Barri,Primera etapa d’educació secundària i similar,-,-,-,-,2.646,2.623,2.607
la Teixonera,Barri,Segona etapa d’educació secundària i similar,-,-,-,-,2.646,2.607,2.716
la Teixonera,Barri,Educació superior,-,-,-,-,3.420,3.543,3.751
Sant Genís dels Agudells,Barri,Educació primària o inferior,-,-,-,-,1.140,1.045,1.005
Sant Genís dels Agudells,Barri,Primera etapa d’educació secundària i similar,-,-,-,-,1.386,1.376,1.413
Sant Genís dels Agudells,Barri,Segona etapa d’educació secundària i similar,-,-,-,-,1.605,1.611,1.690
Sant Genís dels Agudells,Barri,Educació superior,-,-,-,-,2.223,2.246,2.365
Montbau,Barri,Educació primària o inferior,-,-,-,-,735,679,635
Montbau,Barri,Primera etapa d’educació secundària i similar,-,-,-,-,777,765,791
Montbau,Barri,Segona etapa d’educació secundària i similar,-,-,-,-,1.056,1.054,1.122
Montbau,Barri,Educació superior,-,-,-,-,1.893,1.918,2.056
la Vall d'Hebron,Barri,Educació primària o inferior,-,-,-,-,678,645,631
la Vall d'Hebron,Barri,Primera etapa d’educació secundària i similar,-,-,-,-,918,939,926
la Vall d'Hebron,Barri,Segona etapa d’educació secundària i similar,-,-,-,-,1.206,1.198,1.169
la Vall d'Hebron,Barri,Educació superior,-,-,-,-,2.388,2.408,2.503
la Clota,Barri,Educació primària o inferior,-,-,-,-,78,71,76
la Clota,Barri,Primera etapa d’educació secundària i similar,-,-,-,-,105,108,113
la Clota,Barri,Segona etapa d’educació secundària i similar,-,-,-,-,153,139,137
la Clota,Barri,Educació superior,-,-,-,-,234,226,239
Horta,Barri,Educació primària o inferior,-,-,-,-,3.984,3.798,3.889
Horta,Barri,Primera etapa d’educació secundària i similar,-,-,-,-,5.094,5.159,5.328
Horta,Barri,Segona etapa d’educació secundària i similar,-,-,-,-,5.838,5.881,6.493
Horta,Barri,Educació superior,-,-,-,-,9.228,9.440,10.206
Nou Barris,Districte,Educació primària o inferior,-,-,-,-,29.076,26.866,26.321
Nou Barris,Districte,Primera etapa d’educació secundària i similar,-,-,-,-,42.159,42.226,42.317
Nou Barris,Districte,Segona etapa d’educació secundària i similar,-,-,-,-,35.745,35.899,38.059
Nou Barris,Districte,Educació superior,-,-,-,-,41.640,42.575,45.148
Vilapicina i la Torre Llobeta,Barri,Educació primària o inferior,-,-,-,-,3.450,3.215,3.081
Vilapicina i la Torre Llobeta,Barri,Primera etapa d’educació secundària i similar,-,-,-,-,4.911,4.877,4.813
Vilapicina i la Torre Llobeta,Barri,Segona etapa d’educació secundària i similar,-,-,-,-,5.613,5.590,5.767
Vilapicina i la Torre Llobeta,Barri,Educació superior,-,-,-,-,8.637,8.914,9.278
Porta,Barri,Educació primària o inferior,-,-,-,-,4.773,4.435,4.599
Porta,Barri,Primera etapa d’educació secundària i similar,-,-,-,-,5.835,5.912,6.169
Porta,Barri,Segona etapa d’educació secundària i similar,-,-,-,-,5.796,5.881,6.507
Porta,Barri,Educació superior,-,-,-,-,7.536,7.649,8.354
el Turó de la Peira,Barri,Educació primària o inferior,-,-,-,-,2.730,2.478,2.379
el Turó de la Peira,Barri,Primera etapa d’educació secundària i similar,-,-,-,-,3.588,3.607,3.594
el Turó de la Peira,Barri,Segona etapa d’educació secundària i similar,-,-,-,-,3.501,3.589,3.835
el Turó de la Peira,Barri,Educació superior,-,-,-,-,3.876,3.963,4.216
Can Peguera,Barri,Educació primària o inferior,-,-,-,-,375,344,321
Can Peguera,Barri,Primera etapa d’educació secundària i similar,-,-,-,-,687,707,699
Can Peguera,Barri,Segona etapa d’educació secundària i similar,-,-,-,-,459,424,439
Can Peguera,Barri,Educació superior,-,-,-,-,441,445,444
la Guineueta,Barri,Educació primària o inferior,-,-,-,-,2.352,2.163,2.059
la Guineueta,Barri,Primera etapa d’educació secundària i similar,-,-,-,-,3.195,3.196,3.181
la Guineueta,Barri,Segona etapa d’educació secundària i similar,-,-,-,-,3.273,3.194,3.325
la Guineueta,Barri,Educació superior,-,-,-,-,4.554,4.664,4.923
Canyelles,Barri,Educació primària o inferior,-,-,-,-,1.170,1.103,1.062
Canyelles,Barri,Primera etapa d’educació secundària i similar,-,-,-,-,1.950,1.956,1.933
Canyelles,Barri,Segona etapa d’educació secundària i similar,-,-,-,-,1.350,1.386,1.418
Canyelles,Barri,Educació superior,-,-,-,-,1.596,1.625,1.680
les Roquetes,Barri,Educació primària o inferior,-,-,-,-,2.976,2.711,2.729
les Roquetes,Barri,Primera etapa d’educació secundària i similar,-,-,-,-,4.779,4.758,4.691
les Roquetes,Barri,Segona etapa d’educació secundària i similar,-,-,-,-,3.237,3.229,3.477
les Roquetes,Barri,Educació superior,-,-,-,-,2.796,2.918,3.160
Verdun,Barri,Educació primària o inferior,-,-,-,-,2.337,2.134,2.069
Verdun,Barri,Primera etapa d’educació secundària i similar,-,-,-,-,3.255,3.278,3.274
Verdun,Barri,Segona etapa d’educació secundària i similar,-,-,-,-,2.613,2.649,2.809
Verdun,Barri,Educació superior,-,-,-,-,2.718,2.801,2.959
la Prosperitat,Barri,Educació primària o inferior,-,-,-,-,4.809,4.487,4.323
la Prosperitat,Barri,Primera etapa d’educació secundària i similar,-,-,-,-,6.747,6.716,6.728
la Prosperitat,Barri,Segona etapa d’educació secundària i similar,-,-,-,-,5.628,5.647,5.881
la Prosperitat,Barri,Educació superior,-,-,-,-,6.069,6.143,6.496
la Trinitat Nova,Barri,Educació primària o inferior,-,-,-,-,1.254,1.164,1.132
la Trinitat Nova,Barri,Primera etapa d’educació secundària i similar,-,-,-,-,2.475,2.456,2.453
la Trinitat Nova,Barri,Segona etapa d’educació secundària i similar,-,-,-,-,1.494,1.516,1.641
la Trinitat Nova,Barri,Educació superior,-,-,-,-,1.263,1.262,1.372
Torre Baró,Barri,Educació primària o inferior,-,-,-,-,450,419,399
Torre Baró,Barri,Primera etapa d’educació secundària i similar,-,-,-,-,951,996,1.004
Torre Baró,Barri,Segona etapa d’educació secundària i similar,-,-,-,-,525,540,569
Torre Baró,Barri,Educació superior,-,-,-,-,438,456,474
Ciutat Meridiana,Barri,Educació primària o inferior,-,-,-,-,2.184,1.979,1.935
Ciutat Meridiana,Barri,Primera etapa d’educació secundària i similar,-,-,-,-,3.321,3.307,3.318
Ciutat Meridiana,Barri,Segona etapa d’educació secundària i similar,-,-,-,-,2.037,2.023,2.137
Ciutat Meridiana,Barri,Educació superior,-,-,-,-,1.512,1.516,1.576
Vallbona,Barri,Educació primària o inferior,-,-,-,-,216,234,233
Vallbona,Barri,Primera etapa d’educació secundària i similar,-,-,-,-,465,460,460
Vallbona,Barri,Segona etapa d’educació secundària i similar,-,-,-,-,219,231,254
Vallbona,Barri,Educació superior,-,-,-,-,204,219,216
Sant Andreu (Districte),-,Educació primària o inferior,-,-,-,-,18.444,17.916,16.742
Sant Andreu (Districte),-,Primera etapa d’educació secundària i similar,-,-,-,-,28.656,29.404,28.713
Sant Andreu (Districte),-,Segona etapa d’educació secundària i similar,-,-,-,-,31.884,32.399,32.601
Sant Andreu (Districte),-,Educació superior,-,-,-,-,51.168,52.372,54.538
la Trinitat Vella,Barri,Educació primària o inferior,-,-,-,-,1.821,1.664,1.639
la Trinitat Vella,Barri,Primera etapa d’educació secundària i similar,-,-,-,-,2.949,2.971,2.940
la Trinitat Vella,Barri,Segona etapa d’educació secundària i similar,-,-,-,-,2.043,2.030,2.078
la Trinitat Vella,Barri,Educació superior,-,-,-,-,1.728,1.759,1.893
Baró de Viver,Barri,Educació primària o inferior,-,-,-,-,465,412,382
Baró de Viver,Barri,Primera etapa d’educació secundària i similar,-,-,-,-,864,868,867
Baró de Viver,Barri,Segona etapa d’educació secundària i similar,-,-,-,-,507,508,522
Baró de Viver,Barri,Educació superior,-,-,-,-,384,398,410
el Bon Pastor,Barri,Educació primària o inferior,-,-,-,-,2.286,2.096,2.228
el Bon Pastor,Barri,Primera etapa d’educació secundària i similar,-,-,-,-,3.360,3.459,3.616
el Bon Pastor,Barri,Segona etapa d’educació secundària i similar,-,-,-,-,2.739,2.771,3.127
el Bon Pastor,Barri,Educació superior,-,-,-,-,2.979,3.031,3.390
Sant Andreu (Barri),-,Educació primària o inferior,-,-,-,-,6.321,6.687,5.721
Sant Andreu (Barri),-,Primera etapa d’educació secundària i similar,-,-,-,-,10.287,10.930,10.188
Sant Andreu (Barri),-,Segona etapa d’educació secundària i similar,-,-,-,-,12.162,12.736,12.185
Sant Andreu (Barri),-,Educació superior,-,-,-,-,21.528,22.249,22.598
la Sagrera,Barri,Educació primària o inferior,-,-,-,-,3.465,3.279,3.172
la Sagrera,Barri,Primera etapa d’educació secundària i similar,-,-,-,-,5.220,5.238,5.191
la Sagrera,Barri,Segona etapa d’educació secundària i similar,-,-,-,-,6.396,6.401,6.583
la Sagrera,Barri,Educació superior,-,-,-,-,10.632,10.886,11.444
el Congrés i els Indians,Barri,Educació primària o inferior,-,-,-,-,1.671,1.538,1.465
el Congrés i els Indians,Barri,Primera etapa d’educació secundària i similar,-,-,-,-,2.304,2.295,2.330
el Congrés i els Indians,Barri,Segona etapa d’educació secundària i similar,-,-,-,-,3.132,3.103,3.207
el Congrés i els Indians,Barri,Educació superior,-,-,-,-,5.475,5.527,5.856
Navas,Barri,Educació primària o inferior,-,-,-,-,2.415,2.240,2.135
Navas,Barri,Primera etapa d’educació secundària i similar,-,-,-,-,3.672,3.643,3.581
Navas,Barri,Segona etapa d’educació secundària i similar,-,-,-,-,4.905,4.850,4.899
Navas,Barri,Educació superior,-,-,-,-,8.442,8.522,8.947
Sant Martí,Districte,Educació primària o inferior,-,-,-,-,28.734,26.627,26.053
Sant Martí,Districte,Primera etapa d’educació secundària i similar,-,-,-,-,42.906,43.006,42.686
Sant Martí,Districte,Segona etapa d’educació secundària i similar,-,-,-,-,47.919,47.740,49.236
Sant Martí,Districte,Educació superior,-,-,-,-,87.066,89.394,94.496
el Camp de l'Arpa del Clot,Barri,Educació primària o inferior,-,-,-,-,3.942,3.619,3.480
el Camp de l'Arpa del Clot,Barri,Primera etapa d’educació secundària i similar,-,-,-,-,6.033,5.894,5.789
el Camp de l'Arpa del Clot,Barri,Segona etapa d’educació secundària i similar,-,-,-,-,8.160,8.030,8.138
el Camp de l'Arpa del Clot,Barri,Educació superior,-,-,-,-,15.954,16.129,16.892
el Clot,Barri,Educació primària o inferior,-,-,-,-,2.640,2.389,2.330
el Clot,Barri,Primera etapa d’educació secundària i similar,-,-,-,-,4.674,4.600,4.477
el Clot,Barri,Segona etapa d’educació secundària i similar,-,-,-,-,5.514,5.509,5.589
el Clot,Barri,Educació superior,-,-,-,-,10.527,10.713,11.219
el Parc i la Llacuna del Poblenou,Barri,Educació primària o inferior,-,-,-,-,1.470,1.351,1.296
el Parc i la Llacuna del Poblenou,Barri,Primera etapa d’educació secundària i similar,-,-,-,-,2.193,2.200,2.130
el Parc i la Llacuna del Poblenou,Barri,Segona etapa d’educació secundària i similar,-,-,-,-,2.967,2.997,3.097
el Parc i la Llacuna del Poblenou,Barri,Educació superior,-,-,-,-,6.930,7.122,7.671
la Vila Olímpica del Poblenou,Barri,Educació primària o inferior,-,-,-,-,393,374,376
la Vila Olímpica del Poblenou,Barri,Primera etapa d’educació secundària i similar,-,-,-,-,738,748,694
la Vila Olímpica del Poblenou,Barri,Segona etapa d’educació secundària i similar,-,-,-,-,1.542,1.510,1.489
la Vila Olímpica del Poblenou,Barri,Educació superior,-,-,-,-,5.304,5.432,5.577
el Poblenou,Barri,Educació primària o inferior,-,-,-,-,3.063,2.795,2.638
el Poblenou,Barri,Primera etapa d’educació secundària i similar,-,-,-,-,4.872,4.817,4.758
el Poblenou,Barri,Segona etapa d’educació secundària i similar,-,-,-,-,6.195,6.120,6.220
el Poblenou,Barri,Educació superior,-,-,-,-,14.694,15.068,15.751
Diagonal Mar i el Front Marítim del Poblenou,Barri,Educació primària o inferior,-,-,-,-,1.143,1.130,1.089
Diagonal Mar i el Front Marítim del Poblenou,Barri,Primera etapa d’educació secundària i similar,-,-,-,-,1.581,1.597,1.590
Diagonal Mar i el Front Marítim del Poblenou,Barri,Segona etapa d’educació secundària i similar,-,-,-,-,2.163,2.135,2.163
Diagonal Mar i el Front Marítim del Poblenou,Barri,Educació superior,-,-,-,-,6.021,6.170,6.400
el Besòs i el Maresme,Barri,Educació primària o inferior,-,-,-,-,5.142,4.863,5.033
el Besòs i el Maresme,Barri,Primera etapa d’educació secundària i similar,-,-,-,-,6.690,6.994,7.293
el Besòs i el Maresme,Barri,Segona etapa d’educació secundària i similar,-,-,-,-,5.046,5.095,5.711
el Besòs i el Maresme,Barri,Educació superior,-,-,-,-,4.971,5.286,6.014
Provençals del Poblenou,Barri,Educació primària o inferior,-,-,-,-,2.352,2.144,2.037
Provençals del Poblenou,Barri,Primera etapa d’educació secundària i similar,-,-,-,-,3.867,3.910,3.841
Provençals del Poblenou,Barri,Segona etapa d’educació secundària i similar,-,-,-,-,4.272,4.271,4.450
Provençals del Poblenou,Barri,Educació superior,-,-,-,-,7.440,7.687,8.085
Sant Martí de Provençals,Barri,Educació primària o inferior,-,-,-,-,3.795,3.496,3.368
Sant Martí de Provençals,Barri,Primera etapa d’educació secundària i similar,-,-,-,-,5.256,5.188,5.140
Sant Martí de Provençals,Barri,Segona etapa d’educació secundària i similar,-,-,-,-,5.784,5.790,5.898
Sant Martí de Provençals,Barri,Educació superior,-,-,-,-,8.112,8.289,8.817
la Verneda i la Pau,Barri,Educació primària o inferior,-,-,-,-,4.794,4.466,4.406
la Verneda i la Pau,Barri,Primera etapa d’educació secundària i similar,-,-,-,-,7.002,7.058,6.974
la Verneda i la Pau,Barri,Segona etapa d’educació secundària i similar,-,-,-,-,6.276,6.283,6.481
la Verneda i la Pau,Barri,Educació superior,-,-,-,-,7.113,7.498,8.070