Territori,Tipus de territori,01 Gen. 1997,01 Gen. 1998,01 Gen. 1999,01 Gen. 2000,01 Gen. 2001,01 Gen. 2002,01 Gen. 2003,01 Gen. 2004,01 Gen. 2005,01 Gen. 2006,01 Gen. 2007,01 Gen. 2008,01 Gen. 2009,01 Gen. 2010,01 Gen. 2011,01 Gen. 2012,01 Gen. 2013,01 Gen. 2014,01 Gen. 2015,01 Gen. 2016,01 Febr. 2016,01 Març 2016,01 Abr. 2016,01 Maig 2016,01 Juny 2016,01 Jul. 2016,01 Ag. 2016,01 Set. 2016,01 Oct. 2016,01 Nov. 2016,01 Des. 2016,01 Gen. 2017,01 Febr. 2017,01 Març 2017,01 Abr. 2017,01 Maig 2017,01 Juny 2017,01 Jul. 2017,01 Ag. 2017,01 Set. 2017,01 Oct. 2017,01 Nov. 2017,01 Des. 2017,01 Gen. 2018,01 Febr. 2018,01 Març 2018,01 Abr. 2018,01 Maig 2018,01 Juny 2018,01 Jul. 2018,01 Ag. 2018,01 Set. 2018,01 Oct. 2018,01 Nov. 2018,01 Des. 2018,01 Gen. 2019,01 Febr. 2019,01 Març 2019,01 Abr. 2019,01 Maig 2019,01 Juny 2019,01 Jul. 2019,01 Ag. 2019,01 Set. 2019,01 Oct. 2019,01 Nov. 2019,01 Des. 2019,01 Gen. 2020,01 Febr. 2020,01 Març 2020,01 Abr. 2020,01 Maig 2020,01 Juny 2020,01 Jul. 2020,01 Ag. 2020,01 Set. 2020,01 Oct. 2020,01 Nov. 2020,01 Des. 2020,01 Gen. 2021,01 Febr. 2021,01 Març 2021,01 Abr. 2021,01 Maig 2021,01 Juny 2021,01 Jul. 2021,01 Ag. 2021,01 Set. 2021,01 Oct. 2021,01 Nov. 2021,01 Des. 2021,01 Gen. 2022,01 Febr. 2022,01 Març 2022,01 Abr. 2022,01 Maig 2022,01 Juny 2022,01 Jul. 2022,01 Ag. 2022,01 Set. 2022,01 Oct. 2022,01 Nov. 2022,01 Des. 2022,01 Gen. 2023,01 Febr. 2023,01 Març 2023,01 Abr. 2023,01 Maig 2023,01 Juny 2023,01 Jul. 2023,01 Ag. 2023,01 Set. 2023,01 Oct. 2023,01 Nov. 2023,01 Des. 2023,01 Gen. 2024,01 Febr. 2024,01 Març 2024,01 Abr. 2024,01 Maig 2024,01 Juny 2024,01 Jul. 2024,01 Ag. 2024,01 Set. 2024,01 Oct. 2024,01 Nov. 2024,01 Des. 2024,01 Gen. 2025,01 Febr. 2025,01 Març 2025,01 Abr. 2025,01 Maig 2025,01 Juny 2025,01 Jul. 2025,01 Ag. 2025,01 Set. 2025,01 Oct. 2025,01 Nov. 2025,01 Des. 2025
Barcelona,Municipi,1.493.663,1.507.026,1.503.840,1.497.436,1.507.121,1.555.426,1.581.813,1.588.617,1.599.337,1.610.057,1.594.433,1.615.178,1.631.853,1.619.613,1.614.589,1.619.830,1.612.835,1.602.450,1.604.700,1.610.427,1.613.172,1.604.242,1.607.117,1.611.198,1.614.474,1.608.908,1.606.412,1.610.215,1.611.696,1.618.481,1.623.988,1.625.137,1.625.724,1.608.602,1.614.481,1.618.387,1.615.102,1.617.690,1.612.732,1.614.232,1.620.170,1.624.312,1.631.420,1.628.936,1.631.298,1.630.905,1.635.033,1.639.158,1.642.423,1.641.753,1.644.386,1.647.152,1.645.761,1.653.190,1.660.518,1.650.358,1.656.991,1.664.853,1.667.189,1.667.056,1.671.657,1.674.994,1.664.319,1.666.916,1.654.893,1.665.487,1.666.132,1.666.530,1.673.579,1.659.334,1.661.152,1.658.279,1.656.545,1.655.513,1.651.635,1.651.886,1.653.034,1.656.366,1.658.723,1.660.314,1.660.086,1.661.691,1.658.509,1.648.983,1.649.699,1.653.123,1.635.156,1.639.089,1.645.212,1.646.303,1.645.734,1.639.981,1.646.171,1.627.474,1.638.032,1.645.219,1.643.015,1.646.788,1.643.511,1.648.736,1.656.725,1.663.665,1.672.309,1.660.435,1.670.481,1.666.203,1.676.285,1.683.904,1.692.163,1.697.550,1.701.891,1.700.895,1.707.608,1.706.712,1.715.062,1.702.814,1.707.677,1.700.006,1.706.978,1.713.060,1.708.936,1.711.753,1.714.286,1.718.149,1.722.316,1.733.123,1.733.476,1.732.066,1.726.285,1.718.620,1.727.051,1.733.130,1.734.267,1.730.640,1.729.627,1.733.394,1.739.455,1.733.434,1.740.682
Ciutat Vella,Districte,82.270,84.306,84.540,84.524,89.003,98.536,106.627,109.886,113.097,114.358,111.792,111.791,110.016,104.664,103.569,104.357,103.311,100.700,100.169,100.373,100.741,99.157,99.711,100.291,100.837,99.779,99.191,99.853,100.045,101.072,101.922,102.165,102.283,99.397,100.123,100.783,100.010,100.350,99.435,99.639,100.750,101.353,102.283,102.047,102.492,102.426,103.106,103.837,104.421,104.307,104.888,105.356,105.114,106.139,107.232,105.733,106.707,107.860,108.271,108.454,109.186,109.736,107.843,108.443,106.294,107.801,107.976,108.248,109.408,107.092,107.521,107.417,107.394,107.515,107.256,107.587,107.919,108.561,109.246,109.672,109.791,110.091,109.549,108.125,108.351,108.933,106.123,106.782,107.524,107.502,107.094,106.028,106.963,103.144,104.502,105.567,104.710,105.149,104.426,105.163,106.270,107.115,108.274,106.446,107.641,106.689,107.871,108.864,110.109,110.981,111.430,111.268,112.187,111.734,112.838,111.155,111.648,110.381,111.214,112.031,111.262,111.536,111.945,112.602,113.388,114.952,115.071,115.311,114.982,113.856,115.491,116.453,116.587,116.136,116.119,116.721,117.556,116.667,117.544
el Raval,Barri,34.099,35.145,35.356,35.333,37.584,41.898,45.627,46.257,47.329,47.699,46.061,47.488,47.963,47.356,47.725,48.991,48.771,47.490,47.150,47.196,47.358,46.641,46.925,47.286,47.590,47.074,46.659,46.969,46.957,47.416,47.827,47.901,47.912,46.654,47.039,47.396,47.029,47.137,46.670,46.790,47.152,47.280,47.698,47.514,47.655,47.519,47.724,48.043,48.227,48.150,48.399,48.578,48.311,48.628,48.979,48.210,48.576,49.001,49.103,49.101,49.299,49.550,48.646,48.822,47.730,48.280,48.215,48.180,48.566,47.542,47.723,47.697,47.709,47.805,47.670,47.895,48.002,48.297,48.577,48.688,48.775,48.896,48.576,47.729,47.770,47.974,46.712,46.986,47.244,47.117,47.022,46.520,46.815,45.197,45.609,45.841,45.387,45.549,45.123,45.451,45.799,46.124,46.527,45.671,46.084,45.577,46.011,46.272,46.711,46.796,46.893,46.647,47.024,46.867,47.485,46.934,47.334,46.909,47.354,47.793,47.559,47.760,48.045,48.417,48.923,49.643,49.691,49.917,49.692,49.327,50.232,50.763,50.948,50.797,50.912,51.224,51.601,51.267,51.608
el Barri Gòtic,Barri,13.565,14.127,14.480,14.807,16.301,19.835,22.680,25.089,27.129,27.556,27.663,25.505,22.793,18.520,17.678,16.881,16.276,15.735,15.514,15.729,15.824,15.470,15.595,15.721,15.772,15.606,15.544,15.690,15.774,15.994,16.146,16.240,16.278,15.783,15.895,15.986,15.977,16.116,16.066,16.129,16.440,16.763,16.974,17.035,17.208,17.309,17.518,17.747,17.994,18.002,18.188,18.345,18.497,18.816,19.270,19.180,19.523,19.981,20.249,20.480,20.788,20.941,20.687,20.927,20.682,21.159,21.372,21.715,22.182,21.879,22.016,22.007,22.024,22.056,22.161,22.244,22.339,22.446,22.694,22.850,22.820,22.918,22.820,22.759,22.958,23.159,22.735,22.956,23.170,23.315,22.932,22.748,23.118,22.301,22.940,23.493,23.275,23.503,23.539,23.775,24.149,24.411,24.822,24.460,24.869,24.940,25.432,25.944,26.435,27.060,27.249,27.476,27.723,27.555,27.761,27.222,27.239,26.864,27.025,27.139,26.823,26.917,27.018,27.160,27.285,27.696,27.859,27.878,27.916,27.429,27.726,27.915,27.849,27.744,27.632,27.783,27.882,27.469,27.751
la Barceloneta,Barri,14.764,14.910,14.937,14.911,15.110,15.507,15.983,15.958,15.796,15.863,15.646,16.154,16.231,16.090,15.749,15.712,15.493,15.107,15.037,15.068,15.109,14.907,14.962,15.006,15.065,14.880,14.792,14.819,14.826,14.949,15.066,15.101,15.125,14.643,14.726,14.839,14.689,14.715,14.562,14.568,14.739,14.806,14.950,14.893,14.911,14.906,15.004,15.070,15.143,15.142,15.175,15.239,15.163,15.313,15.422,15.173,15.254,15.398,15.383,15.374,15.468,15.525,15.198,15.278,14.938,15.096,15.142,15.112,15.292,14.911,14.985,14.945,14.900,14.916,14.842,14.865,14.923,15.041,15.071,15.125,15.070,15.083,15.030,14.762,14.744,14.804,14.365,14.415,14.504,14.476,14.488,14.342,14.443,13.979,14.125,14.217,14.180,14.214,14.102,14.136,14.294,14.415,14.536,14.274,14.415,14.232,14.348,14.427,14.534,14.557,14.609,14.582,14.708,14.650,14.753,14.526,14.589,14.416,14.486,14.530,14.426,14.391,14.438,14.508,14.562,14.762,14.729,14.749,14.602,14.447,14.595,14.713,14.718,14.676,14.672,14.715,14.837,14.764,14.877
"Sant Pere, Santa Caterina i la Ribera",Barri,19.842,20.124,19.767,19.473,20.008,21.296,22.337,22.582,22.843,23.240,22.422,22.644,23.029,22.698,22.417,22.773,22.771,22.368,22.468,22.380,22.450,22.139,22.229,22.278,22.410,22.219,22.196,22.375,22.488,22.713,22.883,22.923,22.968,22.317,22.463,22.562,22.315,22.382,22.137,22.152,22.419,22.504,22.661,22.605,22.718,22.692,22.860,22.977,23.057,23.013,23.126,23.194,23.143,23.382,23.561,23.170,23.354,23.480,23.536,23.499,23.631,23.720,23.312,23.416,22.944,23.266,23.247,23.241,23.368,22.760,22.797,22.768,22.761,22.738,22.583,22.583,22.655,22.777,22.904,23.009,23.126,23.194,23.123,22.875,22.879,22.996,22.311,22.425,22.606,22.594,22.652,22.418,22.587,21.667,21.828,22.016,21.868,21.883,21.662,21.801,22.028,22.165,22.389,22.041,22.273,21.940,22.080,22.221,22.429,22.568,22.679,22.563,22.732,22.662,22.839,22.473,22.486,22.192,22.349,22.569,22.454,22.468,22.444,22.517,22.618,22.851,22.792,22.767,22.772,22.653,22.938,23.062,23.072,22.919,22.903,22.999,23.236,23.167,23.308
Eixample,Districte,246.061,247.870,247.740,246.884,248.625,258.075,261.908,262.099,263.691,266.182,262.198,265.634,268.429,265.714,264.296,265.593,264.967,263.564,263.557,264.568,265.023,263.360,263.978,264.633,265.185,264.233,263.629,264.169,264.556,265.936,267.088,267.270,267.202,263.649,264.650,265.265,264.572,264.863,263.801,264.034,265.283,266.256,267.376,266.839,267.061,266.789,267.361,267.938,268.530,267.930,268.349,268.855,268.458,269.980,271.275,269.173,270.299,271.629,272.016,271.513,272.238,272.793,270.464,270.928,268.641,270.827,270.821,270.772,271.936,268.640,268.887,268.344,268.034,267.809,266.881,266.984,267.320,268.309,268.974,269.349,269.124,269.599,269.282,267.668,268.042,268.905,265.332,266.196,267.526,268.073,268.097,266.857,267.936,263.984,265.991,267.193,266.563,267.203,266.510,267.333,268.855,270.192,271.454,268.824,270.445,269.028,270.650,271.809,273.161,273.999,274.628,274.375,275.700,275.648,277.198,274.636,275.246,273.380,274.366,275.440,274.591,275.178,275.513,276.113,276.843,278.763,278.845,278.209,276.876,275.294,276.787,277.825,278.091,277.332,277.004,277.767,278.978,277.915,279.588
el Fort Pienc,Barri,28.139,28.272,28.366,28.353,28.710,29.749,30.407,30.537,30.929,31.505,31.121,32.159,33.079,32.648,32.387,32.286,31.755,31.489,31.548,31.693,31.764,31.584,31.692,31.782,31.864,31.739,31.677,31.761,31.766,31.947,32.100,32.137,32.163,31.732,31.847,31.949,31.880,31.947,31.820,31.841,32.012,32.118,32.213,32.170,32.285,32.341,32.427,32.500,32.589,32.483,32.559,32.610,32.609,32.769,32.952,32.738,32.916,33.152,33.211,33.146,33.311,33.393,33.169,33.228,32.992,33.337,33.419,33.473,33.636,33.376,33.374,33.308,33.250,33.189,33.131,33.137,33.194,31.612,33.422,33.445,33.464,33.559,33.548,33.353,33.394,33.555,33.217,33.335,33.480,33.605,33.610,33.445,33.566,33.125,33.502,33.715,33.588,33.777,33.812,33.941,34.225,34.428,34.624,34.403,34.744,34.744,35.070,35.358,35.680,35.960,36.169,36.243,36.410,36.350,36.439,36.119,36.144,35.950,36.068,36.158,36.060,36.174,36.321,36.374,36.434,36.694,36.773,36.621,36.605,36.441,36.692,36.909,37.064,37.026,37.036,37.196,37.502,37.399,37.803
la Sagrada Família,Barri,48.481,48.914,49.021,48.923,49.563,51.539,52.013,52.029,52.146,52.541,51.801,52.571,52.969,52.164,51.976,52.092,51.821,51.283,51.094,51.354,51.400,51.042,51.162,51.328,51.414,51.220,51.120,51.249,51.274,51.523,51.734,51.658,51.663,51.073,51.243,51.347,51.238,51.246,51.022,51.048,51.303,51.551,51.764,51.661,51.642,51.619,51.694,51.775,51.910,51.836,51.817,51.902,51.831,52.074,52.320,51.917,52.084,52.309,52.327,52.325,52.400,52.507,52.177,52.300,51.886,52.224,52.250,52.252,52.503,51.945,52.037,51.918,51.860,51.869,51.731,51.787,51.811,51.988,52.084,52.164,52.139,52.082,52.083,51.773,51.804,51.954,51.255,51.427,51.662,51.575,51.563,51.402,51.612,50.936,51.277,51.526,51.418,51.539,51.351,51.516,51.772,51.989,52.247,51.712,52.003,51.681,51.965,52.170,52.433,52.566,52.726,52.657,52.943,52.968,53.287,52.825,52.921,52.591,52.798,53.033,52.833,52.920,53.047,53.196,53.320,53.642,53.638,53.555,53.231,52.992,53.234,53.460,53.512,53.394,53.330,53.412,53.550,53.260,53.601
la Dreta de l'Eixample,Barri,39.117,39.519,39.514,39.574,39.823,41.359,42.271,42.147,42.439,42.888,42.277,42.735,43.410,43.063,42.856,43.285,43.399,43.343,43.558,43.692,43.766,43.457,43.506,43.618,43.685,43.511,43.454,43.564,43.734,43.981,44.193,44.224,44.159,43.436,43.639,43.684,43.525,43.579,43.404,43.423,43.594,43.712,43.935,43.853,43.893,43.815,43.965,44.044,44.135,43.983,44.103,44.162,44.057,44.375,44.555,44.189,44.317,44.575,44.649,44.511,44.650,44.760,44.339,44.401,43.969,44.345,44.339,44.298,44.519,43.814,43.866,43.759,43.727,43.668,43.482,43.460,43.568,45.480,43.967,44.088,44.033,44.192,44.221,44.058,44.157,44.328,43.733,43.898,44.170,44.317,44.389,44.156,44.411,43.708,43.981,44.146,43.952,43.963,43.793,43.853,44.075,44.336,44.529,44.105,44.392,44.094,44.299,44.518,44.764,44.861,44.862,44.846,45.134,45.087,45.350,44.887,45.013,44.655,44.825,45.026,44.904,44.947,44.982,45.120,45.378,45.744,45.812,45.667,45.400,45.153,45.397,45.568,45.664,45.556,45.450,45.594,45.778,45.659,45.920
l'Antiga Esquerra de l'Eixample,Barri,39.174,39.585,39.416,38.964,39.129,40.760,41.163,41.185,41.468,41.752,41.213,41.581,41.926,41.697,41.416,41.722,41.838,41.728,41.662,41.895,41.962,41.671,41.750,41.872,41.954,41.833,41.737,41.824,41.918,42.192,42.364,42.444,42.392,41.737,41.869,41.971,41.896,41.969,41.776,41.867,42.137,42.321,42.560,42.534,42.530,42.411,42.540,42.682,42.734,42.614,42.703,42.851,42.877,43.207,43.383,43.039,43.336,43.489,43.521,43.382,43.467,43.524,43.082,43.202,42.824,43.245,43.191,43.143,43.355,42.680,42.735,42.679,42.657,42.682,42.491,42.571,42.664,42.865,42.952,43.046,43.009,43.045,42.813,42.579,42.680,42.794,42.174,42.340,42.604,42.733,42.726,42.365,42.571,41.833,42.171,42.313,42.190,42.253,42.123,42.306,42.684,42.927,43.228,42.751,43.025,42.776,43.104,43.266,43.407,43.547,43.650,43.565,43.834,43.925,44.300,43.808,43.844,43.449,43.620,43.798,43.573,43.648,43.655,43.732,43.823,44.156,44.147,44.021,43.692,43.222,43.443,43.558,43.502,43.328,43.195,43.303,43.479,43.247,43.461
la Nova Esquerra de l'Eixample,Barri,55.142,55.283,55.206,55.100,55.424,57.422,58.191,58.244,58.627,59.221,57.998,58.345,58.532,58.013,57.676,57.876,57.890,57.625,57.664,57.699,57.845,57.620,57.768,57.879,57.967,57.819,57.597,57.682,57.745,57.992,58.275,58.337,58.333,57.607,57.808,57.981,57.859,57.929,57.761,57.835,58.071,58.222,58.466,58.265,58.298,58.261,58.375,58.523,58.628,58.519,58.597,58.738,58.595,58.845,59.084,58.668,58.862,59.099,59.204,59.079,59.210,59.311,58.754,58.801,58.316,58.707,58.660,58.648,58.820,58.183,58.247,58.120,58.010,57.895,57.694,57.645,57.632,57.768,57.890,57.906,57.761,57.894,57.886,57.486,57.586,57.716,56.933,57.062,57.306,57.513,57.474,57.314,57.492,56.659,57.024,57.296,57.255,57.385,57.297,57.484,57.727,57.991,58.118,57.584,57.833,57.468,57.738,57.895,58.140,58.280,58.369,58.322,58.556,58.502,58.796,58.299,58.493,58.174,58.363,58.625,58.561,58.675,58.708,58.786,58.903,59.304,59.226,59.122,58.854,58.657,58.926,59.150,59.203,58.980,59.000,59.179,59.433,59.260,59.552
Sant Antoni,Barri,36.008,36.297,36.217,35.970,35.976,37.246,37.863,37.957,38.082,38.275,37.788,38.243,38.513,38.129,37.985,38.332,38.264,38.096,38.031,38.235,38.286,37.986,38.100,38.154,38.301,38.111,38.044,38.089,38.119,38.301,38.422,38.470,38.492,38.064,38.244,38.333,38.174,38.193,38.018,38.020,38.166,38.332,38.438,38.356,38.413,38.342,38.360,38.414,38.534,38.495,38.570,38.592,38.489,38.710,38.981,38.622,38.784,39.005,39.104,39.070,39.200,39.298,38.943,38.996,38.654,38.969,38.962,38.958,39.103,38.642,38.628,38.560,38.530,38.506,38.352,38.384,38.451,38.596,38.659,38.700,38.718,38.827,38.731,38.419,38.421,38.558,38.020,38.134,38.304,38.330,38.335,38.175,38.284,37.723,38.036,38.197,38.160,38.286,38.134,38.233,38.372,38.521,38.708,38.269,38.448,38.265,38.474,38.602,38.737,38.785,38.852,38.742,38.823,38.816,39.026,38.698,38.831,38.561,38.692,38.800,38.660,38.814,38.800,38.905,38.985,39.223,39.249,39.223,39.094,38.829,39.095,39.180,39.146,39.048,38.993,39.083,39.236,39.090,39.251
Sants-Montjuïc,Districte,165.616,167.302,167.019,166.107,167.407,172.433,175.896,177.039,178.248,180.670,178.400,181.273,183.517,182.977,182.733,183.970,182.741,180.833,180.813,181.187,181.524,180.354,180.603,181.199,181.573,180.748,180.416,180.738,180.912,181.712,182.289,182.381,182.451,180.486,181.137,181.574,181.131,181.542,180.748,180.737,181.249,181.780,182.621,182.210,182.671,182.675,183.232,183.761,184.131,184.241,184.543,184.887,184.750,185.739,186.785,185.481,186.467,187.346,187.544,187.534,188.108,188.641,187.209,187.460,186.022,187.229,187.431,187.615,188.504,186.874,187.138,186.844,186.776,186.704,186.298,186.296,186.385,186.692,186.885,187.026,187.003,187.234,186.777,185.346,185.314,185.601,183.337,183.801,184.371,184.410,184.190,183.770,184.481,182.317,183.528,184.266,183.987,184.407,183.978,184.648,185.560,186.442,187.427,185.963,187.256,186.888,188.213,189.155,190.048,190.838,191.347,191.053,191.773,191.669,192.823,191.391,192.157,191.463,192.433,193.204,192.728,193.198,193.762,194.400,194.812,196.318,196.389,196.300,195.671,194.915,195.660,196.435,196.615,196.230,196.083,196.526,197.289,196.393,197.316
el Poble-sec,Barri,33.779,34.220,34.275,33.997,34.517,36.577,38.204,38.793,39.394,40.319,39.453,40.334,40.678,40.386,40.539,41.255,41.002,40.287,40.222,40.129,40.253,39.886,39.912,40.142,40.273,39.966,39.754,39.880,39.912,40.167,40.348,40.385,40.377,39.765,39.928,40.055,39.812,39.960,39.690,39.657,39.765,39.782,39.984,39.801,39.900,39.887,40.090,40.247,40.316,40.259,40.355,40.467,40.408,40.623,40.889,40.440,40.699,40.921,40.923,40.797,40.878,40.994,40.484,40.582,39.952,40.232,40.123,40.188,40.375,39.835,39.923,39.857,39.900,39.937,39.882,39.884,39.911,40.025,40.164,40.204,40.243,40.253,40.142,39.692,39.675,39.734,38.996,39.141,39.312,39.318,39.336,39.143,39.243,38.516,38.729,38.840,38.611,38.613,38.311,38.464,38.668,38.907,39.191,38.778,39.004,38.682,38.903,38.993,39.151,39.235,39.299,39.172,39.372,39.295,39.570,39.177,39.378,39.096,39.279,39.477,39.369,39.479,39.672,39.903,40.073,40.465,40.425,40.300,40.107,39.791,39.979,40.150,40.163,40.025,40.098,40.243,40.460,40.288,40.477
la Marina del Prat Vermell,Barri,1.809,1.763,1.852,1.805,1.764,1.672,1.544,1.456,1.307,1.248,1.205,1.190,1.155,1.135,1.119,1.150,1.172,1.143,1.122,1.146,1.143,1.155,1.158,1.160,1.158,1.162,1.149,1.140,1.140,1.156,1.155,1.151,1.131,1.131,1.134,1.137,1.144,1.154,1.149,1.152,1.145,1.159,1.158,1.161,1.168,1.171,1.175,1.182,1.185,1.190,1.193,1.192,1.191,1.186,1.192,1.199,1.212,1.218,1.218,1.227,1.238,1.246,1.246,1.244,1.226,1.225,1.230,1.227,1.233,1.241,1.244,1.250,1.255,1.262,1.304,1.306,1.317,1.331,1.345,1.356,1.367,1.383,1.403,1.428,1.444,1.459,1.457,1.457,1.467,1.484,1.508,1.517,1.517,1.506,1.529,1.552,1.568,1.586,1.586,1.599,1.614,1.631,1.656,1.678,1.718,1.728,1.773,1.774,1.796,1.836,1.849,1.876,1.891,1.912,1.905,1.977,2.159,2.266,2.349,2.390,2.427,2.539,2.597,2.650,2.698,2.781,2.840,2.876,2.931,2.987,3.031,3.096,3.136,3.146,3.155,3.173,3.187,3.176,3.183
la Marina de Port,Barri,27.085,27.415,27.330,27.385,27.627,28.103,28.536,28.813,29.224,29.585,29.430,29.714,30.137,30.108,30.238,30.445,30.276,30.051,30.237,30.397,30.458,30.348,30.360,30.466,30.545,30.434,30.365,30.370,30.465,30.584,30.638,30.622,30.677,30.495,30.604,30.643,30.626,30.722,30.580,30.571,30.649,30.694,30.757,30.751,30.769,30.800,30.828,30.892,30.955,30.966,30.993,31.049,31.078,31.224,31.274,31.087,31.195,31.295,31.295,31.330,31.374,31.430,31.288,31.286,31.174,31.307,31.328,31.352,31.485,31.340,31.396,31.348,31.326,31.314,31.195,31.193,31.175,31.165,31.118,31.092,31.064,31.078,30.972,30.830,30.765,30.793,30.518,30.570,30.576,30.575,30.503,30.428,30.508,30.263,30.384,30.441,30.403,30.391,30.327,30.416,30.539,30.551,30.640,30.437,30.547,30.553,30.643,30.793,30.956,30.968,30.983,30.879,30.967,30.950,31.114,30.960,31.040,30.954,31.116,31.219,31.152,31.208,31.300,31.371,31.457,31.643,31.658,31.647,31.559,31.471,31.601,31.692,31.759,31.703,31.666,31.749,31.899,31.802,31.867
la Font de la Guatlla,Barri,9.039,9.278,9.380,9.352,9.404,9.731,9.873,9.929,10.114,10.157,10.131,10.075,10.219,10.281,10.215,10.275,10.312,10.310,10.371,10.316,10.323,10.262,10.264,10.293,10.336,10.297,10.287,10.334,10.345,10.390,10.424,10.422,10.450,10.269,10.288,10.319,10.281,10.303,10.238,10.230,10.269,10.281,10.343,10.307,10.318,10.280,10.288,10.325,10.345,10.328,10.310,10.342,10.295,10.354,10.417,10.373,10.418,10.427,10.433,10.440,10.483,10.523,10.400,10.413,10.343,10.400,10.411,10.377,10.413,10.350,10.327,10.294,10.300,10.284,10.248,10.231,10.260,10.241,10.217,10.239,10.265,10.313,10.331,10.264,10.340,10.385,10.259,10.312,10.395,10.386,10.395,10.359,10.408,10.291,10.359,10.410,10.446,10.437,10.439,10.500,10.544,10.591,10.611,10.499,10.575,10.559,10.620,10.665,10.687,10.744,10.720,10.693,10.733,10.747,10.835,10.699,10.733,10.690,10.754,10.798,10.785,10.805,10.812,10.829,10.824,10.904,10.894,10.860,10.831,10.792,10.836,10.873,10.880,10.836,10.850,10.880,10.906,10.904,10.936
Hostafrancs,Barri,14.654,14.805,14.662,14.537,14.465,14.749,15.212,15.448,15.474,15.843,15.612,15.940,16.013,15.961,15.858,16.042,15.982,15.671,15.758,15.915,15.907,15.789,15.784,15.802,15.850,15.717,15.671,15.739,15.764,15.851,15.942,15.949,15.939,15.716,15.789,15.837,15.821,15.824,15.714,15.703,15.756,15.867,15.951,15.969,16.021,15.976,15.993,16.058,16.117,16.166,16.167,16.186,16.123,16.195,16.284,16.155,16.230,16.283,16.298,16.289,16.307,16.349,16.208,16.234,16.084,16.188,16.197,16.203,16.276,16.068,16.085,16.072,16.062,16.040,15.974,15.984,16.004,16.012,16.097,16.102,16.107,16.139,16.098,15.966,15.951,15.961,15.814,15.854,15.930,15.944,15.927,15.859,15.888,15.622,15.752,15.812,15.796,15.869,15.802,15.872,15.988,16.101,16.171,15.969,16.089,16.027,16.099,16.165,16.223,16.241,16.244,16.163,16.212,16.227,16.363,16.192,16.282,16.238,16.308,16.371,16.305,16.333,16.341,16.395,16.437,16.522,16.572,16.798,16.796,16.754,16.870,16.926,17.010,17.013,17.018,17.025,17.097,16.946,17.112
la Bordeta,Barri,17.290,17.570,17.594,17.677,17.997,18.429,18.548,18.757,18.666,18.709,18.649,18.721,18.839,18.645,18.492,18.604,18.581,18.397,18.384,18.518,18.551,18.415,18.467,18.496,18.501,18.419,18.455,18.449,18.460,18.504,18.558,18.561,18.536,18.443,18.550,18.559,18.522,18.586,18.603,18.592,18.668,18.771,18.892,18.833,18.904,18.924,18.971,19.015,19.022,19.050,19.104,19.147,19.228,19.362,19.533,19.443,19.495,19.577,19.619,19.639,19.700,19.715,19.594,19.580,19.480,19.555,19.618,19.567,19.650,19.597,19.580,19.541,19.548,19.520,19.478,19.475,19.485,19.548,19.484,19.451,19.447,19.479,19.427,19.351,19.340,19.393,19.238,19.250,19.275,19.299,19.258,19.227,19.336,19.250,19.385,19.424,19.442,19.454,19.420,19.507,19.595,19.699,19.793,19.728,19.905,19.925,20.004,20.092,20.175,20.215,20.269,20.261,20.336,20.341,20.494,20.392,20.455,20.411,20.501,20.606,20.610,20.710,20.802,20.862,20.937,21.215,21.205,21.242,21.150,21.162,21.215,21.322,21.263,21.185,21.107,21.121,21.204,21.186,21.257
Sants - Badal,Barri,23.654,23.800,23.738,23.444,23.474,24.103,24.351,24.313,24.264,24.545,24.121,24.270,24.269,24.350,24.340,24.590,24.355,24.125,24.016,23.935,23.948,23.828,23.864,23.914,23.941,23.877,23.864,23.896,23.895,23.980,24.021,24.047,24.060,23.849,23.923,23.977,23.972,23.996,23.879,23.868,23.913,24.003,24.095,24.018,24.100,24.116,24.192,24.279,24.312,24.349,24.391,24.421,24.377,24.496,24.628,24.474,24.557,24.693,24.734,24.758,24.852,24.912,24.767,24.791,24.648,24.871,24.889,24.938,25.006,24.819,24.850,24.811,24.772,24.769,24.745,24.739,24.705,24.794,24.853,24.903,24.850,24.847,24.729,24.481,24.496,24.490,24.196,24.238,24.287,24.280,24.225,24.208,24.336,24.026,24.150,24.204,24.121,24.251,24.231,24.284,24.317,24.398,24.548,24.366,24.513,24.434,24.638,24.724,24.837,24.904,24.938,24.863,24.945,24.960,25.079,24.931,25.004,24.919,25.020,25.129,25.067,25.071,25.167,25.210,25.255,25.418,25.401,25.338,25.209,25.090,25.133,25.232,25.220,25.194,25.191,25.236,25.334,25.253,25.377
Sants,Barri,38.306,38.451,38.188,37.910,38.159,39.069,39.628,39.530,39.805,40.264,39.799,41.029,42.207,42.111,41.932,41.609,41.061,40.849,40.703,40.831,40.941,40.671,40.794,40.926,40.969,40.876,40.871,40.930,40.931,41.080,41.203,41.244,41.281,40.818,40.921,41.047,40.953,40.997,40.895,40.964,41.084,41.223,41.441,41.370,41.491,41.521,41.695,41.763,41.879,41.933,42.030,42.083,42.050,42.299,42.568,42.310,42.661,42.932,43.024,43.054,43.276,43.472,43.222,43.330,43.115,43.451,43.635,43.763,44.066,43.624,43.733,43.671,43.613,43.578,43.472,43.484,43.528,43.576,43.607,43.679,43.660,43.742,43.675,43.334,43.303,43.386,42.859,42.979,43.129,43.124,43.038,43.029,43.245,42.843,43.240,43.583,43.600,43.806,43.862,44.006,44.295,44.564,44.817,44.508,44.905,44.980,45.533,45.949,46.223,46.695,47.045,47.146,47.317,47.237,47.463,47.063,47.106,46.889,47.106,47.214,47.013,47.053,47.071,47.180,47.131,47.370,47.394,47.239,47.088,46.868,46.995,47.144,47.184,47.128,46.998,47.099,47.202,46.838,47.107
Les Corts,Districte,81.242,82.363,82.286,82.443,82.269,83.024,83.445,82.995,82.748,82.672,81.379,82.245,83.183,82.750,82.337,82.357,81.711,81.196,81.529,81.708,81.855,81.527,81.596,81.705,81.832,81.593,81.486,81.686,81.737,82.056,82.252,82.201,82.173,81.326,81.564,81.669,81.535,81.599,81.555,81.582,81.801,82.067,82.328,82.182,82.239,82.211,82.345,82.470,82.541,82.387,82.441,82.534,82.402,82.804,83.055,82.591,82.810,83.150,83.260,83.203,83.314,83.413,82.949,82.958,82.440,82.901,82.722,82.635,82.792,82.162,82.216,82.054,81.930,81.778,81.467,81.367,81.333,81.366,81.500,81.576,81.502,81.522,81.479,81.206,81.259,81.410,80.837,80.945,81.191,81.443,81.398,81.074,81.280,80.642,81.047,81.353,81.307,81.386,81.258,81.508,81.902,82.303,82.667,82.154,82.514,82.313,82.664,82.892,83.178,83.440,83.579,83.576,83.950,83.875,84.059,83.551,83.732,83.455,83.708,83.868,83.794,83.796,83.883,84.033,84.222,84.620,84.583,84.393,83.984,83.682,83.967,84.191,84.266,84.123,84.025,84.030,84.270,84.049,84.219
les Corts,Barri,45.882,46.595,46.611,46.568,46.468,46.739,46.804,46.483,46.414,46.698,45.965,46.928,47.618,47.319,47.098,46.819,46.221,45.989,46.003,45.976,46.051,45.832,45.857,45.913,45.953,45.778,45.705,45.845,45.876,46.037,46.149,46.104,46.076,45.651,45.753,45.807,45.720,45.801,45.779,45.829,45.925,46.090,46.251,46.152,46.137,46.132,46.248,46.351,46.376,46.336,46.360,46.447,46.428,46.615,46.810,46.599,46.726,46.880,46.948,46.965,47.037,47.068,46.812,46.836,46.568,46.800,46.762,46.731,46.805,46.429,46.445,46.348,46.273,46.194,46.007,45.947,45.928,45.900,45.902,45.943,45.929,45.959,45.922,45.744,45.762,45.861,45.586,45.633,45.759,45.881,45.835,45.660,45.734,45.390,45.567,45.718,45.758,45.770,45.697,45.814,45.982,46.084,46.195,45.965,46.204,46.053,46.285,46.428,46.608,46.757,46.869,46.865,47.009,46.935,47.021,46.740,46.793,46.644,46.763,46.807,46.814,46.811,46.849,46.921,46.985,47.230,47.130,47.057,46.821,46.655,46.793,46.905,46.971,46.901,46.851,46.867,46.960,46.754,46.867
la Maternitat i Sant Ramon,Barri,24.455,24.582,24.511,24.586,24.523,24.681,24.938,24.796,24.568,24.278,23.912,23.785,23.934,23.762,23.607,23.786,23.674,23.554,23.810,23.868,23.898,23.835,23.867,23.916,23.963,23.905,23.863,23.885,23.867,23.953,23.994,23.980,23.989,23.763,23.849,23.871,23.854,23.840,23.837,23.835,23.908,23.990,24.044,23.984,24.037,24.006,24.019,24.019,24.062,24.001,23.999,24.017,23.939,24.105,24.120,23.992,24.074,24.179,24.195,24.158,24.171,24.207,24.086,24.059,23.899,24.063,24.022,23.968,24.040,23.909,23.940,23.904,23.881,23.829,23.740,23.720,23.730,23.735,23.818,23.825,23.763,23.772,23.764,23.694,23.708,23.748,23.572,23.619,23.683,23.752,23.757,23.684,23.796,23.634,23.774,23.855,23.827,23.868,23.805,23.868,23.991,24.114,24.227,24.059,24.118,24.075,24.163,24.221,24.295,24.339,24.324,24.314,24.425,24.390,24.466,24.313,24.405,24.354,24.448,24.533,24.471,24.456,24.485,24.551,24.612,24.719,24.752,24.687,24.562,24.486,24.605,24.710,24.727,24.692,24.668,24.669,24.744,24.750,24.779
Pedralbes,Barri,10.905,11.186,11.164,11.289,11.278,11.604,11.703,11.716,11.766,11.696,11.502,11.532,11.631,11.669,11.632,11.752,11.816,11.653,11.716,11.864,11.906,11.860,11.872,11.876,11.916,11.910,11.918,11.956,11.994,12.066,12.109,12.117,12.108,11.912,11.962,11.991,11.961,11.958,11.939,11.918,11.968,11.987,12.033,12.046,12.065,12.073,12.078,12.100,12.103,12.050,12.082,12.070,12.035,12.084,12.125,12.000,12.010,12.091,12.117,12.080,12.106,12.138,12.051,12.063,11.973,12.038,11.938,11.936,11.947,11.824,11.831,11.802,11.776,11.755,11.720,11.700,11.675,11.731,11.780,11.808,11.810,11.791,11.793,11.768,11.789,11.801,11.679,11.693,11.749,11.810,11.806,11.730,11.750,11.618,11.706,11.780,11.722,11.748,11.756,11.826,11.929,12.105,12.245,12.130,12.192,12.185,12.216,12.243,12.275,12.344,12.386,12.397,12.516,12.550,12.572,12.498,12.534,12.457,12.497,12.528,12.509,12.529,12.549,12.561,12.625,12.671,12.701,12.649,12.601,12.541,12.569,12.576,12.568,12.530,12.506,12.494,12.566,12.545,12.573
Sarrià-Sant Gervasi,Districte,128.522,130.770,131.564,132.241,133.075,137.758,139.405,139.749,140.977,141.574,140.882,142.461,144.431,144.485,144.355,145.269,145.515,145.773,146.848,148.172,148.404,147.860,148.058,148.369,148.616,148.251,148.133,148.402,148.736,149.248,149.598,149.734,149.706,148.253,148.777,149.033,148.740,148.818,148.483,148.706,149.306,149.632,150.061,149.837,149.933,149.736,149.926,150.205,150.363,150.071,150.075,150.280,150.243,150.832,151.281,150.446,150.850,151.287,151.414,151.330,151.542,151.580,150.851,151.109,150.395,151.326,151.134,151.157,151.496,150.356,150.512,150.305,150.101,149.817,149.246,149.128,149.141,149.276,149.281,149.201,149.158,149.218,149.056,148.426,148.377,148.591,147.382,147.714,148.441,148.533,148.689,148.201,148.801,147.555,148.348,148.874,148.768,148.811,148.564,148.934,149.531,150.146,150.811,149.804,150.541,150.103,150.880,151.336,151.752,151.859,152.043,151.932,152.485,152.590,153.065,151.890,152.365,151.943,152.452,152.780,152.390,152.466,152.538,152.811,153.334,154.057,154.012,153.673,153.213,152.674,153.281,153.489,153.412,153.013,152.946,153.083,153.577,153.362,153.899
"Vallvidrera, el Tibidabo i les Planes",Barri,3.033,3.171,3.117,3.199,3.244,3.426,3.563,3.671,3.739,3.878,3.940,4.082,4.287,4.265,4.288,4.407,4.443,4.516,4.604,4.641,4.655,4.632,4.641,4.644,4.659,4.647,4.645,4.647,4.659,4.685,4.682,4.689,4.688,4.651,4.682,4.690,4.669,4.670,4.652,4.666,4.680,4.690,4.721,4.710,4.707,4.714,4.734,4.739,4.751,4.747,4.748,4.732,4.708,4.723,4.741,4.727,4.735,4.749,4.764,4.764,4.761,4.732,4.709,4.704,4.674,4.691,4.696,4.710,4.712,4.706,4.726,4.726,4.746,4.742,4.743,4.753,4.755,4.765,4.755,4.760,4.763,4.763,4.779,4.789,4.792,4.819,4.794,4.793,4.804,4.800,4.808,4.805,4.812,4.791,4.805,4.841,4.790,4.797,4.795,4.826,4.856,4.856,4.877,4.831,4.857,4.854,4.895,4.891,4.876,4.863,4.872,4.876,4.876,4.900,4.917,4.901,4.890,4.875,4.895,4.910,4.907,4.912,4.899,4.915,4.945,4.972,4.972,4.962,4.941,4.930,4.929,4.930,4.937,4.929,4.904,4.916,4.929,4.902,4.909
Sarrià,Barri,20.559,21.114,21.416,21.556,21.630,22.406,22.851,23.062,23.379,23.330,23.117,23.371,23.615,23.763,23.920,24.280,24.510,24.531,24.640,24.810,24.856,24.742,24.773,24.846,24.901,24.790,24.779,24.874,24.930,25.039,25.093,25.106,25.116,24.893,25.024,25.101,25.043,25.049,24.969,25.037,25.116,25.131,25.159,25.116,25.074,25.031,25.069,25.167,25.194,25.112,25.050,25.083,25.068,25.187,25.258,25.137,25.198,25.275,25.314,25.300,25.346,25.361,25.171,25.208,25.097,25.266,25.226,25.242,25.285,25.106,25.130,25.073,25.024,24.930,24.803,24.800,24.784,24.752,24.798,24.769,24.786,24.761,24.736,24.634,24.660,24.713,24.455,24.555,24.745,24.737,24.746,24.632,24.715,24.528,24.637,24.724,24.737,24.728,24.710,24.764,24.869,25.018,25.078,24.858,24.947,24.882,25.000,25.009,25.114,25.161,25.267,25.205,25.276,25.283,25.336,25.113,25.205,25.197,25.244,25.303,25.225,25.192,25.192,25.189,25.324,25.411,25.360,25.282,25.181,25.065,25.135,25.113,25.108,24.997,24.944,25.000,25.152,25.090,25.172
les Tres Torres,Barri,13.206,13.505,13.712,13.785,14.109,14.892,15.177,15.201,15.343,15.301,15.272,15.351,15.546,15.731,15.748,15.922,16.036,16.165,16.501,16.486,16.546,16.470,16.495,16.505,16.522,16.508,16.550,16.573,16.624,16.620,16.674,16.699,16.698,16.586,16.654,16.688,16.658,16.631,16.624,16.639,16.689,16.719,16.753,16.713,16.679,16.671,16.698,16.710,16.722,16.706,16.709,16.738,16.761,16.788,16.824,16.695,16.752,16.776,16.767,16.765,16.761,16.776,16.709,16.730,16.601,16.704,16.666,16.644,16.680,16.573,16.591,16.561,16.543,16.489,16.408,16.368,16.375,16.357,16.364,16.356,16.367,16.402,16.355,16.276,16.257,16.242,16.069,16.096,16.152,16.144,16.160,16.108,16.170,16.143,16.221,16.226,16.200,16.163,16.173,16.227,16.302,16.382,16.450,16.276,16.379,16.329,16.353,16.393,16.415,16.393,16.380,16.360,16.396,16.431,16.449,16.393,16.421,16.377,16.402,16.371,16.294,16.307,16.295,16.331,16.345,16.417,16.413,16.376,16.342,16.308,16.350,16.354,16.338,16.305,16.295,16.296,16.313,16.331,16.418
Sant Gervasi - la Bonanova,Barri,21.737,22.142,22.274,22.496,22.629,23.261,23.475,23.540,23.730,23.694,23.607,24.399,25.282,25.704,25.639,25.426,25.130,25.273,25.368,25.761,25.814,25.737,25.768,25.791,25.817,25.728,25.670,25.676,25.700,25.814,25.882,25.909,25.932,25.698,25.729,25.748,25.675,25.659,25.635,25.673,25.769,25.859,25.928,25.889,25.910,25.927,25.980,25.983,26.015,25.905,25.912,25.929,25.962,26.125,26.231,26.108,26.178,26.226,26.242,26.225,26.232,26.240,26.165,26.203,26.089,26.244,26.268,26.245,26.297,26.057,26.117,26.068,26.045,25.980,25.897,25.864,25.908,25.989,25.963,25.984,25.971,25.974,25.980,25.856,25.856,25.880,25.648,25.716,25.866,25.847,25.819,25.692,25.836,25.590,25.795,25.868,25.893,25.903,25.875,25.931,25.995,26.118,26.252,26.135,26.253,26.221,26.437,26.553,26.662,26.694,26.755,26.774,26.858,26.893,26.972,26.750,26.802,26.649,26.747,26.783,26.691,26.721,26.763,26.808,26.878,26.942,26.909,26.836,26.746,26.689,26.873,26.921,26.894,26.840,26.870,26.833,26.891,26.870,26.992
Sant Gervasi - Galvany,Barri,43.593,43.918,44.085,44.205,44.420,45.790,46.013,45.819,46.144,46.492,46.284,46.501,46.830,46.291,46.128,46.365,46.548,46.461,46.711,47.156,47.185,47.057,47.134,47.286,47.380,47.317,47.264,47.370,47.517,47.694,47.793,47.816,47.774,47.244,47.382,47.452,47.378,47.483,47.323,47.390,47.601,47.671,47.847,47.819,47.914,47.771,47.745,47.825,47.866,47.783,47.821,47.933,47.893,48.082,48.253,47.993,48.085,48.282,48.298,48.202,48.278,48.258,47.971,48.058,47.874,48.125,47.987,47.976,48.148,47.725,47.718,47.661,47.569,47.541,47.343,47.279,47.349,47.388,47.356,47.346,47.301,47.367,47.324,47.119,47.061,47.093,46.773,46.853,47.060,47.172,47.282,47.181,47.350,46.908,47.152,47.305,47.273,47.280,47.154,47.295,47.504,47.682,47.933,47.674,47.962,47.763,47.996,48.185,48.283,48.369,48.365,48.376,48.630,48.642,48.814,48.398,48.550,48.401,48.619,48.815,48.742,48.817,48.888,48.995,49.148,49.492,49.586,49.461,49.288,49.043,49.211,49.323,49.318,49.204,49.222,49.289,49.461,49.345,49.473
el Putxet i el Farró,Barri,26.394,26.920,26.960,27.000,27.043,27.983,28.326,28.456,28.642,28.879,28.662,28.757,28.871,28.731,28.632,28.869,28.848,28.827,29.024,29.318,29.348,29.222,29.247,29.297,29.337,29.261,29.225,29.262,29.306,29.396,29.474,29.515,29.498,29.181,29.306,29.354,29.317,29.326,29.280,29.301,29.451,29.562,29.653,29.590,29.649,29.622,29.700,29.781,29.815,29.818,29.835,29.865,29.851,29.927,29.974,29.786,29.902,29.979,30.029,30.074,30.164,30.213,30.126,30.206,30.060,30.296,30.291,30.340,30.374,30.189,30.230,30.216,30.174,30.135,30.052,30.064,29.970,30.025,30.045,29.986,29.970,29.951,29.882,29.752,29.751,29.844,29.643,29.701,29.814,29.833,29.874,29.783,29.918,29.595,29.738,29.910,29.875,29.940,29.857,29.891,30.005,30.090,30.221,30.030,30.143,30.054,30.199,30.305,30.402,30.379,30.404,30.341,30.449,30.441,30.577,30.335,30.497,30.444,30.545,30.598,30.531,30.517,30.501,30.573,30.694,30.823,30.772,30.756,30.715,30.639,30.783,30.848,30.817,30.738,30.711,30.749,30.831,30.824,30.935
Gràcia,Districte,114.411,115.254,115.005,114.090,114.151,117.910,119.190,119.839,120.356,121.398,120.021,121.946,123.804,122.978,121.483,121.831,120.997,120.283,120.445,121.088,121.329,120.554,120.715,120.944,121.150,120.929,120.650,120.872,120.863,121.296,121.718,121.772,121.849,120.389,120.753,121.024,120.653,120.726,120.337,120.461,120.970,121.289,121.923,121.789,121.848,121.728,122.132,122.333,122.521,122.466,122.679,122.765,122.621,123.228,123.784,123.060,123.516,124.074,124.196,124.100,124.482,124.810,123.932,124.004,123.085,123.858,123.920,123.852,124.384,123.227,123.320,123.089,122.957,122.892,122.539,122.419,122.424,122.841,123.097,123.276,123.174,123.291,123.186,122.487,122.332,122.629,121.206,121.440,122.082,122.159,122.289,121.915,122.329,120.818,121.556,122.057,121.646,122.061,121.772,122.033,122.648,123.213,123.836,122.928,123.603,123.164,123.839,124.322,124.980,125.364,125.701,125.653,126.090,126.182,126.756,125.787,126.104,125.415,125.945,126.390,126.282,126.495,126.551,126.713,126.981,127.803,127.753,127.603,127.039,126.272,126.629,127.066,127.211,126.988,126.845,127.106,127.463,127.106,127.572
Vallcarca i els Penitents,Barri,14.288,14.366,14.241,14.155,14.385,15.068,15.173,15.381,15.493,15.669,15.422,15.469,15.697,15.481,15.446,15.518,15.495,15.442,15.520,15.629,15.679,15.628,15.683,15.720,15.736,15.760,15.744,15.755,15.740,15.785,15.842,15.821,15.864,15.724,15.787,15.833,15.783,15.791,15.771,15.756,15.852,15.930,16.025,15.985,15.961,15.993,16.014,16.058,16.103,16.091,16.103,16.113,16.076,16.143,16.223,16.109,16.184,16.229,16.247,16.241,16.311,16.377,16.299,16.304,16.258,16.321,16.370,16.348,16.433,16.325,16.318,16.268,16.257,16.224,16.210,16.173,16.206,16.280,16.337,16.325,16.320,16.368,16.362,16.234,16.196,16.189,16.060,16.064,16.119,16.052,16.128,16.082,16.121,15.960,16.110,16.154,16.135,16.169,16.144,16.181,16.244,16.315,16.421,16.330,16.436,16.412,16.454,16.469,16.560,16.629,16.688,16.662,16.698,16.722,16.806,16.678,16.735,16.648,16.715,16.746,16.754,16.740,16.752,16.797,16.806,16.881,16.902,16.919,16.875,16.807,16.844,16.912,16.924,16.903,16.893,16.909,16.915,16.937,17.022
el Coll,Barri,6.658,6.673,6.691,6.670,6.681,6.854,7.019,7.142,7.138,7.203,7.102,7.304,7.294,7.227,7.288,7.291,7.227,7.201,7.351,7.391,7.381,7.364,7.378,7.386,7.399,7.369,7.367,7.374,7.383,7.413,7.420,7.428,7.456,7.399,7.420,7.428,7.398,7.400,7.395,7.402,7.424,7.419,7.470,7.460,7.445,7.425,7.450,7.457,7.468,7.491,7.517,7.538,7.538,7.523,7.554,7.518,7.579,7.630,7.619,7.637,7.658,7.655,7.606,7.625,7.592,7.632,7.600,7.617,7.662,7.603,7.607,7.599,7.609,7.616,7.604,7.615,7.636,7.643,7.670,7.688,7.661,7.659,7.637,7.603,7.601,7.595,7.497,7.479,7.544,7.574,7.606,7.611,7.659,7.568,7.640,7.680,7.650,7.702,7.673,7.687,7.710,7.754,7.784,7.740,7.778,7.757,7.778,7.819,7.869,7.882,7.904,7.894,7.925,7.924,8.012,7.943,7.960,7.939,7.966,7.997,7.980,8.030,8.069,8.078,8.051,8.119,8.120,8.091,8.054,8.030,8.078,8.061,8.045,8.020,8.034,8.056,8.107,8.094,8.121
la Salut,Barri,12.858,12.956,13.092,13.023,12.978,13.134,13.185,13.182,13.199,13.159,13.001,13.182,13.246,13.326,13.147,13.186,13.199,13.159,13.220,13.123,13.158,13.094,13.108,13.121,13.147,13.122,13.094,13.109,13.079,13.129,13.189,13.207,13.222,13.118,13.144,13.137,13.143,13.169,13.145,13.168,13.203,13.233,13.239,13.260,13.265,13.288,13.278,13.304,13.344,13.346,13.364,13.387,13.377,13.420,13.455,13.431,13.522,13.560,13.575,13.575,13.587,13.580,13.517,13.509,13.445,13.482,13.502,13.478,13.568,13.451,13.450,13.424,13.402,13.391,13.393,13.373,13.353,13.423,13.436,13.455,13.462,13.460,13.457,13.403,13.390,13.424,13.296,13.319,13.382,13.399,13.369,13.337,13.350,13.255,13.337,13.400,13.376,13.395,13.355,13.375,13.430,13.502,13.563,13.491,13.536,13.458,13.507,13.545,13.599,13.605,13.630,13.624,13.674,13.671,13.741,13.679,13.750,13.723,13.787,13.787,13.805,13.814,13.837,13.855,13.899,14.015,13.996,14.017,13.965,13.891,13.928,13.974,13.970,13.906,13.914,13.945,13.975,13.939,13.986
la Vila de Gràcia,Barri,46.951,47.234,46.991,46.531,46.410,48.352,48.990,49.256,49.783,50.227,49.958,51.295,52.633,52.314,51.190,51.104,50.636,50.440,50.441,50.670,50.793,50.352,50.403,50.497,50.575,50.427,50.278,50.365,50.409,50.572,50.789,50.885,50.818,49.931,50.063,50.204,50.029,50.033,49.796,49.855,50.084,50.197,50.500,50.421,50.473,50.427,50.627,50.727,50.799,50.730,50.635,50.640,50.562,50.915,51.210,50.803,50.881,51.170,51.204,51.131,51.329,51.529,51.051,51.110,50.582,50.985,50.912,50.926,51.107,50.457,50.481,50.425,50.368,50.327,50.090,50.031,49.985,50.226,50.326,50.456,50.434,50.492,50.461,50.211,50.126,50.271,49.536,49.690,49.950,49.990,50.061,49.852,50.058,49.188,49.432,49.614,49.403,49.617,49.535,49.680,49.988,50.197,50.545,50.048,50.329,50.046,50.371,50.568,50.843,50.990,51.075,51.058,51.296,51.358,51.568,51.075,51.233,50.910,51.149,51.404,51.329,51.439,51.394,51.465,51.631,52.021,51.992,51.833,51.548,51.233,51.382,51.654,51.760,51.599,51.532,51.615,51.797,51.631,51.806
el Camp d'en Grassot i Gràcia Nova,Barri,33.656,34.025,33.990,33.711,33.697,34.502,34.823,34.878,34.743,35.140,34.538,34.696,34.934,34.630,34.412,34.732,34.440,34.041,33.913,34.275,34.318,34.116,34.143,34.220,34.293,34.251,34.167,34.269,34.252,34.397,34.478,34.431,34.489,34.217,34.339,34.422,34.300,34.333,34.230,34.280,34.407,34.510,34.689,34.663,34.704,34.595,34.763,34.787,34.807,34.808,35.060,35.087,35.068,35.227,35.342,35.199,35.350,35.485,35.551,35.516,35.597,35.669,35.459,35.456,35.208,35.438,35.536,35.483,35.614,35.391,35.464,35.373,35.321,35.334,35.242,35.227,35.244,35.269,35.328,35.352,35.297,35.312,35.269,35.036,35.019,35.150,34.817,34.888,35.087,35.144,35.125,35.033,35.141,34.847,35.037,35.209,35.082,35.178,35.065,35.110,35.276,35.445,35.523,35.319,35.524,35.491,35.729,35.921,36.109,36.258,36.404,36.415,36.497,36.507,36.629,36.412,36.426,36.195,36.328,36.456,36.414,36.472,36.499,36.518,36.594,36.767,36.743,36.743,36.597,36.311,36.397,36.465,36.512,36.560,36.472,36.581,36.669,36.505,36.637
Horta-Guinardó,Districte,168.276,168.814,167.628,166.086,166.075,169.373,170.146,169.601,169.502,169.360,167.741,169.680,171.359,170.757,169.764,168.984,167.800,166.924,166.530,167.390,167.549,166.934,167.249,167.512,167.796,167.457,167.377,167.765,167.758,168.314,168.803,168.981,169.105,167.982,168.470,168.813,168.673,168.979,168.593,168.810,169.173,169.502,170.275,170.053,170.312,170.334,170.656,171.134,171.458,171.521,171.710,171.868,171.824,172.420,173.032,172.266,172.838,173.673,173.978,173.930,174.229,174.550,173.984,174.195,173.307,174.243,174.607,174.598,175.266,174.530,174.600,174.208,173.863,173.718,173.547,173.585,173.673,173.889,173.839,173.944,173.918,174.021,173.718,172.990,173.050,173.231,171.846,172.074,172.475,172.486,172.559,172.109,172.719,171.779,172.778,173.386,173.388,173.880,173.796,174.263,174.930,175.444,176.291,175.550,176.398,176.272,177.176,177.969,178.842,179.296,179.717,179.676,180.247,180.151,180.918,180.138,180.566,179.938,180.655,181.347,181.059,181.384,181.653,181.829,182.195,183.209,183.170,183.009,182.521,181.982,182.735,183.283,183.423,183.146,183.038,183.369,183.885,183.481,183.983
el Baix Guinardó,Barri,25.027,25.105,24.978,24.761,24.847,25.455,25.512,25.480,25.482,25.857,25.741,25.997,26.110,26.019,26.002,25.906,25.647,25.536,25.474,25.563,25.561,25.476,25.503,25.560,25.566,25.462,25.460,25.534,25.506,25.590,25.684,25.734,25.733,25.595,25.654,25.730,25.663,25.673,25.634,25.681,25.675,25.711,25.829,25.793,25.831,25.853,25.883,25.966,26.035,26.019,25.978,25.977,25.994,26.053,26.143,25.990,26.029,26.156,26.202,26.142,26.181,26.251,26.150,26.170,26.017,26.163,26.161,26.180,26.277,26.120,26.096,25.995,25.948,25.913,25.871,25.880,25.861,25.928,25.854,25.842,25.796,25.792,25.746,25.634,25.704,25.740,25.567,25.574,25.654,25.710,25.732,25.591,25.673,25.528,25.594,25.634,25.607,25.684,25.593,25.613,25.689,25.684,25.846,25.719,25.846,25.813,25.922,26.048,26.187,26.211,26.187,26.157,26.269,26.269,26.407,26.280,26.295,26.135,26.191,26.324,26.262,26.324,26.377,26.412,26.436,26.591,26.565,26.536,26.474,26.363,26.437,26.505,26.494,26.425,26.397,26.419,26.442,26.389,26.456
Can Baró,Barri,8.868,9.069,8.953,8.858,8.848,9.046,9.072,8.963,8.980,8.945,8.931,9.076,9.161,9.124,8.925,9.002,8.973,8.860,8.824,8.969,8.964,8.917,8.968,8.979,8.993,8.965,8.940,8.978,8.974,8.964,9.006,9.020,9.040,8.975,8.994,9.029,9.010,9.036,8.987,8.996,9.049,9.085,9.111,9.071,9.091,9.051,9.062,9.101,9.125,9.148,9.180,9.208,9.203,9.243,9.289,9.247,9.266,9.325,9.348,9.330,9.354,9.383,9.332,9.341,9.272,9.315,9.347,9.331,9.347,9.286,9.286,9.268,9.243,9.226,9.230,9.243,9.265,9.296,9.289,9.320,9.348,9.359,9.326,9.298,9.345,9.381,9.301,9.305,9.303,9.292,9.305,9.271,9.293,9.236,9.311,9.347,9.332,9.337,9.316,9.320,9.353,9.374,9.435,9.421,9.443,9.412,9.463,9.484,9.529,9.535,9.567,9.524,9.528,9.512,9.552,9.525,9.525,9.496,9.531,9.559,9.583,9.594,9.627,9.613,9.612,9.653,9.679,9.672,9.626,9.581,9.652,9.711,9.686,9.655,9.653,9.649,9.660,9.658,9.676
el Guinardó,Barri,34.553,34.585,34.442,34.049,34.282,35.029,35.306,35.206,35.344,35.370,35.044,35.169,35.620,35.669,35.692,35.656,35.712,35.539,35.784,36.176,36.267,36.137,36.250,36.262,36.355,36.269,36.213,36.271,36.283,36.402,36.486,36.538,36.599,36.337,36.463,36.552,36.535,36.607,36.565,36.593,36.656,36.766,36.959,36.890,36.951,36.945,37.040,37.148,37.122,37.092,37.172,37.244,37.205,37.302,37.417,37.216,37.424,37.576,37.678,37.710,37.698,37.769,37.611,37.646,37.382,37.535,37.585,37.584,37.697,37.568,37.611,37.542,37.470,37.422,37.375,37.337,37.355,37.387,37.324,37.325,37.341,37.351,37.344,37.217,37.149,37.187,36.891,36.945,37.042,37.018,37.069,36.994,37.145,36.894,37.084,37.163,37.147,37.217,37.179,37.353,37.447,37.551,37.744,37.575,37.777,37.686,37.841,37.968,38.066,38.091,38.151,38.088,38.230,38.144,38.337,38.153,38.233,38.130,38.366,38.537,38.523,38.596,38.660,38.703,38.854,39.111,39.054,39.061,38.989,38.881,39.028,39.114,39.177,39.144,39.148,39.217,39.300,39.262,39.353
la Font d'en Fargues,Barri,9.810,9.860,9.844,9.785,9.748,9.777,9.763,9.715,9.710,9.570,9.599,9.664,9.667,9.581,9.521,9.560,9.499,9.437,9.399,9.402,9.390,9.347,9.347,9.377,9.376,9.378,9.375,9.388,9.378,9.376,9.376,9.390,9.409,9.366,9.399,9.411,9.396,9.408,9.368,9.384,9.420,9.439,9.458,9.446,9.454,9.450,9.467,9.460,9.492,9.515,9.512,9.496,9.476,9.498,9.515,9.506,9.486,9.493,9.507,9.474,9.478,9.458,9.438,9.480,9.469,9.528,9.542,9.544,9.574,9.528,9.519,9.497,9.482,9.476,9.472,9.461,9.444,9.466,9.490,9.505,9.503,9.520,9.507,9.439,9.430,9.440,9.397,9.388,9.405,9.456,9.550,9.527,9.561,9.568,9.617,9.637,9.658,9.668,9.676,9.678,9.698,9.684,9.710,9.709,9.719,9.713,9.726,9.734,9.783,9.815,9.821,9.834,9.852,9.868,9.871,9.837,9.842,9.814,9.833,9.843,9.846,9.850,9.862,9.882,9.925,9.963,9.954,9.952,9.899,9.872,9.899,9.909,9.908,9.870,9.871,9.884,9.911,9.881,9.882
el Carmel,Barri,33.821,33.860,33.371,32.803,32.541,33.097,33.101,32.908,32.679,32.610,32.278,32.264,32.615,32.337,32.084,31.986,31.797,31.655,31.449,31.377,31.392,31.338,31.379,31.404,31.464,31.411,31.380,31.459,31.391,31.468,31.591,31.583,31.614,31.379,31.467,31.529,31.533,31.584,31.487,31.565,31.646,31.643,31.841,31.832,31.891,31.894,31.895,31.968,32.026,32.065,32.120,32.171,32.148,32.242,32.350,32.175,32.266,32.415,32.418,32.476,32.527,32.582,32.477,32.518,32.321,32.488,32.518,32.512,32.681,32.629,32.678,32.624,32.567,32.555,32.556,32.573,32.642,32.644,32.709,32.724,32.710,32.699,32.600,32.362,32.365,32.379,32.137,32.186,32.268,32.159,32.170,32.119,32.227,31.988,32.169,32.291,32.284,32.376,32.301,32.365,32.462,32.549,32.697,32.512,32.645,32.563,32.711,32.824,32.975,33.016,33.120,33.050,33.124,33.132,33.283,33.037,33.157,33.152,33.219,33.334,33.260,33.330,33.385,33.445,33.508,33.667,33.677,33.694,33.650,33.547,33.703,33.789,33.827,33.748,33.760,33.839,33.969,33.871,33.947
la Teixonera,Barri,11.336,11.379,11.377,11.367,11.480,11.833,11.955,12.028,12.084,11.926,11.748,11.938,11.905,11.827,11.788,11.770,11.659,11.435,11.360,11.281,11.304,11.256,11.277,11.287,11.340,11.322,11.339,11.371,11.463,11.543,11.602,11.634,11.643,11.547,11.592,11.608,11.614,11.644,11.621,11.604,11.616,11.620,11.665,11.650,11.652,11.651,11.680,11.709,11.741,11.738,11.730,11.723,11.738,11.789,11.831,11.789,11.829,11.925,11.910,11.909,11.952,11.997,11.945,11.947,11.865,11.904,11.949,11.927,11.971,11.944,11.976,11.968,11.969,11.962,11.939,11.961,11.994,12.004,12.003,12.044,12.078,12.066,12.070,12.024,12.011,12.014,11.927,11.991,12.031,12.017,11.964,11.918,11.968,11.878,11.921,11.948,11.944,11.972,11.991,12.015,12.073,12.123,12.154,12.087,12.127,12.095,12.140,12.192,12.259,12.322,12.364,12.359,12.395,12.373,12.456,12.433,12.489,12.467,12.530,12.604,12.572,12.596,12.600,12.580,12.618,12.649,12.608,12.605,12.570,12.550,12.634,12.690,12.735,12.716,12.727,12.740,12.801,12.794,12.821
Sant Genís dels Agudells,Barri,7.206,7.187,7.121,7.068,6.994,7.187,7.215,7.136,7.132,7.136,7.030,7.092,7.174,7.121,6.984,6.948,6.903,6.854,6.721,6.695,6.696,6.689,6.697,6.718,6.729,6.735,6.751,6.774,6.765,6.776,6.812,6.828,6.836,6.842,6.883,6.905,6.889,6.922,6.889,6.898,6.922,6.956,6.999,7.011,7.029,7.013,7.026,7.075,7.107,7.149,7.169,7.160,7.168,7.222,7.266,7.246,7.293,7.320,7.358,7.379,7.407,7.425,7.373,7.377,7.341,7.383,7.387,7.390,7.431,7.362,7.373,7.353,7.338,7.328,7.345,7.372,7.374,7.386,7.396,7.385,7.360,7.386,7.362,7.304,7.316,7.339,7.253,7.273,7.308,7.308,7.291,7.262,7.299,7.236,7.291,7.319,7.292,7.347,7.354,7.358,7.400,7.393,7.433,7.385,7.443,7.434,7.500,7.539,7.566,7.580,7.619,7.634,7.673,7.725,7.794,7.766,7.783,7.681,7.717,7.762,7.730,7.734,7.732,7.737,7.772,7.825,7.832,7.826,7.819,7.784,7.836,7.881,7.879,7.844,7.833,7.875,7.916,7.885,7.929
Montbau,Barri,5.281,5.274,5.173,5.100,5.095,5.255,5.343,5.309,5.284,5.270,5.111,5.182,5.224,5.250,5.213,5.136,5.110,5.045,5.041,5.053,5.053,5.049,5.067,5.071,5.067,5.059,5.057,5.066,5.075,5.099,5.101,5.108,5.097,5.040,5.072,5.071,5.052,5.058,5.062,5.063,5.090,5.096,5.120,5.099,5.090,5.088,5.101,5.101,5.122,5.120,5.133,5.141,5.130,5.159,5.154,5.126,5.148,5.191,5.216,5.203,5.206,5.192,5.176,5.166,5.148,5.172,5.197,5.172,5.170,5.141,5.121,5.095,5.069,5.071,5.080,5.089,5.076,5.085,5.101,5.114,5.060,5.051,5.057,5.029,5.037,5.053,4.988,4.984,5.000,5.027,5.020,5.014,5.043,5.049,5.067,5.091,5.084,5.105,5.097,5.140,5.147,5.194,5.222,5.174,5.206,5.193,5.221,5.234,5.250,5.252,5.260,5.246,5.285,5.278,5.291,5.286,5.278,5.232,5.295,5.296,5.278,5.278,5.297,5.293,5.319,5.349,5.349,5.343,5.310,5.317,5.368,5.385,5.392,5.391,5.361,5.372,5.369,5.361,5.395
la Vall d'Hebron,Barri,5.446,5.505,5.520,5.543,5.508,5.611,5.685,5.710,5.690,5.664,5.439,5.559,5.546,5.605,5.564,5.567,5.490,5.490,5.467,5.687,5.700,5.694,5.683,5.713,5.726,5.736,5.757,5.761,5.760,5.772,5.792,5.792,5.785,5.761,5.772,5.770,5.781,5.789,5.751,5.755,5.737,5.736,5.749,5.737,5.746,5.767,5.786,5.793,5.798,5.785,5.807,5.795,5.784,5.812,5.831,5.803,5.827,5.855,5.866,5.862,5.876,5.872,5.859,5.863,5.873,5.895,5.904,5.886,5.914,5.903,5.890,5.875,5.861,5.860,5.879,5.872,5.896,5.916,5.915,5.932,5.918,5.924,5.913,5.892,5.874,5.885,5.851,5.846,5.858,5.873,5.876,5.869,5.886,5.851,5.862,5.870,5.857,5.840,5.861,5.850,5.864,5.875,5.895,5.874,5.896,5.888,5.880,5.897,5.912,5.920,5.935,5.912,5.922,5.901,5.896,5.889,5.912,5.894,5.891,5.909,5.919,5.944,5.965,5.993,5.983,6.014,6.008,5.990,5.993,6.006,6.026,6.032,6.069,6.092,6.090,6.090,6.109,6.110,6.118
la Clota,Barri,447,461,467,459,454,453,463,462,476,486,457,455,464,453,464,452,439,521,542,590,596,587,599,595,607,602,604,599,605,610,611,611,611,613,615,616,619,624,631,638,642,648,652,657,658,660,663,666,667,665,671,668,669,684,696,686,690,690,685,693,693,697,696,698,701,706,705,709,711,705,708,708,706,704,705,695,694,694,698,698,697,697,691,684,680,683,678,671,677,676,676,669,664,660,665,666,676,685,687,697,690,697,702,699,698,694,690,691,694,697,708,740,763,771,838,841,862,886,932,982,982,1.005,1.034,1.035,1.040,1.048,1.057,1.071,1.081,1.085,1.093,1.106,1.113,1.110,1.116,1.119,1.119,1.119,1.116
Horta,Barri,26.481,26.529,26.382,26.293,26.278,26.630,26.731,26.684,26.641,26.526,26.363,27.284,27.873,27.771,27.527,27.001,26.571,26.552,26.469,26.597,26.626,26.444,26.479,26.546,26.573,26.518,26.501,26.564,26.558,26.714,26.742,26.743,26.738,26.527,26.559,26.592,26.581,26.634,26.598,26.633,26.720,26.802,26.892,26.867,26.919,26.962,27.053,27.147,27.223,27.225,27.238,27.285,27.309,27.416,27.540,27.482,27.580,27.727,27.790,27.752,27.857,27.924,27.927,27.989,27.918,28.154,28.312,28.363,28.493,28.344,28.342,28.283,28.210,28.201,28.095,28.102,28.072,28.083,28.060,28.055,28.107,28.176,28.102,28.107,28.139,28.130,27.856,27.911,27.929,27.950,27.906,27.875,27.960,27.891,28.197,28.420,28.507,28.649,28.741,28.874,29.107,29.320,29.453,29.395,29.598,29.781,30.082,30.358,30.621,30.857,30.985,31.132,31.206,31.178,31.193,31.091,31.190,31.051,31.150,31.197,31.104,31.133,31.114,31.136,31.128,31.339,31.387,31.259,31.110,30.996,31.059,31.161,31.143,31.151,31.082,31.165,31.289,31.151,31.290
Nou Barris,Districte,168.997,169.080,167.047,165.095,164.316,166.261,166.587,166.588,166.009,166.237,165.588,168.046,169.816,168.080,167.621,167.334,165.809,164.514,164.637,164.971,165.206,164.512,164.712,165.042,165.408,164.920,164.914,165.356,165.536,166.120,166.685,166.805,166.907,165.685,166.360,166.764,166.734,167.059,166.828,167.098,167.540,167.819,168.505,168.327,168.733,168.881,169.217,169.576,169.858,170.194,170.495,170.850,170.813,171.346,171.978,171.290,171.843,172.676,172.839,173.110,173.537,173.948,173.383,173.840,172.968,173.831,173.909,174.012,174.739,173.757,173.830,173.471,173.296,173.298,173.083,173.182,173.229,173.426,173.501,173.552,173.531,173.548,173.030,172.073,172.131,172.258,170.741,170.958,171.321,171.272,171.113,170.736,171.277,170.206,171.219,171.921,172.141,172.520,172.433,172.898,173.642,174.180,174.939,174.215,175.343,175.422,176.315,177.122,178.089,178.860,179.453,179.467,180.038,179.825,180.538,179.590,180.183,179.549,180.282,180.914,180.683,181.011,181.279,181.797,181.953,182.805,182.832,182.755,182.186,181.571,182.321,182.926,183.124,182.968,182.912,183.374,183.925,183.324,183.984
Vilapicina i la Torre Llobeta,Barri,24.865,24.930,24.961,24.834,24.996,25.675,25.867,25.758,25.715,25.724,25.559,25.756,25.924,25.635,25.420,25.519,25.548,25.332,25.444,25.522,25.537,25.391,25.408,25.476,25.480,25.411,25.421,25.428,25.423,25.507,25.595,25.618,25.605,25.402,25.526,25.554,25.527,25.547,25.513,25.558,25.625,25.628,25.721,25.675,25.736,25.709,25.746,25.731,25.747,25.731,25.761,25.826,25.824,25.891,25.982,25.895,25.937,25.984,25.999,26.046,26.039,26.106,26.026,26.054,25.885,26.055,26.085,26.083,26.118,25.929,25.922,25.859,25.805,25.815,25.771,25.817,25.840,25.854,25.864,25.875,25.856,25.884,25.881,25.714,25.730,25.740,25.487,25.485,25.585,25.638,25.676,25.667,25.759,25.578,25.665,25.733,25.728,25.812,25.758,25.843,25.923,25.997,26.062,25.919,26.061,26.038,26.135,26.176,26.229,26.255,26.331,26.297,26.342,26.381,26.425,26.293,26.390,26.315,26.383,26.429,26.372,26.425,26.464,26.538,26.516,26.618,26.599,26.547,26.423,26.376,26.423,26.511,26.544,26.557,26.547,26.579,26.638,26.566,26.613
Porta,Barri,24.160,24.141,24.008,23.772,23.798,24.073,23.802,23.555,23.308,23.315,23.508,24.390,25.334,25.169,25.088,24.815,24.354,24.336,24.299,24.567,24.652,24.599,24.661,24.706,24.765,24.694,24.733,24.827,24.853,24.921,25.012,25.046,25.051,24.900,24.979,25.049,25.106,25.151,25.172,25.243,25.365,25.428,25.556,25.568,25.632,25.644,25.793,25.896,25.988,26.144,26.208,26.255,26.302,26.452,26.616,26.557,26.726,26.952,27.037,27.152,27.286,27.362,27.350,27.454,27.470,27.683,27.741,27.813,28.003,27.934,27.958,27.887,27.846,27.840,27.782,27.751,27.708,27.714,27.734,27.796,27.828,27.878,27.718,27.606,27.636,27.695,27.438,27.470,27.552,27.554,27.425,27.397,27.478,27.372,27.664,28.017,28.150,28.273,28.318,28.439,28.735,28.863,28.994,28.978,29.310,29.552,29.910,30.253,30.659,31.073,31.345,31.558,31.650,31.495,31.524,31.329,31.343,31.173,31.325,31.373,31.243,31.216,31.260,31.341,31.344,31.478,31.497,31.363,31.283,31.172,31.258,31.363,31.362,31.361,31.275,31.357,31.477,31.233,31.338
el Turó de la Peira,Barri,14.838,14.740,14.583,14.470,14.488,14.667,14.797,15.023,15.213,15.167,15.047,15.186,15.341,15.339,15.425,15.569,15.432,15.350,15.328,15.334,15.331,15.273,15.305,15.336,15.384,15.316,15.286,15.309,15.329,15.370,15.442,15.466,15.501,15.354,15.431,15.483,15.428,15.464,15.397,15.425,15.487,15.521,15.596,15.575,15.605,15.615,15.670,15.733,15.741,15.738,15.774,15.811,15.753,15.805,15.867,15.783,15.940,16.089,16.112,16.151,16.195,16.256,16.170,16.200,16.096,16.195,16.206,16.229,16.307,16.191,16.195,16.169,16.147,16.141,16.126,16.116,16.123,16.158,16.148,16.186,16.206,16.219,16.176,16.041,16.057,16.096,15.946,15.997,16.015,16.073,16.055,16.025,16.038,15.881,15.997,16.053,16.060,16.112,16.130,16.177,16.224,16.301,16.363,16.295,16.403,16.430,16.473,16.568,16.672,16.721,16.751,16.717,16.853,16.833,16.949,16.820,16.889,16.853,16.919,17.004,17.070,17.098,17.159,17.217,17.282,17.378,17.376,17.456,17.391,17.295,17.378,17.455,17.458,17.400,17.361,17.399,17.437,17.422,17.462
Can Peguera,Barri,2.274,2.331,2.286,2.244,2.185,2.150,2.125,2.105,2.120,2.128,2.138,2.145,2.161,2.215,2.240,2.238,2.229,2.261,2.275,2.255,2.257,2.265,2.262,2.271,2.281,2.267,2.259,2.266,2.275,2.274,2.278,2.273,2.279,2.266,2.289,2.287,2.285,2.276,2.282,2.284,2.274,2.273,2.287,2.270,2.278,2.278,2.270,2.266,2.269,2.276,2.284,2.288,2.285,2.289,2.281,2.289,2.291,2.294,2.281,2.282,2.275,2.281,2.261,2.257,2.259,2.279,2.278,2.274,2.275,2.247,2.249,2.247,2.250,2.241,2.239,2.235,2.231,2.226,2.222,2.215,2.207,2.210,2.206,2.188,2.197,2.190,2.192,2.191,2.191,2.195,2.197,2.187,2.178,2.165,2.168,2.175,2.179,2.183,2.192,2.186,2.175,2.162,2.175,2.170,2.176,2.161,2.161,2.166,2.176,2.187,2.189,2.182,2.179,2.192,2.189,2.180,2.178,2.172,2.179,2.186,2.186,2.180,2.188,2.185,2.179,2.183,2.184,2.170,2.150,2.135,2.134,2.139,2.136,2.118,2.120,2.128,2.130,2.120,2.125
la Guineueta,Barri,17.155,17.030,16.796,16.497,16.266,16.052,15.970,16.079,15.863,15.695,15.526,15.428,15.362,15.299,15.263,15.182,15.126,15.057,15.097,15.050,15.065,15.081,15.076,15.094,15.104,15.098,15.078,15.122,15.177,15.208,15.227,15.247,15.245,15.198,15.241,15.259,15.241,15.268,15.248,15.256,15.301,15.285,15.290,15.293,15.312,15.318,15.345,15.377,15.374,15.376,15.364,15.338,15.378,15.387,15.435,15.398,15.383,15.480,15.478,15.469,15.460,15.483,15.437,15.500,15.416,15.431,15.408,15.420,15.446,15.432,15.404,15.354,15.343,15.306,15.264,15.268,15.256,15.304,15.300,15.267,15.271,15.236,15.224,15.193,15.180,15.176,15.076,15.092,15.108,15.090,15.114,15.056,15.073,14.995,15.034,15.073,15.088,15.092,15.105,15.127,15.193,15.237,15.310,15.265,15.311,15.304,15.336,15.365,15.372,15.410,15.418,15.385,15.415,15.412,15.436,15.373,15.407,15.384,15.456,15.505,15.514,15.522,15.498,15.543,15.558,15.608,15.637,15.656,15.626,15.595,15.619,15.641,15.647,15.630,15.598,15.635,15.647,15.636,15.670
Canyelles,Barri,8.744,8.687,8.503,8.385,8.159,8.185,8.052,7.874,7.722,7.594,7.511,7.471,7.440,7.305,7.239,7.193,7.108,6.980,6.952,6.925,6.923,6.905,6.908,6.899,6.897,6.868,6.860,6.862,6.872,6.860,6.869,6.863,6.878,6.850,6.851,6.852,6.850,6.860,6.848,6.841,6.849,6.867,6.886,6.885,6.883,6.886,6.898,6.924,6.923,6.907,6.893,6.887,6.899,6.908,6.904,6.884,6.885,6.887,6.877,6.859,6.879,6.887,6.875,6.868,6.863,6.882,6.878,6.869,6.893,6.848,6.829,6.809,6.801,6.797,6.791,6.793,6.809,6.802,6.813,6.813,6.808,6.813,6.812,6.803,6.812,6.805,6.773,6.772,6.779,6.785,6.781,6.787,6.788,6.794,6.805,6.804,6.820,6.822,6.803,6.808,6.806,6.801,6.804,6.786,6.809,6.781,6.768,6.782,6.795,6.822,6.846,6.835,6.839,6.833,6.843,6.797,6.817,6.815,6.829,6.839,6.832,6.827,6.816,6.797,6.804,6.819,6.824,6.817,6.817,6.795,6.791,6.808,6.821,6.800,6.798,6.821,6.821,6.835,6.874
les Roquetes,Barri,15.636,15.676,15.382,15.144,15.067,15.475,15.596,15.809,15.709,15.831,15.657,15.942,16.182,15.992,15.987,16.028,15.774,15.565,15.400,15.410,15.413,15.328,15.338,15.419,15.440,15.398,15.412,15.520,15.530,15.609,15.625,15.631,15.614,15.511,15.573,15.611,15.634,15.709,15.626,15.669,15.682,15.719,15.791,15.764,15.829,15.845,15.883,15.955,16.002,16.056,16.106,16.191,16.158,16.246,16.283,16.229,16.282,16.327,16.330,16.368,16.429,16.487,16.415,16.457,16.386,16.436,16.388,16.394,16.455,16.369,16.397,16.374,16.361,16.367,16.382,16.392,16.460,16.466,16.518,16.563,16.536,16.578,16.490,16.386,16.368,16.348,16.195,16.240,16.257,16.221,16.188,16.156,16.257,16.136,16.215,16.234,16.260,16.290,16.249,16.291,16.393,16.500,16.597,16.523,16.648,16.627,16.739,16.769,16.848,16.867,16.873,16.845,16.915,16.926,17.045,16.941,17.008,16.863,16.943,17.059,17.064,17.131,17.141,17.226,17.233,17.323,17.313,17.321,17.252,17.234,17.361,17.476,17.544,17.522,17.530,17.590,17.667,17.616,17.682
Verdun,Barri,12.919,12.836,12.649,12.419,12.288,12.434,12.391,12.319,12.188,12.171,12.100,12.407,12.397,12.315,12.304,12.449,12.337,12.120,12.226,12.261,12.308,12.205,12.217,12.221,12.249,12.206,12.208,12.250,12.286,12.357,12.390,12.368,12.374,12.291,12.347,12.367,12.346,12.367,12.365,12.356,12.375,12.397,12.466,12.445,12.477,12.484,12.494,12.503,12.515,12.531,12.553,12.555,12.536,12.568,12.639,12.578,12.622,12.698,12.673,12.723,12.769,12.794,12.750,12.805,12.690,12.784,12.786,12.798,12.895,12.842,12.842,12.833,12.818,12.827,12.821,12.864,12.829,12.879,12.905,12.865,12.874,12.854,12.812,12.679,12.675,12.675,12.582,12.596,12.627,12.630,12.607,12.558,12.603,12.558,12.627,12.643,12.627,12.663,12.649,12.704,12.744,12.749,12.835,12.774,12.865,12.902,12.945,13.010,13.101,13.129,13.150,13.159,13.186,13.182,13.273,13.194,13.226,13.133,13.196,13.239,13.257,13.328,13.371,13.416,13.438,13.552,13.522,13.511,13.425,13.337,13.371,13.394,13.394,13.434,13.454,13.468,13.533,13.481,13.554
la Prosperitat,Barri,27.899,27.899,27.276,26.870,26.775,27.168,27.192,26.902,26.727,26.770,26.492,26.634,26.819,26.574,26.555,26.463,26.308,26.084,25.974,26.184,26.190,26.086,26.142,26.217,26.282,26.178,26.178,26.223,26.188,26.285,26.410,26.415,26.428,26.221,26.279,26.360,26.358,26.398,26.387,26.431,26.473,26.539,26.642,26.572,26.632,26.653,26.624,26.656,26.692,26.737,26.741,26.826,26.838,26.888,26.975,26.855,26.877,26.926,26.998,27.037,27.108,27.144,27.024,27.076,26.922,26.993,27.021,27.026,27.103,26.909,26.964,26.897,26.892,26.899,26.895,26.910,26.922,26.928,26.893,26.868,26.803,26.746,26.629,26.527,26.537,26.574,26.393,26.423,26.481,26.413,26.417,26.346,26.460,26.289,26.493,26.549,26.545,26.589,26.599,26.613,26.681,26.755,26.829,26.664,26.773,26.764,26.912,27.036,27.125,27.180,27.269,27.253,27.332,27.286,27.412,27.291,27.387,27.339,27.478,27.586,27.521,27.601,27.689,27.772,27.769,27.907,27.912,27.922,27.873,27.772,27.965,28.026,28.105,28.046,28.068,28.178,28.258,28.176,28.269
la Trinitat Nova,Barri,7.594,7.785,7.663,7.680,7.654,7.761,7.795,7.904,7.970,7.958,8.039,8.080,8.133,7.877,7.699,7.624,7.555,7.390,7.335,7.259,7.275,7.216,7.207,7.185,7.185,7.155,7.153,7.200,7.202,7.252,7.277,7.271,7.289,7.208,7.260,7.279,7.292,7.319,7.293,7.319,7.316,7.313,7.355,7.365,7.392,7.394,7.417,7.429,7.450,7.480,7.536,7.561,7.589,7.628,7.674,7.620,7.638,7.682,7.653,7.643,7.654,7.675,7.654,7.693,7.648,7.676,7.662,7.669,7.714,7.682,7.669,7.656,7.655,7.661,7.670,7.655,7.662,7.668,7.643,7.628,7.634,7.633,7.598,7.526,7.520,7.536,7.457,7.443,7.471,7.445,7.445,7.421,7.438,7.414,7.436,7.488,7.508,7.480,7.471,7.498,7.516,7.539,7.633,7.624,7.673,7.582,7.596,7.612,7.653,7.688,7.726,7.716,7.733,7.727,7.759,7.726,7.799,7.796,7.808,7.879,7.814,7.850,7.841,7.870,7.897,7.925,7.948,7.965,7.917,7.899,7.973,8.026,8.022,8.011,8.062,8.073,8.112,8.093,8.157
Torre Baró,Barri,2.368,2.396,2.326,2.252,2.189,2.177,2.213,2.211,2.214,2.159,2.104,2.151,2.165,2.164,2.172,2.169,2.196,2.555,2.734,2.795,2.789,2.791,2.800,2.802,2.814,2.813,2.812,2.820,2.831,2.827,2.853,2.859,2.872,2.860,2.874,2.879,2.869,2.852,2.858,2.863,2.859,2.886,2.889,2.893,2.897,2.925,2.908,2.915,2.925,2.926,2.925,2.937,2.924,2.940,2.942,2.931,2.944,2.959,2.954,2.943,2.941,2.940,2.923,2.930,2.888,2.903,2.926,2.925,2.946,2.918,2.911,2.907,2.902,2.905,2.900,2.915,2.913,2.908,2.921,2.923,2.927,2.925,2.937,2.925,2.933,2.934,2.909,2.909,2.901,2.905,2.906,2.908,2.918,2.871,2.884,2.901,2.912,2.916,2.915,2.932,2.929,2.927,2.938,2.939,2.958,2.958,2.955,2.970,2.989,3.041,3.043,3.026,3.031,3.036,3.110,3.119,3.133,3.136,3.148,3.179,3.188,3.201,3.195,3.201,3.193,3.223,3.227,3.224,3.213,3.181,3.191,3.189,3.181,3.191,3.197,3.181,3.209,3.218,3.240
Ciutat Meridiana,Barri,9.824,9.838,9.803,9.712,9.624,9.613,9.890,10.116,10.283,10.498,10.652,11.139,11.231,10.860,10.886,10.745,10.494,10.174,10.239,10.055,10.097,10.002,10.024,10.056,10.164,10.167,10.165,10.163,10.199,10.280,10.331,10.369,10.390,10.258,10.339,10.409,10.417,10.467,10.447,10.467,10.537,10.567,10.624,10.622,10.654,10.732,10.767,10.796,10.845,10.904,10.952,10.980,10.929,10.943,10.974,10.864,10.923,10.997,11.037,11.033,11.091,11.128,11.092,11.141,11.033,11.105,11.111,11.091,11.157,11.024,11.053,11.048,11.052,11.064,11.014,11.038,11.053,11.103,11.127,11.152,11.173,11.147,11.126,11.079,11.082,11.074,10.903,10.934,10.944,10.915,10.874,10.808,10.877,10.760,10.835,10.858,10.857,10.866,10.827,10.866,10.908,10.933,10.979,10.857,10.927,10.901,10.953,10.985,11.036,11.049,11.075,11.054,11.122,11.078,11.132,11.090,11.169,11.137,11.177,11.200,11.183,11.195,11.227,11.271,11.305,11.340,11.338,11.351,11.363,11.330,11.406,11.443,11.459,11.444,11.457,11.514,11.553,11.484,11.555
Vallbona,Barri,721,791,811,816,827,831,897,933,977,1.227,1.255,1.317,1.327,1.336,1.343,1.340,1.348,1.310,1.334,1.354,1.369,1.370,1.364,1.360,1.363,1.349,1.349,1.366,1.371,1.370,1.376,1.379,1.381,1.366,1.371,1.375,1.381,1.381,1.392,1.386,1.397,1.396,1.402,1.400,1.406,1.398,1.402,1.395,1.387,1.388,1.398,1.395,1.398,1.401,1.406,1.407,1.395,1.401,1.410,1.404,1.411,1.405,1.406,1.405,1.412,1.409,1.419,1.421,1.427,1.432,1.437,1.431,1.424,1.435,1.428,1.428,1.423,1.416,1.413,1.401,1.408,1.425,1.421,1.406,1.404,1.415,1.390,1.406,1.410,1.408,1.428,1.420,1.410,1.393,1.396,1.393,1.407,1.422,1.417,1.414,1.415,1.416,1.420,1.421,1.429,1.422,1.432,1.430,1.434,1.438,1.437,1.440,1.441,1.444,1.441,1.437,1.437,1.433,1.441,1.436,1.439,1.437,1.430,1.420,1.435,1.451,1.455,1.452,1.453,1.450,1.451,1.455,1.451,1.454,1.445,1.451,1.443,1.444,1.445
Sant Andreu (Districte),-,134.556,135.431,135.237,134.814,135.558,138.869,140.889,141.974,143.217,144.157,143.429,145.713,147.404,146.988,147.353,147.397,146.949,145.998,146.512,146.800,146.934,146.474,146.669,147.023,147.221,146.904,146.840,147.073,147.142,147.503,147.735,147.789,147.846,147.147,147.560,147.833,147.732,148.039,147.787,147.878,148.214,148.282,148.804,148.653,148.693,148.667,148.992,149.232,149.520,149.639,149.854,149.999,149.986,150.385,150.917,150.353,150.799,151.438,151.643,151.850,152.290,152.489,151.868,151.973,151.252,151.909,152.040,152.063,152.536,152.056,152.154,151.918,151.768,151.687,151.449,151.389,151.497,151.571,151.648,151.537,151.474,151.493,151.137,150.431,150.425,150.540,149.627,149.803,150.136,150.267,150.115,149.826,150.170,149.079,149.766,150.303,150.408,150.696,150.577,150.960,151.564,151.964,152.532,151.799,152.456,152.291,153.128,153.779,154.448,154.773,155.193,155.185,155.582,155.472,156.198,155.470,155.890,155.560,156.127,156.423,156.110,156.289,156.586,156.820,157.108,157.705,157.721,157.674,157.295,156.916,157.523,157.918,158.062,157.852,157.858,158.185,158.571,158.172,158.626
la Trinitat Vella,Barri,7.803,7.902,7.979,8.024,8.123,8.493,8.892,9.015,9.297,9.770,9.812,10.274,10.447,10.275,10.403,10.397,10.434,10.247,10.068,10.048,10.064,9.971,10.007,10.027,10.047,9.964,9.952,9.968,9.926,9.977,10.021,10.006,10.010,9.867,9.930,9.978,9.975,10.023,9.992,10.003,10.066,10.064,10.079,10.071,10.092,10.130,10.176,10.216,10.258,10.264,10.314,10.346,10.326,10.358,10.410,10.337,10.438,10.512,10.525,10.541,10.584,10.608,10.518,10.505,10.426,10.466,10.448,10.487,10.561,10.437,10.438,10.430,10.441,10.445,10.402,10.416,10.430,10.466,10.503,10.513,10.528,10.525,10.462,10.387,10.396,10.373,10.261,10.297,10.333,10.351,10.397,10.358,10.358,10.207,10.273,10.290,10.250,10.217,10.205,10.261,10.312,10.352,10.416,10.286,10.357,10.385,10.442,10.523,10.568,10.592,10.656,10.650,10.681,10.631,10.738,10.661,10.736,10.671,10.790,10.847,10.806,10.833,10.955,11.032,11.086,11.178,11.165,11.160,11.050,11.013,11.119,11.173,11.191,11.124,11.134,11.189,11.279,11.258,11.340
Baró de Viver,Barri,2.296,2.355,2.355,2.368,2.373,2.393,2.382,2.365,2.382,2.421,2.417,2.458,2.452,2.392,2.411,2.411,2.416,2.479,2.482,2.511,2.514,2.518,2.510,2.515,2.520,2.528,2.520,2.522,2.521,2.525,2.537,2.539,2.541,2.524,2.533,2.540,2.560,2.557,2.558,2.554,2.560,2.548,2.550,2.535,2.540,2.548,2.576,2.575,2.590,2.608,2.612,2.613,2.605,2.610,2.629,2.604,2.614,2.629,2.648,2.668,2.661,2.671,2.672,2.674,2.651,2.648,2.633,2.625,2.633,2.610,2.617,2.614,2.615,2.621,2.624,2.635,2.647,2.652,2.660,2.653,2.646,2.659,2.630,2.617,2.607,2.607,2.583,2.584,2.597,2.596,2.601,2.603,2.599,2.598,2.596,2.600,2.599,2.587,2.591,2.587,2.583,2.586,2.605,2.582,2.579,2.566,2.571,2.575,2.593,2.597,2.601,2.607,2.601,2.608,2.630,2.612,2.631,2.633,2.647,2.661,2.653,2.663,2.658,2.667,2.681,2.695,2.680,2.678,2.678,2.671,2.669,2.692,2.693,2.680,2.681,2.677,2.676,2.672,2.672
el Bon Pastor,Barri,10.060,10.130,10.025,9.847,9.893,10.032,10.595,11.389,11.732,12.041,12.172,13.089,13.829,13.809,13.621,13.198,12.813,12.676,12.560,12.594,12.626,12.540,12.521,12.542,12.554,12.521,12.506,12.547,12.560,12.574,12.586,12.582,12.583,12.499,12.547,12.592,12.571,12.630,12.635,12.674,12.698,12.705,12.764,12.740,12.736,12.765,12.815,12.852,12.894,12.928,12.978,12.995,13.005,13.076,13.161,13.126,13.221,13.317,13.358,13.435,13.495,13.563,13.550,13.579,13.523,13.590,13.654,13.652,13.774,13.750,13.779,13.761,13.729,13.701,13.746,13.713,13.676,13.679,13.701,13.730,13.739,13.756,13.712,13.683,13.623,13.644,13.577,13.588,13.615,13.660,13.578,13.553,13.611,13.521,13.670,13.811,13.808,13.888,13.945,14.013,14.164,14.295,14.411,14.434,14.579,14.693,14.948,15.158,15.379,15.610,15.783,15.857,15.896,15.834,15.883,15.798,15.791,15.762,15.800,15.794,15.719,15.763,15.833,15.864,15.876,15.975,15.970,15.918,15.912,15.811,15.826,15.883,15.855,15.870,15.843,15.939,16.005,15.865,15.910
Sant Andreu (Barri),-,51.695,52.069,52.049,52.014,52.319,53.811,54.421,54.917,55.414,55.524,55.451,55.589,55.892,55.838,56.075,56.282,56.500,56.263,56.491,56.695,56.732,56.631,56.732,56.855,56.916,56.859,56.865,56.935,56.966,57.092,57.170,57.223,57.309,57.168,57.302,57.372,57.336,57.441,57.372,57.373,57.437,57.469,57.698,57.662,57.633,57.598,57.659,57.717,57.833,57.871,57.928,57.948,57.901,57.968,58.111,57.961,58.065,58.244,58.306,58.361,58.486,58.555,58.323,58.398,58.238,58.465,58.517,58.508,58.629,58.558,58.546,58.459,58.397,58.347,58.268,58.253,58.233,58.250,58.266,58.225,58.210,58.173,58.106,57.873,57.916,57.994,57.683,57.701,57.776,57.817,57.771,57.605,57.712,57.430,57.572,57.706,57.708,57.822,57.764,57.875,58.032,58.074,58.165,57.902,58.101,57.995,58.164,58.281,58.419,58.468,58.566,58.497,58.639,58.659,58.889,58.651,58.770,58.671,58.792,58.905,58.780,58.803,58.828,58.848,58.931,59.029,59.006,58.988,58.912,58.831,59.047,59.147,59.173,59.145,59.213,59.242,59.316,59.260,59.394
la Sagrera,Barri,28.005,27.985,27.850,27.793,27.948,28.479,28.840,28.796,28.832,28.829,28.347,28.707,28.943,28.882,29.120,29.100,28.924,28.671,28.899,28.804,28.843,28.770,28.805,28.884,28.932,28.901,28.870,28.945,28.981,29.021,29.065,29.127,29.157,29.022,29.109,29.152,29.164,29.231,29.159,29.195,29.246,29.249,29.303,29.290,29.327,29.273,29.293,29.376,29.411,29.410,29.410,29.421,29.440,29.519,29.614,29.489,29.609,29.689,29.690,29.715,29.800,29.776,29.669,29.690,29.512,29.645,29.620,29.608,29.689,29.620,29.668,29.611,29.586,29.549,29.487,29.485,29.598,29.591,29.594,29.568,29.582,29.620,29.587,29.449,29.397,29.389,29.211,29.258,29.367,29.443,29.425,29.441,29.527,29.306,29.496,29.605,29.684,29.742,29.673,29.749,29.876,29.944,30.082,29.908,29.973,29.863,30.042,30.143,30.245,30.267,30.280,30.275,30.405,30.382,30.517,30.392,30.483,30.434,30.578,30.621,30.582,30.586,30.624,30.650,30.703,30.881,30.941,30.965,30.902,30.875,30.980,31.051,31.130,31.124,31.084,31.178,31.283,31.271,31.334
el Congrés i els Indians,Barri,13.718,13.744,13.572,13.482,13.381,13.514,13.670,13.707,13.833,13.905,13.850,13.995,14.061,13.953,13.998,14.108,14.028,13.923,14.046,14.051,14.062,14.038,14.094,14.145,14.160,14.123,14.105,14.109,14.095,14.145,14.150,14.141,14.104,14.014,14.050,14.063,14.049,14.067,14.053,14.052,14.118,14.145,14.218,14.196,14.194,14.201,14.273,14.270,14.294,14.333,14.344,14.400,14.439,14.539,14.613,14.557,14.583,14.662,14.683,14.695,14.757,14.802,14.728,14.722,14.644,14.717,14.724,14.726,14.787,14.723,14.737,14.706,14.687,14.683,14.639,14.632,14.632,14.596,14.587,14.549,14.512,14.520,14.444,14.352,14.409,14.425,14.329,14.355,14.411,14.392,14.368,14.319,14.373,14.245,14.273,14.333,14.396,14.443,14.445,14.478,14.512,14.588,14.673,14.623,14.681,14.691,14.781,14.853,14.896,14.915,14.940,14.943,14.989,14.967,15.068,14.945,15.001,14.963,15.042,15.094,15.074,15.081,15.087,15.122,15.156,15.184,15.183,15.175,15.111,15.068,15.160,15.206,15.262,15.193,15.189,15.224,15.239,15.221,15.294
Navas,Barri,20.979,21.246,21.407,21.286,21.521,22.147,22.089,21.785,21.727,21.667,21.380,21.601,21.780,21.839,21.725,21.901,21.834,21.739,21.966,22.097,22.093,22.006,22.000,22.055,22.092,22.008,22.022,22.047,22.093,22.169,22.206,22.171,22.142,22.053,22.089,22.136,22.077,22.090,22.018,22.027,22.089,22.102,22.192,22.159,22.171,22.152,22.200,22.226,22.240,22.225,22.268,22.276,22.270,22.315,22.379,22.279,22.269,22.385,22.433,22.435,22.507,22.514,22.408,22.405,22.258,22.378,22.444,22.457,22.463,22.358,22.369,22.337,22.313,22.341,22.283,22.255,22.281,22.337,22.337,22.299,22.257,22.240,22.196,22.070,22.077,22.108,21.983,22.020,22.037,22.008,21.975,21.947,21.990,21.772,21.886,21.958,21.963,21.997,21.954,21.997,22.085,22.125,22.180,22.064,22.186,22.098,22.180,22.246,22.348,22.324,22.367,22.356,22.371,22.391,22.473,22.411,22.478,22.426,22.478,22.501,22.496,22.560,22.601,22.637,22.675,22.763,22.776,22.790,22.730,22.647,22.722,22.766,22.758,22.716,22.714,22.736,22.773,22.625,22.682
Sant Martí,Districte,203.712,205.836,205.774,205.152,206.642,213.187,217.720,218.847,221.492,223.449,223.003,226.389,229.894,230.220,231.078,232.738,233.035,232.665,233.660,234.170,234.607,233.510,233.826,234.480,234.856,234.094,233.776,234.301,234.411,235.224,235.898,236.039,236.202,234.288,235.087,235.629,235.322,235.715,235.165,235.287,235.884,236.332,237.244,236.999,237.316,237.458,238.066,238.672,239.080,238.997,239.352,239.758,239.550,240.317,241.179,239.965,240.862,241.720,242.028,242.032,242.731,243.034,241.836,242.006,240.489,241.562,241.572,241.578,242.518,240.640,240.974,240.629,240.426,240.295,239.869,239.949,240.113,240.435,240.752,241.181,241.411,241.674,241.295,240.231,240.418,241.025,238.725,239.376,240.145,240.158,240.190,239.465,240.215,237.950,239.297,240.299,240.097,240.675,240.197,240.996,241.823,242.666,244.078,242.752,244.284,244.033,245.549,246.656,247.556,248.140,248.800,248.710,249.556,249.566,250.669,249.206,249.786,248.922,249.796,250.663,250.037,250.400,250.576,251.031,251.480,252.891,253.100,253.139,252.518,251.458,252.657,253.544,253.476,252.852,252.797,253.233,253.941,252.965,253.951
el Camp de l'Arpa del Clot,Barri,36.534,36.884,36.804,36.381,36.593,38.125,38.542,38.272,38.486,38.898,38.586,38.786,38.839,38.350,37.951,38.168,37.977,37.796,38.168,38.130,38.156,37.977,37.958,38.010,38.066,37.925,37.861,38.000,37.988,38.122,38.243,38.247,38.254,37.890,38.016,38.109,38.095,38.135,37.989,37.959,38.056,38.171,38.347,38.327,38.370,38.470,38.592,38.692,38.761,38.798,38.875,38.924,38.923,39.067,39.199,38.912,39.074,39.200,39.267,39.253,39.349,39.382,39.175,39.177,38.914,39.098,39.169,39.136,39.360,39.005,39.037,38.956,38.906,38.873,38.772,38.785,38.744,38.769,38.767,38.838,38.829,38.831,38.746,38.507,38.432,38.497,38.068,38.170,38.330,38.319,38.318,38.207,38.294,37.908,38.028,38.129,38.065,38.139,38.022,38.158,38.240,38.389,38.570,38.343,38.597,38.495,38.676,38.858,38.976,39.024,39.080,38.971,39.067,39.071,39.282,39.060,39.170,39.034,39.146,39.401,39.338,39.405,39.417,39.452,39.543,39.840,39.784,39.804,39.656,39.457,39.619,39.745,39.763,39.690,39.643,39.694,39.751,39.582,39.704
el Clot,Barri,22.972,23.270,23.662,24.199,24.867,26.150,26.627,26.599,26.841,26.869,26.748,27.076,27.544,27.497,27.362,27.315,27.179,27.035,26.932,26.928,26.996,26.898,26.905,26.949,26.980,26.887,26.834,26.881,26.907,26.983,27.041,27.089,27.111,26.891,26.990,27.003,26.973,26.961,26.923,26.965,27.022,27.042,27.123,27.050,27.074,27.022,27.082,27.120,27.146,27.151,27.171,27.178,27.164,27.208,27.327,27.183,27.239,27.347,27.352,27.276,27.332,27.301,27.188,27.170,26.984,27.058,27.096,27.082,27.152,27.005,27.033,26.996,26.999,26.989,26.927,26.876,26.811,26.754,26.745,26.759,26.703,26.733,26.725,26.557,26.522,26.534,26.278,26.358,26.411,26.400,26.434,26.380,26.425,26.232,26.376,26.444,26.394,26.431,26.360,26.433,26.473,26.513,26.617,26.470,26.572,26.529,26.600,26.652,26.739,26.789,26.814,26.748,26.799,26.790,26.899,26.767,26.818,26.782,26.899,26.979,26.889,26.904,26.906,26.941,26.975,27.100,27.107,27.103,26.983,26.901,26.996,27.093,27.079,26.975,26.953,26.987,27.044,27.014,27.056
el Parc i la Llacuna del Poblenou,Barri,12.334,12.394,12.396,12.420,12.462,12.771,13.159,13.219,13.194,13.341,13.190,13.123,13.400,13.471,13.733,14.038,14.356,14.617,14.713,14.859,14.905,14.814,14.887,14.987,15.018,15.000,14.990,15.030,15.076,15.164,15.199,15.202,15.207,15.004,15.088,15.137,15.100,15.104,15.080,15.110,15.185,15.217,15.381,15.425,15.429,15.469,15.563,15.618,15.642,15.539,15.550,15.553,15.587,15.679,15.762,15.713,15.834,15.905,15.962,15.950,15.999,16.043,15.933,15.959,15.865,15.991,15.947,15.943,15.986,15.793,15.794,15.766,15.749,15.734,15.695,15.722,15.773,15.800,15.869,15.914,15.980,15.983,15.940,15.845,15.889,15.904,15.670,15.721,15.857,15.922,16.005,15.961,16.072,15.957,16.066,16.182,16.211,16.229,16.201,16.255,16.345,16.453,16.555,16.413,16.522,16.407,16.510,16.639,16.702,16.714,16.738,16.732,16.913,17.016,17.162,17.039,17.045,16.917,16.996,17.124,17.114,17.164,17.192,17.223,17.313,17.550,17.622,17.603,17.546,17.457,17.615,17.667,17.664,17.617,17.632,17.659,17.749,17.693,17.817
la Vila Olímpica del Poblenou,Barri,6.002,6.422,6.721,7.051,7.289,7.657,7.842,8.022,8.492,8.657,8.701,8.961,9.117,9.248,9.240,9.236,9.320,9.367,9.331,9.346,9.360,9.282,9.286,9.313,9.343,9.313,9.320,9.315,9.321,9.362,9.390,9.404,9.400,9.304,9.337,9.356,9.330,9.333,9.310,9.285,9.289,9.288,9.309,9.312,9.334,9.353,9.345,9.345,9.355,9.364,9.379,9.387,9.380,9.394,9.403,9.348,9.389,9.428,9.422,9.393,9.437,9.440,9.388,9.383,9.318,9.357,9.366,9.385,9.405,9.358,9.369,9.367,9.363,9.356,9.308,9.324,9.337,9.389,9.402,9.395,9.395,9.413,9.421,9.410,9.417,9.440,9.349,9.370,9.389,9.384,9.409,9.376,9.406,9.311,9.356,9.355,9.313,9.327,9.307,9.337,9.362,9.386,9.408,9.338,9.347,9.294,9.310,9.333,9.354,9.354,9.369,9.370,9.407,9.375,9.419,9.366,9.387,9.330,9.345,9.354,9.373,9.351,9.341,9.356,9.355,9.387,9.371,9.345,9.358,9.306,9.333,9.361,9.381,9.367,9.351,9.331,9.363,9.288,9.298
el Poblenou,Barri,23.833,24.137,24.234,24.197,24.652,25.988,27.444,28.092,29.025,29.580,29.852,30.555,31.127,31.384,32.065,32.513,32.881,33.019,33.437,33.623,33.697,33.567,33.613,33.723,33.832,33.696,33.646,33.714,33.726,33.856,33.910,33.933,33.987,33.669,33.810,33.877,33.772,33.858,33.758,33.763,33.865,33.948,34.070,33.986,34.053,34.070,34.127,34.201,34.244,34.212,34.249,34.290,34.180,34.251,34.350,34.170,34.286,34.440,34.499,34.512,34.609,34.679,34.497,34.533,34.263,34.410,34.413,34.436,34.610,34.288,34.337,34.285,34.272,34.248,34.197,34.211,34.281,34.351,34.368,34.411,34.423,34.474,34.442,34.233,34.241,34.361,34.042,34.161,34.260,34.228,34.263,34.103,34.175,33.751,33.958,34.104,34.008,34.102,34.004,34.065,34.156,34.273,34.452,34.151,34.333,34.239,34.469,34.575,34.666,34.721,34.765,34.731,34.773,34.747,34.845,34.563,34.600,34.483,34.607,34.710,34.630,34.670,34.633,34.653,34.756,34.830,34.802,34.818,34.697,34.543,34.666,34.723,34.760,34.675,34.637,34.721,34.825,34.723,34.882
Diagonal Mar i el Front Marítim del Poblenou,Barri,4.149,4.163,4.117,4.267,4.963,6.185,7.243,8.131,8.865,9.284,9.639,9.964,10.691,11.264,12.003,12.515,12.928,13.168,13.374,13.416,13.467,13.388,13.422,13.472,13.474,13.471,13.458,13.507,13.534,13.581,13.672,13.670,13.647,13.546,13.584,13.632,13.612,13.615,13.524,13.532,13.540,13.567,13.645,13.644,13.607,13.624,13.663,13.703,13.703,13.668,13.671,13.706,13.670,13.728,13.749,13.625,13.670,13.683,13.694,13.694,13.744,13.740,13.635,13.644,13.517,13.591,13.570,13.526,13.554,13.418,13.444,13.454,13.424,13.426,13.397,13.397,13.432,13.466,13.528,13.536,13.550,13.590,13.547,13.511,13.544,13.542,13.399,13.462,13.485,13.498,13.470,13.391,13.461,13.304,13.399,13.451,13.450,13.439,13.377,13.408,13.457,13.482,13.531,13.453,13.518,13.459,13.478,13.538,13.572,13.567,13.569,13.545,13.585,13.550,13.610,13.494,13.519,13.465,13.513,13.553,13.528,13.596,13.634,13.678,13.668,13.711,13.732,13.691,13.640,13.592,13.644,13.689,13.669,13.692,13.720,13.750,13.814,13.738,13.826
el Besòs i el Maresme,Barri,21.540,21.618,21.447,21.207,21.036,21.264,21.623,21.805,22.067,22.403,22.033,23.319,24.018,23.798,23.976,23.720,23.143,22.840,22.844,22.783,22.865,22.626,22.694,22.774,22.832,22.688,22.691,22.773,22.771,22.906,23.040,23.063,23.117,22.924,23.057,23.180,23.205,23.318,23.270,23.334,23.481,23.555,23.686,23.721,23.846,23.874,23.998,24.131,24.274,24.321,24.451,24.598,24.647,24.791,24.969,24.847,25.050,25.237,25.324,25.406,25.527,25.674,25.497,25.599,25.432,25.630,25.611,25.705,25.895,25.582,25.679,25.656,25.638,25.655,25.661,25.753,25.812,25.873,25.985,26.116,26.252,26.352,26.267,26.257,26.382,26.550,26.247,26.361,26.470,26.461,26.406,26.349,26.525,26.190,26.526,26.917,26.930,27.105,27.081,27.242,27.538,27.730,28.065,27.892,28.321,28.583,29.060,29.393,29.719,30.000,30.373,30.499,30.668,30.562,30.690,30.485,30.573,30.429,30.568,30.630,30.372,30.438,30.498,30.626,30.573,30.844,30.846,30.724,30.581,30.324,30.545,30.763,30.730,30.705,30.772,30.889,31.015,30.701,30.910
Provençals del Poblenou,Barri,16.868,17.207,17.117,17.106,17.130,17.466,17.685,17.700,17.983,18.190,18.613,18.859,19.304,19.594,19.551,19.877,20.068,20.098,20.163,20.381,20.392,20.307,20.323,20.373,20.380,20.326,20.266,20.321,20.354,20.413,20.487,20.519,20.544,20.399,20.468,20.515,20.469,20.541,20.537,20.572,20.636,20.634,20.681,20.628,20.694,20.719,20.804,20.898,20.959,20.943,20.957,21.006,20.947,21.061,21.124,21.116,21.196,21.233,21.231,21.253,21.308,21.352,21.295,21.300,21.207,21.317,21.330,21.319,21.363,21.218,21.218,21.191,21.176,21.182,21.151,21.129,21.123,21.115,21.140,21.185,21.254,21.282,21.254,21.181,21.186,21.275,21.084,21.089,21.170,21.146,21.133,21.092,21.125,20.872,20.954,21.015,21.042,21.081,21.042,21.118,21.176,21.250,21.364,21.273,21.336,21.294,21.405,21.415,21.417,21.396,21.420,21.407,21.463,21.455,21.581,21.512,21.559,21.473,21.515,21.568,21.563,21.583,21.575,21.585,21.630,21.729,21.780,21.902,21.890,21.832,21.983,22.055,22.083,22.018,22.023,22.044,22.113,22.084,22.200
Sant Martí de Provençals,Barri,27.358,27.643,27.576,27.183,26.974,26.970,26.930,26.769,26.584,26.436,26.121,26.174,26.287,26.154,26.154,26.126,26.001,25.917,25.971,26.031,26.068,26.020,26.034,26.102,26.109,26.087,26.086,26.109,26.098,26.139,26.191,26.187,26.220,26.062,26.081,26.095,26.070,26.069,26.043,26.035,26.044,26.096,26.143,26.092,26.125,26.081,26.092,26.135,26.177,26.137,26.131,26.178,26.152,26.210,26.281,26.168,26.173,26.218,26.274,26.277,26.350,26.349,26.262,26.261,26.131,26.179,26.158,26.168,26.256,26.142,26.159,26.114,26.093,26.073,26.061,26.061,26.059,26.154,26.189,26.229,26.263,26.246,26.222,26.088,26.132,26.137,25.958,25.950,25.968,25.941,25.917,25.852,25.893,25.734,25.847,25.846,25.859,25.946,25.953,26.021,26.106,26.164,26.272,26.169,26.242,26.183,26.316,26.384,26.428,26.502,26.521,26.549,26.619,26.663,26.698,26.575,26.658,26.602,26.679,26.757,26.667,26.693,26.729,26.809,26.877,26.983,27.007,26.976,26.975,26.946,27.042,27.092,27.080,26.966,26.954,27.013,27.088,27.074,27.165
la Verneda i la Pau,Barri,32.122,32.098,31.700,31.141,30.676,30.611,30.625,30.238,29.955,29.791,29.520,29.572,29.567,29.460,29.043,29.230,29.182,28.808,28.727,28.673,28.701,28.631,28.704,28.777,28.822,28.701,28.624,28.651,28.636,28.698,28.725,28.725,28.715,28.599,28.656,28.725,28.696,28.781,28.731,28.732,28.766,28.814,28.859,28.814,28.784,28.776,28.800,28.829,28.819,28.864,28.918,28.938,28.900,28.928,29.015,28.883,28.951,29.029,29.003,29.018,29.076,29.074,28.966,28.980,28.858,28.931,28.912,28.878,28.937,28.831,28.904,28.844,28.806,28.759,28.700,28.691,28.741,28.764,28.759,28.798,28.762,28.770,28.731,28.642,28.673,28.785,28.630,28.734,28.805,28.859,28.835,28.754,28.839,28.691,28.787,28.856,28.825,28.876,28.850,28.959,28.970,29.026,29.244,29.250,29.496,29.550,29.725,29.869,29.983,30.073,30.151,30.158,30.262,30.337,30.483,30.345,30.457,30.407,30.528,30.587,30.563,30.596,30.651,30.708,30.790,30.917,31.049,31.173,31.192,31.100,31.214,31.356,31.267,31.147,31.112,31.145,31.179,31.068,31.093