Territori,Tipus de territori,Nacionalitat (Espanya/UE/Resta estranger),01 Gen. 1997,01 Gen. 1998,01 Gen. 1999,01 Gen. 2000,01 Gen. 2001,01 Gen. 2002,01 Gen. 2003,01 Gen. 2004,01 Gen. 2005,01 Gen. 2006,01 Gen. 2007,01 Gen. 2008,01 Gen. 2009,01 Gen. 2010,01 Gen. 2011,01 Gen. 2012,01 Gen. 2013,01 Gen. 2014,01 Gen. 2015,01 Gen. 2016,01 Gen. 2017,01 Gen. 2018,01 Gen. 2019,01 Gen. 2020,01 Gen. 2021,01 Gen. 2022,01 Gen. 2023,01 Gen. 2024,01 Gen. 2025
Barcelona,Municipi,Espanya,1.467.063,1.474.740,1.465.518,1.451.247,1.433.986,1.435.676,1.414.749,1.391.575,1.372.461,1.359.040,1.348.056,1.341.107,1.336.490,1.335.882,1.335.652,1.336.800,1.332.044,1.330.207,1.341.843,1.342.637,1.336.462,1.327.310,1.316.842,1.305.560,1.288.787,1.276.405,1.268.444,1.269.953,1.274.498
Barcelona,Municipi,Resta de la Unió Europea,7.409,8.465,9.476,10.614,12.593,18.076,23.510,29.262,36.312,43.095,58.463,69.375,75.738,75.065,69.538,72.667,77.349,79.781,80.628,82.924,88.460,91.662,102.933,108.291,102.263,106.466,107.031,114.693,121.513
Barcelona,Municipi,Resta del món,19.108,23.713,28.721,35.401,60.317,100.725,142.611,167.345,190.065,207.381,187.430,204.228,219.375,208.498,209.227,210.194,203.258,192.273,182.024,184.647,199.976,209.740,230.366,252.447,269.026,256.886,284.672,317.863,335.732
Barcelona,Municipi,No consta,83,108,125,174,225,949,943,435,499,541,484,468,250,168,172,169,184,189,205,219,239,224,217,232,238,224,288,305,323
Ciutat Vella,Districte,Espanya,76.579,77.114,75.847,74.140,72.318,71.156,69.231,67.409,65.756,64.563,63.570,62.670,61.794,61.427,60.853,60.316,58.794,57.378,57.480,56.976,56.071,54.768,53.546,52.439,51.938,51.140,50.809,51.146,52.133
Ciutat Vella,Districte,Resta de la Unió Europea,690,891,1.047,1.348,1.771,2.728,3.735,4.769,6.071,7.458,10.324,11.905,12.963,12.268,11.195,11.912,12.882,13.448,13.750,14.203,15.142,15.300,17.206,17.371,15.682,15.510,14.747,15.396,15.797
Ciutat Vella,Districte,Resta del món,4.996,6.293,7.633,9.020,14.890,24.537,33.552,37.648,41.191,42.254,37.830,37.157,35.232,30.948,31.501,32.106,31.609,29.852,28.908,29.165,30.921,31.959,34.959,38.405,42.013,39.343,40.856,44.581,47.342
Ciutat Vella,Districte,No consta,5,8,13,16,24,115,109,60,79,83,68,59,27,21,20,23,26,22,31,29,31,20,22,33,39,35,34,32,39
el Raval,Barri,Espanya,31.117,31.302,30.650,29.760,28.989,28.617,27.648,26.744,26.079,25.425,25.156,25.023,24.944,24.994,24.838,24.818,24.350,24.084,24.498,24.275,24.108,23.732,23.170,22.660,22.691,22.369,22.396,22.634,23.364
el Raval,Barri,Resta de la Unió Europea,249,309,341,408,509,854,1.136,1.496,1.849,2.237,3.172,3.681,4.065,4.070,3.700,3.966,4.233,4.285,4.347,4.445,4.731,4.884,5.502,5.602,5.033,4.909,4.563,4.840,5.064
el Raval,Barri,Resta del món,2.730,3.531,4.359,5.156,8.076,12.362,16.781,17.996,19.378,20.015,17.719,18.769,18.947,18.283,19.176,20.194,20.174,19.110,18.293,18.466,19.052,18.890,19.530,19.906,20.949,19.223,18.693,19.440,21.471
el Raval,Barri,No consta,..,..,6,9,10,65,62,21,23,22,14,15,7,9,11,13,14,11,12,10,10,8,8,12,15,19,19,20,18
el Barri Gòtic,Barri,Espanya,12.675,12.986,13.085,13.107,12.788,12.605,12.414,12.318,12.085,11.891,11.752,11.252,10.790,10.514,10.323,10.102,9.703,9.126,9.007,8.925,8.726,8.501,8.387,8.270,8.257,8.243,8.385,8.612,8.903
el Barri Gòtic,Barri,Resta de la Unió Europea,189,246,308,438,561,835,1.149,1.467,1.949,2.383,3.396,3.721,3.915,2.978,2.709,2.672,2.829,3.081,3.079,3.208,3.392,3.377,3.846,3.891,3.436,3.505,3.281,3.402,3.415
el Barri Gòtic,Barri,Resta del món,699,890,1.081,1.256,2.944,6.373,9.095,11.283,13.067,13.254,12.497,10.515,8.081,5.023,4.643,4.103,3.740,3.525,3.422,3.588,4.113,5.150,6.938,9.541,11.145,10.994,12.784,15.200,15.552
el Barri Gòtic,Barri,No consta,..,5,6,6,8,22,22,21,28,28,18,17,7,5,..,..,..,..,6,8,9,7,9,13,12,6,10,8,8
la Barceloneta,Barri,Espanya,14.378,14.425,14.303,14.049,13.732,13.388,13.047,12.617,12.248,12.010,11.740,11.658,11.472,11.443,11.315,11.091,10.755,10.485,10.331,10.263,9.855,9.536,9.246,8.990,8.786,8.472,8.264,8.247,8.199
la Barceloneta,Barri,Resta de la Unió Europea,35,47,69,120,176,263,386,474,644,874,1.259,1.578,1.763,1.887,1.693,1.846,2.009,2.074,2.178,2.290,2.526,2.576,2.868,2.893,2.759,2.598,2.619,2.675,2.753
la Barceloneta,Barri,Resta del món,351,438,565,742,1.200,1.842,2.537,2.858,2.888,2.957,2.626,2.906,2.992,2.759,2.739,2.772,2.726,2.547,2.527,2.512,2.716,2.780,3.058,3.227,3.577,3.270,3.390,3.603,3.793
la Barceloneta,Barri,No consta,-,-,-,-,..,14,13,9,16,22,21,12,..,..,..,..,..,..,..,..,..,..,..,..,..,..,..,..,..
"Sant Pere, Santa Caterina i la Ribera",Barri,Espanya,18.409,18.401,17.809,17.224,16.809,16.546,16.122,15.730,15.344,15.237,14.922,14.737,14.588,14.476,14.377,14.305,13.986,13.683,13.644,13.513,13.382,12.999,12.743,12.519,12.204,12.056,11.764,11.653,11.667
"Sant Pere, Santa Caterina i la Ribera",Barri,Resta de la Unió Europea,217,289,329,382,525,776,1.064,1.332,1.629,1.964,2.497,2.925,3.220,3.333,3.093,3.428,3.811,4.008,4.146,4.260,4.493,4.463,4.990,4.985,4.454,4.498,4.284,4.479,4.565
"Sant Pere, Santa Caterina i la Ribera",Barri,Resta del món,1.216,1.434,1.628,1.866,2.670,3.960,5.139,5.511,5.858,6.028,4.988,4.967,5.212,4.883,4.943,5.037,4.969,4.670,4.666,4.599,5.040,5.139,5.433,5.731,6.342,5.856,5.989,6.338,6.526
"Sant Pere, Santa Caterina i la Ribera",Barri,No consta,-,-,..,..,..,14,12,9,12,11,15,15,9,6,..,..,5,7,12,8,8,..,..,6,9,8,..,..,9
Eixample,Districte,Espanya,241.143,241.903,240.687,238.394,235.379,236.891,233.072,228.406,224.735,223.210,221.058,220.176,218.774,217.727,217.218,217.136,215.636,214.636,215.617,215.114,213.127,210.553,207.597,204.802,201.077,198.457,195.917,195.130,195.017
Eixample,Districte,Resta de la Unió Europea,1.440,1.676,1.902,2.129,2.618,4.036,5.462,6.779,8.413,10.110,13.171,15.510,17.111,16.813,15.488,16.098,17.370,18.140,18.256,18.909,20.223,20.838,23.283,24.566,23.361,25.029,25.313,27.082,28.803
Eixample,Districte,Resta del món,3.455,4.263,5.120,6.324,10.581,16.959,23.183,26.813,30.426,32.734,27.853,29.828,32.466,31.117,31.526,32.305,31.905,30.728,29.624,30.475,33.851,35.383,38.231,41.337,44.851,43.318,47.534,52.344,54.305
Eixample,Districte,No consta,23,28,31,37,47,189,191,101,117,128,116,120,78,57,64,54,56,60,60,70,69,65,62,67,60,53,60,80,84
el Fort Pienc,Barri,Espanya,27.577,27.623,27.610,27.468,27.263,27.344,27.059,26.655,26.309,26.237,26.013,25.825,25.746,25.562,25.569,25.653,25.403,25.265,25.417,25.379,25.063,24.765,24.533,24.267,23.846,23.655,23.354,23.311,23.397
el Fort Pienc,Barri,Resta de la Unió Europea,160,183,200,222,267,458,622,769,972,1.161,1.534,1.910,2.123,2.059,2.014,2.149,2.289,2.385,2.340,2.453,2.699,2.771,3.093,3.298,3.231,3.404,3.445,3.788,4.039
el Fort Pienc,Barri,Resta del món,397,460,551,660,1.173,1.924,2.702,3.101,3.636,4.086,3.553,4.401,5.193,5.010,4.790,4.476,4.052,3.830,3.778,3.844,4.356,4.624,5.106,5.901,6.358,6.381,7.600,9.010,9.175
el Fort Pienc,Barri,No consta,5,6,5,..,7,23,24,12,12,21,21,23,17,17,14,8,11,9,13,17,19,10,6,7,10,5,..,10,10
la Sagrada Família,Barri,Espanya,47.764,48.001,47.866,47.463,46.924,47.193,46.328,45.439,44.728,44.445,44.005,43.922,43.659,43.356,43.174,42.898,42.489,42.261,42.395,42.192,41.708,41.116,40.442,39.901,39.292,38.684,38.208,37.999,37.982
la Sagrada Família,Barri,Resta de la Unió Europea,169,201,229,253,336,497,684,918,1.146,1.390,1.930,2.360,2.579,2.609,2.434,2.474,2.591,2.666,2.761,2.920,3.141,3.343,3.734,4.033,3.939,4.184,4.323,4.684,5.008
la Sagrada Família,Barri,Resta del món,540,702,918,1.188,2.283,3.809,4.968,5.653,6.251,6.676,5.842,6.268,6.723,6.190,6.358,6.712,6.728,6.336,5.923,6.234,6.802,7.197,7.732,8.303,8.923,8.522,9.172,10.131,10.555
la Sagrada Família,Barri,No consta,8,10,8,19,20,40,33,19,21,30,24,21,8,9,10,8,13,20,15,8,7,5,9,15,10,12,9,11,10
la Dreta de l'Eixample,Barri,Espanya,38.277,38.494,38.303,38.119,37.772,38.208,37.786,36.808,36.137,35.871,35.497,35.446,35.456,35.393,35.451,35.526,35.242,35.044,35.155,34.998,34.710,34.108,33.531,33.034,32.116,31.611,31.090,30.939,30.740
la Dreta de l'Eixample,Barri,Resta de la Unió Europea,340,403,465,548,688,1.029,1.353,1.626,1.994,2.387,2.945,3.348,3.741,3.652,3.323,3.529,3.965,4.194,4.245,4.388,4.599,4.664,5.148,5.409,5.073,5.671,5.647,5.932,6.364
la Dreta de l'Eixample,Barri,Resta del món,498,617,740,901,1.355,2.083,3.085,3.685,4.275,4.598,3.810,3.916,4.193,4.005,4.070,4.212,4.180,4.095,4.151,4.289,4.899,5.064,5.496,5.842,6.889,6.866,7.359,8.004,8.546
la Dreta de l'Eixample,Barri,No consta,..,5,6,6,8,39,47,28,33,32,25,25,20,13,12,18,12,10,7,17,16,17,14,13,10,8,9,12,17
l'Antiga Esquerra de l'Eixample,Barri,Espanya,38.201,38.389,38.033,37.370,36.807,37.148,36.238,35.535,34.909,34.601,34.425,34.087,33.711,33.757,33.699,33.733,33.666,33.678,33.877,33.857,33.598,33.258,32.702,32.133,31.607,31.079,30.600,30.574,30.495
l'Antiga Esquerra de l'Eixample,Barri,Resta de la Unió Europea,303,339,375,418,501,790,1.077,1.365,1.626,1.911,2.417,2.887,3.180,3.079,2.777,2.945,3.191,3.317,3.270,3.356,3.516,3.652,4.099,4.304,4.128,4.401,4.463,4.691,4.932
l'Antiga Esquerra de l'Eixample,Barri,Resta del món,669,854,1.002,1.173,1.819,2.798,3.817,4.263,4.904,5.215,4.348,4.581,5.019,4.853,4.926,5.033,4.971,4.724,4.506,4.674,5.322,5.613,6.229,6.695,7.303,6.877,7.674,8.529,8.577
l'Antiga Esquerra de l'Eixample,Barri,No consta,..,..,6,..,..,24,31,22,29,25,23,26,16,8,14,11,10,9,9,8,8,11,9,11,8,8,14,14,17
la Nova Esquerra de l'Eixample,Barri,Espanya,53.972,53.920,53.647,53.212,52.479,52.795,51.961,50.990,50.197,49.965,49.389,49.156,48.820,48.544,48.362,48.345,48.114,47.852,48.202,48.140,47.795,47.407,46.872,46.259,45.465,44.984,44.518,44.384,44.517
la Nova Esquerra de l'Eixample,Barri,Resta de la Unió Europea,309,360,412,453,542,789,1.058,1.265,1.595,1.916,2.441,2.827,3.015,3.023,2.762,2.771,2.965,3.074,3.041,3.112,3.400,3.495,3.953,4.109,3.840,4.135,4.156,4.412,4.653
la Nova Esquerra de l'Eixample,Barri,Resta del món,859,1.001,1.144,1.432,2.395,3.800,5.139,5.981,6.820,7.326,6.150,6.347,6.689,6.439,6.543,6.754,6.805,6.694,6.415,6.439,7.134,7.351,7.831,8.268,8.590,8.186,8.895,9.481,9.930
la Nova Esquerra de l'Eixample,Barri,No consta,..,..,..,..,8,38,33,8,15,14,18,15,8,7,9,6,6,5,6,8,8,12,12,12,11,9,15,22,22
Sant Antoni,Barri,Espanya,35.352,35.476,35.228,34.762,34.134,34.203,33.700,32.979,32.455,32.091,31.729,31.740,31.382,31.115,30.963,30.981,30.722,30.536,30.571,30.548,30.253,29.899,29.517,29.208,28.751,28.444,28.147,27.923,27.886
Sant Antoni,Barri,Resta de la Unió Europea,159,190,221,235,284,473,668,836,1.080,1.345,1.904,2.178,2.473,2.391,2.178,2.230,2.369,2.504,2.599,2.680,2.868,2.913,3.256,3.413,3.150,3.234,3.279,3.575,3.807
Sant Antoni,Barri,Resta del món,492,629,765,970,1.556,2.545,3.472,4.130,4.540,4.833,4.150,4.315,4.649,4.620,4.839,5.118,5.169,5.049,4.851,4.995,5.338,5.534,5.837,6.328,6.788,6.486,6.834,7.189,7.522
Sant Antoni,Barri,No consta,5,..,..,..,..,25,23,12,7,6,5,10,9,..,5,..,..,7,10,12,11,10,12,9,11,11,9,11,8
Sants-Montjuïc,Districte,Espanya,162.991,163.912,162.968,161.036,158.931,158.194,155.429,152.756,150.362,149.241,147.952,146.992,146.530,146.732,146.579,146.706,146.048,145.763,147.358,147.304,146.486,145.178,144.184,142.962,141.388,139.816,139.221,139.646,140.580
Sants-Montjuïc,Districte,Resta de la Unió Europea,449,541,636,737,907,1.257,1.726,2.256,2.954,3.613,5.377,6.710,7.332,7.552,7.020,7.386,7.927,8.166,8.336,8.532,9.184,9.646,10.938,11.635,11.206,11.453,11.262,11.987,12.755
Sants-Montjuïc,Districte,Resta del món,2.167,2.839,3.402,4.315,7.546,12.867,18.629,21.983,24.888,27.768,25.028,27.529,29.633,28.683,29.117,29.866,28.752,26.891,25.101,25.338,26.697,27.367,30.339,33.001,34.415,32.485,35.444,39.716,42.922
Sants-Montjuïc,Districte,No consta,9,10,13,19,23,115,112,44,44,48,43,42,22,10,17,12,14,13,18,13,14,19,20,17,17,16,36,42,43
el Poble-sec,Barri,Espanya,33.022,33.169,32.906,32.287,31.597,31.560,30.897,30.419,29.828,29.708,29.486,29.256,29.061,29.069,28.887,28.791,28.429,28.226,28.502,28.364,27.994,27.371,26.961,26.347,25.993,25.612,25.344,25.210,25.332
el Poble-sec,Barri,Resta de la Unió Europea,106,143,177,209,271,399,531,713,1.027,1.328,1.781,2.139,2.333,2.483,2.406,2.653,2.907,3.057,3.157,3.257,3.524,3.636,4.184,4.439,4.189,4.231,4.096,4.315,4.542
el Poble-sec,Barri,Resta del món,650,907,1.191,1.499,2.646,4.567,6.730,7.656,8.533,9.277,8.179,8.934,9.283,8.834,9.243,9.807,9.663,9.000,8.561,8.507,8.865,8.786,9.284,9.399,10.019,9.296,9.332,9.643,10.420
el Poble-sec,Barri,No consta,..,..,..,..,..,51,46,5,6,6,7,5,..,-,..,..,..,..,..,..,..,8,11,..,..,..,6,9,6
la Marina del Prat Vermell,Barri,Espanya,1.799,1.754,1.834,1.779,1.737,1.621,1.496,1.397,1.244,1.176,1.132,1.104,1.069,1.050,1.025,1.057,1.062,1.027,1.024,1.059,1.055,1.055,1.068,1.060,1.158,1.298,1.387,1.513,2.149
la Marina del Prat Vermell,Barri,Resta de la Unió Europea,..,..,..,..,6,5,6,6,5,..,5,9,5,..,6,5,12,16,13,8,9,11,12,13,28,41,86,129,214
la Marina del Prat Vermell,Barri,Resta del món,8,7,15,22,21,42,40,53,58,69,68,77,81,82,88,88,98,100,85,79,87,95,119,154,170,178,205,335,513
la Marina del Prat Vermell,Barri,No consta,-,-,-,-,-,..,..,-,-,-,-,-,-,-,-,-,-,-,-,-,-,-,-,-,-,-,-,-,-
la Marina de Port,Barri,Espanya,26.816,27.107,26.959,26.906,26.845,26.819,26.542,26.266,26.121,25.938,25.770,25.584,25.645,25.802,25.972,26.148,26.098,26.041,26.312,26.395,26.325,26.096,25.871,25.797,25.518,25.144,24.880,24.805,24.805
la Marina de Port,Barri,Resta de la Unió Europea,47,52,60,69,86,125,169,219,262,285,500,641,688,672,638,645,657,669,696,680,721,785,842,892,886,903,907,973,997
la Marina de Port,Barri,Resta del món,221,254,309,408,693,1.148,1.814,2.322,2.837,3.355,3.155,3.486,3.800,3.632,3.626,3.651,3.521,3.340,3.228,3.321,3.574,3.869,4.374,4.661,4.687,4.379,4.649,5.181,5.843
la Marina de Port,Barri,No consta,..,..,..,..,..,11,11,6,..,7,5,..,..,..,..,..,-,..,..,..,..,..,-,..,..,..,..,..,..
la Font de la Guatlla,Barri,Espanya,8.887,9.104,9.174,9.083,8.983,9.025,8.909,8.739,8.606,8.462,8.367,8.308,8.307,8.380,8.348,8.378,8.370,8.404,8.464,8.414,8.401,8.320,8.167,8.112,7.933,7.904,7.836,7.877,7.854
la Font de la Guatlla,Barri,Resta de la Unió Europea,37,36,39,40,53,80,119,160,198,224,321,430,479,502,479,505,566,600,625,614,637,640,731,714,661,682,676,710,753
la Font de la Guatlla,Barri,Resta del món,114,137,165,226,364,621,840,1.027,1.309,1.469,1.441,1.333,1.430,1.399,1.387,1.391,1.375,1.306,1.282,1.287,1.383,1.346,1.474,1.551,1.645,1.771,1.980,2.105,2.250
la Font de la Guatlla,Barri,No consta,..,..,..,..,..,5,5,..,..,..,..,..,..,-,..,..,..,-,-,..,..,..,..,-,-,..,7,7,..
Hostafrancs,Barri,Espanya,14.324,14.389,14.226,14.037,13.689,13.454,13.216,13.111,12.837,12.868,12.762,12.709,12.573,12.577,12.548,12.434,12.429,12.332,12.546,12.593,12.423,12.253,12.135,12.005,11.796,11.615,11.595,11.548,11.506
Hostafrancs,Barri,Resta de la Unió Europea,55,66,77,88,104,148,181,248,325,384,594,759,788,767,688,729,741,825,881,915,973,1.054,1.189,1.277,1.210,1.253,1.227,1.277,1.360
Hostafrancs,Barri,Resta del món,273,348,358,411,670,1.138,1.809,2.087,2.309,2.589,2.251,2.469,2.651,2.617,2.618,2.876,2.808,2.512,2.331,2.407,2.553,2.661,2.829,2.916,3.090,2.990,3.143,3.364,3.931
Hostafrancs,Barri,No consta,..,..,..,..,..,9,6,..,..,..,5,..,..,-,..,..,..,..,-,-,-,..,..,5,6,..,..,..,..
la Bordeta,Barri,Espanya,17.048,17.280,17.255,17.287,17.312,17.350,17.055,16.857,16.592,16.321,16.278,16.162,16.153,16.055,15.942,15.991,15.997,15.956,16.162,16.211,16.121,16.305,16.507,16.478,16.317,16.271,16.219,16.249,16.355
la Bordeta,Barri,Resta de la Unió Europea,38,39,53,61,65,84,134,169,210,262,396,470,498,514,448,440,511,505,499,517,542,592,679,731,745,758,812,908,985
la Bordeta,Barri,Resta del món,202,249,281,325,617,987,1.355,1.731,1.864,2.126,1.974,2.088,2.187,2.076,2.101,2.173,2.072,1.934,1.718,1.788,1.896,1.933,2.255,2.357,2.388,2.196,2.691,3.232,3.895
la Bordeta,Barri,No consta,..,..,5,..,..,8,..,-,-,-,..,..,..,-,..,-,..,..,5,..,..,..,..,..,..,..,6,..,7
Sants - Badal,Barri,Espanya,23.334,23.385,23.239,22.790,22.325,22.214,21.758,21.258,20.892,20.757,20.435,20.271,20.099,20.168,20.140,20.096,20.015,19.979,20.180,20.040,19.928,19.787,19.806,19.714,19.615,19.191,19.081,19.211,19.241
Sants - Badal,Barri,Resta de la Unió Europea,55,66,81,84,104,135,191,242,305,372,624,738,806,806,707,747,770,759,732,764,818,864,963,1.060,1.022,1.021,948,1.014,1.088
Sants - Badal,Barri,Resta del món,265,349,418,569,1.043,1.743,2.382,2.798,3.049,3.399,3.053,3.249,3.360,3.372,3.491,3.746,3.568,3.384,3.100,3.128,3.299,3.365,3.703,4.161,4.263,3.994,4.336,4.704,5.001
Sants - Badal,Barri,No consta,-,-,-,..,..,11,20,15,18,17,9,12,..,..,..,..,..,..,..,..,..,..,..,..,..,..,..,..,8
Sants,Barri,Espanya,37.761,37.724,37.375,36.867,36.443,36.151,35.556,34.709,34.242,34.011,33.722,33.598,33.623,33.631,33.717,33.811,33.648,33.798,34.168,34.228,34.239,33.991,33.669,33.449,33.058,32.781,32.879,33.233,33.338
Sants,Barri,Resta de la Unió Europea,109,137,146,182,218,281,395,499,622,755,1.156,1.524,1.735,1.805,1.648,1.662,1.763,1.735,1.733,1.777,1.960,2.064,2.338,2.509,2.465,2.564,2.510,2.661,2.816
Sants,Barri,Resta del món,434,588,665,855,1.492,2.621,3.659,4.309,4.929,5.484,4.907,5.893,6.841,6.671,6.563,6.134,5.647,5.315,4.796,4.821,5.040,5.312,6.301,7.802,8.153,7.681,9.108,11.152,11.069
Sants,Barri,No consta,..,..,..,6,6,16,18,13,12,14,14,14,8,..,..,..,..,..,6,5,5,..,..,..,..,..,11,17,16
Les Corts,Districte,Espanya,79.597,80.431,80.122,79.918,78.990,78.440,77.196,75.782,74.519,73.629,72.946,72.639,72.235,72.169,72.059,72.154,71.966,71.862,72.539,72.580,72.274,71.835,71.353,70.659,69.499,69.119,68.582,68.380,68.420
Les Corts,Districte,Resta de la Unió Europea,718,800,885,978,1.064,1.378,1.688,1.922,2.203,2.395,2.926,3.263,3.552,3.367,3.067,3.200,3.283,3.232,3.131,3.180,3.309,3.399,3.645,3.816,3.526,3.706,3.912,4.260,4.461
Les Corts,Districte,Resta del món,916,1.118,1.264,1.533,2.198,3.164,4.519,5.265,5.999,6.618,5.486,6.329,7.386,7.200,7.201,6.998,6.453,6.093,5.849,5.940,6.606,6.935,7.582,8.147,8.538,8.243,9.643,10.896,11.499
Les Corts,Districte,No consta,11,14,15,14,17,42,42,26,27,30,21,14,10,14,10,5,9,9,10,8,12,13,11,13,13,6,17,15,13
les Corts,Barri,Espanya,45.113,45.678,45.569,45.375,44.863,44.539,43.719,42.853,42.195,42.005,41.656,41.639,41.347,41.232,41.184,41.186,41.057,40.986,41.256,41.192,41.000,40.780,40.607,40.268,39.474,39.313,38.799,38.627,38.614
les Corts,Barri,Resta de la Unió Europea,311,346,404,437,479,597,733,857,998,1.092,1.381,1.603,1.775,1.650,1.546,1.605,1.621,1.639,1.562,1.588,1.620,1.715,1.847,1.916,1.839,1.926,2.050,2.239,2.314
les Corts,Barri,Resta del món,451,561,627,746,1.113,1.582,2.332,2.761,3.208,3.591,2.920,3.680,4.491,4.432,4.365,4.026,3.541,3.360,3.177,3.190,3.477,3.649,4.136,4.536,4.619,4.416,5.106,5.861,6.117
les Corts,Barri,No consta,7,10,11,10,13,21,20,12,13,10,8,6,5,5,..,..,..,..,8,6,7,8,9,11,11,5,10,13,12
la Maternitat i Sant Ramon,Barri,Espanya,24.089,24.157,24.028,24.004,23.712,23.410,23.138,22.740,22.249,21.764,21.517,21.287,21.183,21.138,21.067,21.111,21.019,21.033,21.318,21.375,21.275,21.147,20.934,20.689,20.418,20.171,20.060,19.982,19.980
la Maternitat i Sant Ramon,Barri,Resta de la Unió Europea,131,149,160,175,182,251,349,405,446,496,663,704,763,738,637,647,661,642,668,663,702,748,832,911,840,919,977,1.041,1.147
la Maternitat i Sant Ramon,Barri,Resta del món,234,275,322,406,628,1.007,1.437,1.648,1.870,2.014,1.728,1.792,1.986,1.884,1.901,2.028,1.992,1.877,1.824,1.830,2.003,2.088,2.225,2.366,2.565,2.593,3.015,3.288,3.559
la Maternitat i Sant Ramon,Barri,No consta,..,..,..,..,..,13,14,..,..,..,..,..,..,..,..,-,..,..,-,-,-,..,..,..,..,..,7,..,..
Pedralbes,Barri,Espanya,10.395,10.596,10.525,10.539,10.415,10.491,10.339,10.189,10.075,9.860,9.773,9.713,9.705,9.799,9.808,9.857,9.890,9.843,9.965,10.013,9.999,9.908,9.812,9.702,9.607,9.635,9.723,9.771,9.826
Pedralbes,Barri,Resta de la Unió Europea,276,305,321,366,403,530,606,660,759,807,882,956,1.014,979,884,948,1.001,951,901,929,987,936,966,989,847,861,885,980,1.000
Pedralbes,Barri,Resta del món,231,282,315,381,457,575,750,856,921,1.013,838,857,909,884,935,944,920,856,848,920,1.126,1.198,1.221,1.245,1.354,1.234,1.522,1.747,1.823
Pedralbes,Barri,No consta,..,..,..,..,..,8,8,11,11,16,9,6,..,7,5,..,5,..,..,..,5,..,..,-,-,-,-,-,-
Sarrià-Sant Gervasi,Districte,Espanya,124.985,126.836,127.245,127.465,127.178,129.373,128.330,126.831,126.303,125.714,125.857,125.875,125.971,126.990,127.720,128.640,128.949,129.091,130.405,131.487,131.538,131.233,130.245,129.705,127.469,126.282,125.253,124.791,125.037
Sarrià-Sant Gervasi,Districte,Resta de la Unió Europea,1.865,2.068,2.207,2.307,2.562,3.298,3.895,4.492,5.099,5.617,6.660,7.350,7.703,7.397,6.707,6.921,7.335,7.563,7.504,7.699,8.181,8.339,9.189,9.517,8.765,9.338,9.792,10.385,11.006
Sarrià-Sant Gervasi,Districte,Resta del món,1.668,1.862,2.107,2.459,3.321,5.012,7.102,8.397,9.545,10.203,8.320,9.185,10.731,10.082,9.915,9.691,9.204,9.099,8.921,8.962,9.986,10.241,10.994,11.923,12.955,12.570,14.730,16.685,17.606
Sarrià-Sant Gervasi,Districte,No consta,..,..,5,10,14,75,78,29,30,40,45,51,26,16,13,17,27,20,18,24,29,24,18,12,12,11,29,29,24
"Vallvidrera, el Tibidabo i les Planes",Barri,Espanya,2.927,3.057,2.985,3.053,3.070,3.207,3.277,3.314,3.358,3.434,3.520,3.620,3.800,3.801,3.847,3.896,3.900,3.921,3.996,4.024,4.020,4.025,3.981,3.976,4.015,4.034,4.028,4.013,4.025
"Vallvidrera, el Tibidabo i les Planes",Barri,Resta de la Unió Europea,72,72,90,96,111,133,142,177,191,221,263,292,297,276,262,298,331,370,391,401,421,455,495,470,428,451,438,463,478
"Vallvidrera, el Tibidabo i les Planes",Barri,Resta del món,34,42,42,50,63,85,143,180,190,223,157,170,190,188,179,213,212,225,217,216,248,230,251,264,317,320,365,424,458
"Vallvidrera, el Tibidabo i les Planes",Barri,No consta,-,-,-,-,-,..,..,-,-,-,-,-,-,-,-,-,-,-,-,-,-,-,-,-,-,-,-,..,..
Sarrià,Barri,Espanya,20.015,20.454,20.611,20.612,20.494,20.828,20.832,20.695,20.715,20.546,20.504,20.607,20.686,20.969,21.225,21.419,21.498,21.567,21.767,21.873,21.925,21.770,21.520,21.515,21.002,20.904,20.818,20.736,20.758
Sarrià,Barri,Resta de la Unió Europea,320,384,445,476,541,659,775,920,1.024,1.081,1.278,1.414,1.512,1.466,1.367,1.476,1.620,1.638,1.609,1.639,1.694,1.732,1.882,1.941,1.737,1.822,1.837,1.941,2.037
Sarrià,Barri,Resta del món,224,276,360,467,591,897,1.223,1.439,1.633,1.698,1.333,1.347,1.414,1.323,1.323,1.381,1.384,1.322,1.260,1.291,1.477,1.605,1.728,1.783,2.027,1.901,2.196,2.433,2.484
Sarrià,Barri,No consta,-,-,-,..,..,22,21,8,7,5,..,..,..,5,5,..,8,..,..,7,10,9,7,..,..,5,7,..,..
les Tres Torres,Barri,Espanya,12.826,13.082,13.262,13.308,13.488,13.987,14.032,13.941,13.911,13.767,13.848,13.884,13.940,14.222,14.287,14.436,14.508,14.562,14.810,15.053,15.121,15.120,14.986,14.886,14.559,14.326,14.247,14.187,14.053
les Tres Torres,Barri,Resta de la Unió Europea,231,260,267,284,325,440,504,526,570,607,692,746,739,681,593,586,592,606,623,600,654,655,723,726,677,692,755,801,854
les Tres Torres,Barri,Resta del món,149,163,183,193,296,458,634,734,860,926,730,719,866,826,866,899,934,997,1.068,831,922,938,986,1.032,1.120,1.088,1.272,1.403,1.468
les Tres Torres,Barri,No consta,-,-,-,-,-,7,7,-,..,..,..,..,..,..,..,..,..,-,-,..,..,-,-,-,-,..,..,..,..
Sant Gervasi - la Bonanova,Barri,Espanya,21.184,21.564,21.657,21.802,21.779,22.085,21.896,21.760,21.704,21.521,21.554,21.573,21.561,22.043,22.197,22.419,22.465,22.588,22.794,23.026,22.907,22.931,22.802,22.637,22.284,22.077,21.933,22.010,22.013
Sant Gervasi - la Bonanova,Barri,Resta de la Unió Europea,318,346,364,386,400,485,548,613,687,725,874,1.019,1.118,1.106,1.045,1.045,1.105,1.108,1.027,1.048,1.135,1.108,1.294,1.339,1.283,1.345,1.465,1.552,1.606
Sant Gervasi - la Bonanova,Barri,Resta del món,234,231,253,308,447,685,1.025,1.164,1.337,1.441,1.174,1.802,2.603,2.555,2.397,1.961,1.559,1.576,1.541,1.682,1.862,1.850,2.012,2.269,2.417,2.270,2.734,3.186,3.210
Sant Gervasi - la Bonanova,Barri,No consta,..,..,-,-,..,6,6,..,..,7,5,5,-,-,-,..,..,..,6,5,5,-,-,-,-,-,..,..,7
Sant Gervasi - Galvany,Barri,Espanya,42.318,42.503,42.607,42.617,42.508,43.009,42.365,41.514,41.241,41.252,41.363,41.268,41.158,41.037,41.157,41.330,41.461,41.313,41.597,41.862,41.884,41.785,41.528,41.219,40.478,40.045,39.587,39.361,39.564
Sant Gervasi - Galvany,Barri,Resta de la Unió Europea,600,650,668,686,757,993,1.196,1.396,1.629,1.797,2.121,2.293,2.355,2.236,1.946,1.982,2.072,2.202,2.220,2.325,2.545,2.585,2.793,2.872,2.690,2.990,3.216,3.360,3.661
Sant Gervasi - Galvany,Barri,Resta del món,675,765,810,898,1.151,1.762,2.421,2.894,3.261,3.425,2.777,2.918,3.304,3.011,3.022,3.045,3.001,2.935,2.893,2.963,3.380,3.438,3.665,3.880,4.173,4.143,4.861,5.663,6.225
Sant Gervasi - Galvany,Barri,No consta,-,-,-,..,..,26,31,15,13,18,23,22,13,7,..,8,14,11,..,6,7,11,7,5,5,..,10,14,11
el Putxet i el Farró,Barri,Espanya,25.715,26.176,26.123,26.073,25.839,26.257,25.928,25.607,25.374,25.194,25.068,24.923,24.826,24.918,25.007,25.140,25.117,25.140,25.441,25.649,25.681,25.602,25.428,25.472,25.131,24.896,24.640,24.484,24.624
el Putxet i el Farró,Barri,Resta de la Unió Europea,324,356,373,379,428,588,730,860,998,1.186,1.432,1.586,1.682,1.632,1.494,1.534,1.615,1.639,1.634,1.686,1.732,1.804,2.002,2.169,1.950,2.038,2.081,2.268,2.370
el Putxet i el Farró,Barri,Resta del món,352,385,459,543,773,1.125,1.656,1.986,2.264,2.490,2.149,2.229,2.354,2.179,2.128,2.192,2.114,2.044,1.942,1.979,2.097,2.180,2.352,2.695,2.901,2.848,3.302,3.576,3.761
el Putxet i el Farró,Barri,No consta,..,..,5,5,..,13,12,..,6,9,13,19,9,..,..,..,..,..,7,..,5,..,..,..,..,..,7,7,..
Gràcia,Districte,Espanya,112.432,112.904,112.274,110.836,109.368,110.023,108.369,106.835,105.311,104.763,103.857,103.509,103.127,102.697,102.391,102.543,102.051,101.739,102.348,102.495,101.837,101.124,100.338,99.416,97.931,96.320,95.411,95.408,95.683
Gràcia,Districte,Resta de la Unió Europea,787,894,999,1.081,1.256,1.883,2.403,3.110,3.901,4.624,5.922,7.095,7.748,7.834,7.108,7.548,7.899,8.127,8.270,8.487,8.916,9.089,10.271,10.922,10.277,10.846,10.953,11.784,12.310
Gràcia,Districte,Resta del món,1.184,1.446,1.722,2.154,3.503,5.918,8.329,9.845,11.086,11.950,10.182,11.295,12.915,12.440,11.972,11.726,11.031,10.392,9.802,10.073,10.985,11.544,12.428,13.488,15.045,14.725,16.535,18.567,19.578
Gràcia,Districte,No consta,8,10,10,19,24,86,89,49,58,61,60,47,14,7,12,14,16,25,25,33,34,32,23,26,23,24,29,28,32
Vallcarca i els Penitents,Barri,Espanya,14.015,14.067,13.897,13.749,13.755,13.976,13.724,13.652,13.485,13.516,13.410,13.372,13.416,13.404,13.432,13.509,13.511,13.477,13.602,13.653,13.701,13.728,13.671,13.668,13.537,13.358,13.372,13.366,13.361
Vallcarca i els Penitents,Barri,Resta de la Unió Europea,149,155,160,170,188,258,311,399,470,555,670,754,813,776,716,747,760,766,809,820,860,893,983,1.082,1.028,1.056,1.059,1.133,1.226
Vallcarca i els Penitents,Barri,Resta del món,124,144,184,236,441,826,1.129,1.324,1.532,1.590,1.335,1.337,1.465,1.301,1.297,1.261,1.223,1.197,1.107,1.154,1.260,1.363,1.454,1.595,1.760,1.667,1.898,2.178,2.331
Vallcarca i els Penitents,Barri,No consta,-,-,-,-,..,8,9,6,6,8,7,6,..,-,..,..,..,..,..,..,-,..,..,..,-,..,..,..,..
el Coll,Barri,Espanya,6.557,6.560,6.570,6.511,6.459,6.487,6.438,6.443,6.353,6.298,6.275,6.342,6.256,6.221,6.221,6.197,6.149,6.167,6.321,6.373,6.363,6.353,6.303,6.235,6.214,6.162,6.179,6.184,6.207
el Coll,Barri,Resta de la Unió Europea,49,49,52,57,61,76,115,136,169,193,251,287,330,378,362,351,352,362,404,397,402,386,450,465,443,458,431,492,554
el Coll,Barri,Resta del món,52,64,69,98,157,288,463,562,615,710,574,670,706,628,705,742,726,672,626,621,663,721,765,917,1.031,991,1.130,1.267,1.330
el Coll,Barri,No consta,-,-,-,..,..,..,..,..,..,..,..,5,..,-,-,..,-,-,-,-,-,-,-,-,-,-,-,-,-
la Salut,Barri,Espanya,12.643,12.720,12.824,12.706,12.519,12.443,12.251,12.035,11.888,11.821,11.673,11.679,11.661,11.724,11.557,11.554,11.585,11.596,11.613,11.546,11.518,11.441,11.393,11.309,11.189,11.162,11.072,11.010,11.100
la Salut,Barri,Resta de la Unió Europea,97,110,113,115,140,182,216,288,347,394,529,601,633,637,598,622,682,688,729,676,697,742,852,891,837,843,915,974,1.051
la Salut,Barri,Resta del món,118,126,155,202,319,501,710,856,959,936,791,894,951,965,991,1.009,930,873,878,899,988,1.074,1.184,1.275,1.426,1.329,1.501,1.693,1.864
la Salut,Barri,No consta,-,-,-,-,-,8,8,..,5,8,8,8,..,-,..,..,..,..,-,..,..,..,..,..,..,..,..,..,..
la Vila de Gràcia,Barri,Espanya,45.991,46.040,45.641,44.958,44.165,44.579,43.890,43.076,42.515,42.153,41.931,41.741,41.579,41.251,41.186,41.282,40.937,40.864,40.998,40.982,40.481,39.922,39.452,38.891,38.104,37.324,36.891,36.907,37.036
la Vila de Gràcia,Barri,Resta de la Unió Europea,334,410,460,503,607,987,1.248,1.630,2.123,2.518,3.195,3.906,4.300,4.434,3.934,4.176,4.409,4.626,4.683,4.801,5.063,5.079,5.673,5.996,5.576,5.870,5.808,6.174,6.391
la Vila de Gràcia,Barri,Resta del món,620,776,882,1.058,1.621,2.738,3.801,4.515,5.101,5.517,4.793,5.622,6.747,6.623,6.060,5.637,5.278,4.935,4.746,4.871,5.324,5.404,5.662,6.022,6.760,6.646,7.335,7.977,8.385
la Vila de Gràcia,Barri,No consta,6,8,8,12,17,48,51,35,44,39,39,26,7,6,10,9,12,15,14,16,17,16,16,17,16,12,14,17,21
el Camp d'en Grassot i Gràcia Nova,Barri,Espanya,33.226,33.517,33.342,32.912,32.470,32.538,32.066,31.629,31.070,30.975,30.568,30.375,30.215,30.097,29.995,30.001,29.869,29.635,29.814,29.941,29.774,29.680,29.519,29.313,28.887,28.314,27.897,27.941,27.979
el Camp d'en Grassot i Gràcia Nova,Barri,Resta de la Unió Europea,158,170,214,236,260,380,513,657,792,964,1.277,1.547,1.672,1.609,1.498,1.652,1.696,1.685,1.645,1.793,1.894,1.989,2.313,2.488,2.393,2.619,2.740,3.011,3.088
el Camp d'en Grassot i Gràcia Nova,Barri,Resta del món,270,336,432,560,965,1.565,2.226,2.588,2.879,3.197,2.689,2.772,3.046,2.923,2.919,3.077,2.874,2.715,2.445,2.528,2.750,2.982,3.363,3.679,4.068,4.092,4.671,5.452,5.668
el Camp d'en Grassot i Gràcia Nova,Barri,No consta,..,..,..,..,..,19,18,..,..,..,..,..,..,..,-,..,..,6,9,13,13,12,..,..,..,8,11,8,8
Horta-Guinardó,Districte,Espanya,166.711,166.931,165.377,163.358,161.216,160.900,158.194,155.359,152.987,150.913,149.229,148.196,147.730,147.703,147.269,146.918,146.139,146.217,147.318,147.814,147.755,147.206,146.423,145.647,143.951,142.853,142.699,143.194,143.772
Horta-Guinardó,Districte,Resta de la Unió Europea,446,466,512,578,687,975,1.228,1.579,2.061,2.395,3.525,4.255,4.744,4.810,4.479,4.581,4.821,4.876,4.916,5.040,5.333,5.776,6.498,7.053,6.884,7.064,7.070,7.739,8.296
Horta-Guinardó,Districte,Resta del món,1.117,1.413,1.734,2.141,4.156,7.408,10.637,12.644,14.433,16.029,14.976,17.214,18.874,18.237,18.012,17.479,16.833,15.822,14.288,14.529,15.884,17.064,19.333,21.889,23.098,22.179,25.769,29.191,30.924
Horta-Guinardó,Districte,No consta,..,..,5,9,16,90,87,19,21,23,11,15,11,7,..,6,7,9,8,7,9,7,12,9,11,13,12,14,17
el Baix Guinardó,Barri,Espanya,24.711,24.701,24.509,24.143,23.825,23.811,23.365,22.929,22.625,22.620,22.542,22.436,22.312,22.332,22.358,22.325,22.123,22.162,22.226,22.246,22.249,22.101,22.023,21.925,21.386,21.018,20.851,20.886,20.855
el Baix Guinardó,Barri,Resta de la Unió Europea,88,89,96,115,139,194,255,335,468,528,756,869,957,950,875,886,907,962,1.032,1.065,1.115,1.200,1.312,1.377,1.362,1.494,1.509,1.681,1.763
el Baix Guinardó,Barri,Resta del món,228,315,373,498,874,1.433,1.872,2.212,2.384,2.703,2.439,2.690,2.840,2.734,2.766,2.694,2.616,2.410,2.214,2.251,2.369,2.490,2.652,2.876,3.091,3.075,3.357,3.709,3.912
el Baix Guinardó,Barri,No consta,-,-,-,5,9,17,20,..,5,6,..,..,..,..,..,..,..,..,..,..,..,..,..,..,..,..,..,..,6
Can Baró,Barri,Espanya,8.767,8.951,8.829,8.703,8.593,8.639,8.466,8.271,8.113,8.040,7.988,7.956,7.917,7.867,7.783,7.762,7.707,7.664,7.667,7.806,7.751,7.760,7.719,7.661,7.605,7.566,7.526,7.577,7.548
Can Baró,Barri,Resta de la Unió Europea,29,29,33,40,53,68,78,103,145,170,243,275,322,364,309,346,360,372,365,382,421,436,501,563,555,563,535,566,615
Can Baró,Barri,Resta del món,72,88,91,115,202,337,526,588,718,731,700,844,921,893,833,894,906,823,790,779,846,873,1.025,1.105,1.159,1.141,1.359,1.381,1.508
Can Baró,Barri,No consta,-,..,-,-,-,..,..,..,..,..,-,..,..,-,-,-,-,..,..,..,..,..,..,..,..,..,..,..,..
el Guinardó,Barri,Espanya,34.152,34.103,33.832,33.360,33.091,33.047,32.494,31.933,31.610,31.090,30.703,30.387,30.364,30.466,30.564,30.525,30.448,30.593,31.167,31.437,31.477,31.459,31.216,31.110,30.730,30.520,30.475,30.417,30.675
el Guinardó,Barri,Resta de la Unió Europea,127,136,148,160,193,268,349,433,546,622,856,996,1.112,1.163,1.070,1.109,1.193,1.176,1.200,1.270,1.364,1.531,1.746,1.875,1.800,1.853,1.872,2.037,2.197
el Guinardó,Barri,Resta del món,272,344,459,527,996,1.698,2.449,2.836,3.183,3.649,3.480,3.780,4.138,4.038,4.057,4.019,4.068,3.768,3.416,3.468,3.695,3.899,4.252,4.597,4.791,4.617,5.224,5.696,6.185
el Guinardó,Barri,No consta,..,..,..,..,..,16,14,..,5,9,5,6,6,..,..,..,..,..,..,..,..,..,..,..,..,..,..,..,..
la Font d'en Fargues,Barri,Espanya,9.761,9.801,9.773,9.705,9.625,9.579,9.499,9.388,9.319,9.104,9.139,9.124,9.059,8.968,8.934,8.929,8.906,8.875,8.887,8.918,8.849,8.821,8.814,8.725,8.652,8.700,8.785,8.792,8.781
la Font d'en Fargues,Barri,Resta de la Unió Europea,34,38,38,35,41,51,59,76,95,107,163,190,219,230,212,222,217,195,187,177,190,236,275,313,295,289,311,338,348
la Font d'en Fargues,Barri,Resta del món,15,20,32,44,81,144,203,251,296,359,297,349,387,382,375,409,376,367,325,307,351,389,417,506,558,538,613,707,823
la Font d'en Fargues,Barri,No consta,-,..,..,..,..,..,..,-,-,-,-,..,..,..,-,-,-,-,-,-,-,-,-,-,-,-,-,-,-
el Carmel,Barri,Espanya,33.580,33.596,33.046,32.404,31.780,31.511,30.800,30.062,29.346,28.808,28.222,27.792,27.789,27.732,27.603,27.522,27.394,27.348,27.538,27.381,27.244,27.060,26.790,26.469,26.248,25.984,25.842,25.870,25.939
el Carmel,Barri,Resta de la Unió Europea,45,48,64,76,83,117,143,175,238,282,510,645,737,734,711,721,761,776,767,790,830,889,1.019,1.149,1.136,1.121,1.110,1.193,1.263
el Carmel,Barri,Resta del món,196,216,261,323,677,1.450,2.139,2.664,3.091,3.519,3.546,3.826,4.089,3.871,3.770,3.743,3.642,3.531,3.142,3.205,3.508,3.883,4.366,4.894,5.340,5.013,5.557,5.971,6.488
el Carmel,Barri,No consta,-,-,-,-,..,19,19,7,..,..,-,..,-,-,-,-,-,-,..,..,..,-,-,-,-,..,..,..,..
la Teixonera,Barri,Espanya,11.221,11.232,11.192,11.162,11.041,11.107,10.850,10.686,10.525,10.307,10.209,10.160,10.019,9.996,10.032,10.001,9.940,9.938,9.993,9.912,10.054,10.003,9.906,9.786,9.837,9.770,9.743,9.818,9.772
la Teixonera,Barri,Resta de la Unió Europea,18,19,24,25,32,41,61,85,121,139,260,324,356,349,316,330,342,340,333,309,303,338,395,426,426,422,426,486,514
la Teixonera,Barri,Resta del món,97,128,161,180,405,680,1.040,1.255,1.436,1.480,1.279,1.454,1.530,1.482,1.440,1.438,1.376,1.155,1.033,1.059,1.276,1.308,1.486,1.714,1.780,1.725,1.917,2.128,2.319
la Teixonera,Barri,No consta,-,-,-,-,..,5,..,..,..,-,-,-,-,-,-,..,..,..,..,..,..,..,..,..,..,..,..,..,-
Sant Genís dels Agudells,Barri,Espanya,7.110,7.087,7.014,6.951,6.797,6.818,6.689,6.520,6.396,6.321,6.223,6.146,6.152,6.188,6.104,6.077,6.008,6.033,6.013,5.945,5.936,5.979,5.999,5.978,5.921,5.865,5.867,5.990,6.014
Sant Genís dels Agudells,Barri,Resta de la Unió Europea,31,28,27,30,38,60,72,81,94,115,146,170,195,175,154,146,167,163,148,158,179,194,203,231,240,233,237,275,292
Sant Genís dels Agudells,Barri,Resta del món,65,72,80,87,159,306,452,535,642,700,660,775,827,758,726,725,727,656,560,591,712,838,1.044,1.181,1.223,1.163,1.281,1.501,1.519
Sant Genís dels Agudells,Barri,No consta,-,-,-,-,-,..,..,-,-,-,..,..,-,-,-,-,..,..,-,..,..,-,-,-,..,..,-,-,..
Montbau,Barri,Espanya,5.251,5.239,5.128,5.034,4.951,4.987,4.903,4.812,4.751,4.697,4.608,4.647,4.673,4.714,4.633,4.570,4.535,4.497,4.525,4.553,4.520,4.456,4.420,4.367,4.287,4.197,4.225,4.226,4.191
Montbau,Barri,Resta de la Unió Europea,8,8,8,10,12,22,16,25,36,53,58,74,86,87,91,97,105,100,98,94,120,122,155,180,179,198,181,196,213
Montbau,Barri,Resta del món,22,27,37,56,132,242,420,472,497,520,445,461,465,448,489,468,469,448,418,406,468,521,551,625,648,619,768,864,939
Montbau,Barri,No consta,-,-,-,-,-,..,..,-,-,-,-,-,-,..,-,..,..,-,-,-,-,-,-,-,-,-,-,-,-
la Vall d'Hebron,Barri,Espanya,5.373,5.407,5.428,5.422,5.328,5.267,5.201,5.143,5.062,4.978,4.882,4.926,4.953,5.037,5.027,5.019,4.954,4.974,5.019,5.218,5.262,5.204,5.253,5.275,5.282,5.246,5.214,5.184,5.224
la Vall d'Hebron,Barri,Resta de la Unió Europea,19,24,19,20,23,36,39,54,74,90,124,150,147,154,146,146,139,139,137,153,160,155,166,169,170,177,166,164,190
la Vall d'Hebron,Barri,Resta del món,54,74,73,101,157,306,443,513,554,596,433,483,446,414,391,402,397,377,311,316,370,378,384,442,480,446,494,541,576
la Vall d'Hebron,Barri,No consta,-,-,-,-,-,..,..,-,-,-,-,-,-,-,-,-,-,-,-,-,-,-,-,-,-,-,-,-,-
la Clota,Barri,Espanya,443,450,453,446,434,420,416,414,421,414,387,386,370,365,359,347,338,416,452,513,546,575,591,600,590,576,597,730,892
la Clota,Barri,Resta de la Unió Europea,-,-,-,-,-,-,..,..,..,6,10,11,12,12,12,8,11,8,9,8,9,10,13,28,29,23,20,16,34
la Clota,Barri,Resta del món,..,11,14,13,20,33,46,47,52,66,60,58,82,76,93,97,90,97,81,69,56,72,82,81,79,70,82,95,145
Horta,Barri,Espanya,26.342,26.364,26.173,26.028,25.751,25.714,25.511,25.201,24.819,24.534,24.326,24.236,24.122,24.038,23.872,23.841,23.786,23.717,23.831,23.885,23.867,23.788,23.692,23.751,23.413,23.411,23.574,23.704,23.881
Horta,Barri,Resta de la Unió Europea,47,47,55,67,73,118,155,211,241,283,399,551,601,592,583,570,619,645,640,634,642,665,713,742,692,691,703,787,867
Horta,Barri,Resta del món,92,118,153,197,453,779,1.047,1.271,1.580,1.706,1.637,2.494,3.149,3.141,3.072,2.590,2.166,2.190,1.998,2.078,2.233,2.413,3.074,3.868,3.949,3.772,5.117,6.598,6.510
Horta,Barri,No consta,-,-,..,..,..,19,18,..,..,..,..,..,..,-,-,-,-,-,-,-,..,..,..,..,..,..,..,..,..
Nou Barris,Districte,Espanya,167.864,167.675,165.224,162.612,159.359,157.407,153.771,150.404,147.001,144.082,142.341,140.991,140.170,139.742,139.282,138.976,138.630,138.828,140.564,140.563,140.361,139.773,139.261,138.670,137.326,136.641,136.750,138.265,139.451
Nou Barris,Districte,Resta de la Unió Europea,259,276,289,321,343,489,637,779,1.009,1.173,2.171,2.788,2.964,2.866,2.771,2.790,2.762,2.852,2.776,2.795,2.949,3.128,3.518,3.718,3.628,3.632,3.676,3.921,4.263
Nou Barris,Districte,Resta del món,868,1.125,1.528,2.156,4.608,8.306,12.117,15.385,17.978,20.960,21.059,24.250,26.672,25.462,25.561,25.562,24.410,22.825,21.289,21.606,23.489,25.418,28.504,31.618,32.590,30.446,33.768,37.389,39.024
Nou Barris,Districte,No consta,6,..,6,6,6,59,62,20,21,22,17,17,10,10,7,6,7,9,8,7,6,8,7,6,8,17,21,15,17
Vilapicina i la Torre Llobeta,Barri,Espanya,24.674,24.677,24.664,24.443,24.234,24.239,23.857,23.408,23.078,22.773,22.567,22.496,22.366,22.296,22.060,22.158,22.126,22.145,22.361,22.365,22.254,22.141,21.972,21.902,21.659,21.610,21.438,21.499,21.537
Vilapicina i la Torre Llobeta,Barri,Resta de la Unió Europea,48,48,50,57,71,115,148,173,217,254,416,493,516,474,417,438,451,491,509,494,527,574,638,677,663,690,673,734,804
Vilapicina i la Torre Llobeta,Barri,Resta del món,143,205,246,333,690,1.316,1.856,2.175,2.418,2.695,2.575,2.767,3.042,2.864,2.942,2.922,2.970,2.693,2.572,2.661,2.835,2.957,3.282,3.502,3.551,3.364,3.805,4.057,4.203
Vilapicina i la Torre Llobeta,Barri,No consta,-,-,..,..,..,5,6,..,..,..,..,-,-,..,..,..,..,..,..,..,..,..,..,..,..,..,..,..,..
Porta,Barri,Espanya,23.953,23.897,23.731,23.400,22.971,22.784,22.240,21.642,21.192,20.827,20.875,20.778,20.667,20.644,20.692,20.715,20.585,20.702,21.045,21.243,21.292,21.287,21.204,21.131,20.834,20.778,21.069,21.505,21.565
Porta,Barri,Resta de la Unió Europea,45,57,58,72,66,78,104,127,173,202,287,432,482,442,446,400,397,430,379,426,460,510,615,635,636,636,661,696,713
Porta,Barri,Resta del món,162,187,219,300,759,1.199,1.443,1.779,1.936,2.277,2.341,3.175,4.183,4.080,3.947,3.698,3.369,3.201,2.873,2.896,3.292,3.770,4.736,6.046,6.325,5.979,7.245,9.125,9.081
Porta,Barri,No consta,-,-,-,-,..,12,15,7,7,9,5,5,..,..,..,..,..,..,..,..,..,..,..,..,..,..,..,..,..
el Turó de la Peira,Barri,Espanya,14.712,14.571,14.239,13.965,13.661,13.400,12.970,12.738,12.474,12.072,11.891,11.779,11.719,11.792,11.904,11.857,11.862,11.951,12.225,12.269,12.231,12.172,12.133,12.203,12.083,12.117,12.209,12.462,12.679
el Turó de la Peira,Barri,Resta de la Unió Europea,20,24,22,26,29,43,56,89,105,115,187,218,245,237,228,242,254,240,237,230,242,274,300,321,297,306,331,367,427
el Turó de la Peira,Barri,Resta del món,106,145,322,479,798,1.221,1.768,2.196,2.631,2.976,2.965,3.186,3.375,3.310,3.293,3.470,3.316,3.159,2.866,2.834,2.992,3.128,3.349,3.703,3.803,3.599,3.751,3.987,4.345
el Turó de la Peira,Barri,No consta,-,-,-,-,-,..,..,-,..,..,..,..,..,-,-,-,-,-,-,..,..,..,..,..,..,..,..,..,5
Can Peguera,Barri,Espanya,2.256,2.307,2.258,2.211,2.154,2.114,2.077,2.056,2.057,2.060,2.057,2.070,2.079,2.132,2.142,2.127,2.109,2.122,2.113,2.095,2.096,2.065,2.045,2.015,1.968,1.963,1.971,1.963,1.935
Can Peguera,Barri,Resta de la Unió Europea,-,-,-,-,-,-,-,-,..,..,14,12,16,20,23,22,19,25,32,27,27,24,26,26,25,29,21,28,31
Can Peguera,Barri,Resta del món,18,24,28,33,31,36,48,49,62,66,67,63,66,63,75,89,101,114,130,133,150,181,218,233,222,195,178,189,204
la Guineueta,Barri,Espanya,17.081,16.931,16.680,16.338,15.975,15.567,15.236,15.214,14.913,14.711,14.571,14.350,14.225,14.127,14.028,13.966,13.953,13.922,14.033,13.954,14.034,14.029,13.917,13.777,13.526,13.445,13.440,13.450,13.512
la Guineueta,Barri,Resta de la Unió Europea,19,24,25,28,27,35,61,74,99,110,191,218,227,244,223,220,226,218,217,237,249,250,273,290,267,267,263,286,296
la Guineueta,Barri,Resta del món,54,74,90,130,263,447,670,789,850,873,763,859,910,928,1.012,996,947,917,847,859,964,1.014,1.208,1.353,1.474,1.340,1.557,1.636,1.847
la Guineueta,Barri,No consta,..,..,..,..,..,..,..,..,..,..,..,..,-,-,-,-,-,-,-,-,-,-,-,-,-,..,5,..,..
Canyelles,Barri,Espanya,8.719,8.656,8.471,8.346,8.103,8.059,7.843,7.651,7.450,7.267,7.135,7.060,7.025,6.965,6.872,6.804,6.742,6.648,6.673,6.628,6.560,6.562,6.477,6.408,6.364,6.301,6.252,6.211,6.208
Canyelles,Barri,Resta de la Unió Europea,11,12,10,10,9,14,22,25,28,35,47,53,53,54,59,56,65,72,58,50,50,52,63,74,72,73,66,59,56
Canyelles,Barri,Resta del món,14,19,22,29,47,111,186,198,244,292,329,358,362,286,308,333,301,260,221,247,253,271,344,387,377,413,467,526,552
Canyelles,Barri,No consta,-,-,-,-,-,..,..,-,-,-,-,-,-,-,-,-,-,-,-,-,-,-,-,-,-,-,..,..,..
les Roquetes,Barri,Espanya,15.508,15.521,15.192,14.913,14.553,14.538,14.201,13.867,13.453,13.138,12.883,12.666,12.618,12.553,12.521,12.496,12.442,12.448,12.467,12.421,12.401,12.341,12.415,12.343,12.432,12.336,12.246,12.320,12.442
les Roquetes,Barri,Resta de la Unió Europea,21,22,22,24,21,32,50,62,83,93,308,393,413,439,422,392,386,409,383,392,404,379,413,433,422,387,405,436,453
les Roquetes,Barri,Resta del món,107,133,168,207,493,896,1.337,1.880,2.173,2.600,2.465,2.882,3.151,3.000,3.044,3.140,2.946,2.708,2.550,2.597,2.826,3.043,3.401,3.618,3.709,3.433,3.871,4.184,4.425
les Roquetes,Barri,No consta,-,-,-,-,-,9,8,-,-,-,..,..,-,-,-,-,-,-,-,-,-,..,-,-,-,-,..,..,..
Verdun,Barri,Espanya,12.795,12.688,12.489,12.212,11.805,11.556,11.266,10.979,10.719,10.457,10.320,10.301,10.185,10.188,10.178,10.202,10.101,9.960,10.161,10.104,10.059,9.991,9.830,9.826,9.768,9.678,9.686,9.908,10.086
Verdun,Barri,Resta de la Unió Europea,23,24,24,27,29,43,45,52,60,89,169,210,206,204,186,210,190,220,230,220,236,257,277,303,300,297,311,336,368
Verdun,Barri,Resta del món,101,124,136,180,454,830,1.075,1.288,1.409,1.625,1.610,1.893,2.002,1.919,1.938,2.035,2.045,1.939,1.834,1.937,2.073,2.197,2.471,2.669,2.797,2.583,2.777,2.950,3.057
Verdun,Barri,No consta,-,-,-,-,-,5,5,-,-,-,..,..,..,..,..,..,..,..,..,-,-,-,-,-,-,-,-,-,-
la Prosperitat,Barri,Espanya,27.757,27.729,27.055,26.571,26.110,25.761,25.202,24.525,23.941,23.563,23.156,22.822,22.697,22.575,22.530,22.430,22.373,22.440,22.595,22.656,22.540,22.350,22.398,22.275,22.015,21.777,21.673,21.870,21.998
la Prosperitat,Barri,Resta de la Unió Europea,32,28,33,31,33,58,76,84,131,136,292,398,447,385,347,379,406,368,355,357,379,422,475,518,515,508,531,582,692
la Prosperitat,Barri,Resta del món,110,142,188,268,632,1.335,1.899,2.286,2.650,3.066,3.043,3.412,3.674,3.613,3.677,3.653,3.527,3.274,3.021,3.169,3.495,3.799,3.982,4.233,4.337,4.059,4.457,4.838,5.230
la Prosperitat,Barri,No consta,-,-,-,-,-,14,15,7,5,5,..,..,..,..,..,..,..,..,..,..,..,..,-,-,..,..,..,..,..
la Trinitat Nova,Barri,Espanya,7.567,7.750,7.610,7.592,7.474,7.426,7.222,7.033,6.895,6.650,6.590,6.495,6.455,6.328,6.222,6.189,6.164,6.071,6.046,5.980,5.908,5.821,5.861,5.792,5.758,5.708,5.777,5.806,5.953
la Trinitat Nova,Barri,Resta de la Unió Europea,8,10,9,9,10,20,18,30,35,44,86,91,81,86,89,87,95,108,95,92,101,116,134,135,132,141,127,124,141
la Trinitat Nova,Barri,Resta del món,19,25,44,79,170,312,552,840,1.039,1.264,1.363,1.494,1.597,1.463,1.388,1.348,1.296,1.211,1.194,1.187,1.262,1.428,1.625,1.742,1.738,1.572,1.720,1.796,1.871
la Trinitat Nova,Barri,No consta,-,-,-,-,-,..,..,..,..,-,-,-,-,-,-,-,-,-,-,-,-,-,-,-,-,-,-,-,-
Torre Baró,Barri,Espanya,2.343,2.368,2.296,2.217,2.124,2.080,2.073,2.051,2.048,1.973,1.937,1.940,1.952,1.957,1.953,1.934,1.969,2.132,2.302,2.348,2.359,2.371,2.382,2.350,2.322,2.319,2.335,2.440,2.532
Torre Baró,Barri,Resta de la Unió Europea,11,11,14,13,15,14,13,10,10,12,23,31,24,23,27,28,28,42,49,57,65,72,82,70,77,82,80,83,89
Torre Baró,Barri,Resta del món,14,17,16,22,50,82,126,150,156,174,144,180,189,184,192,207,199,381,383,390,435,450,467,505,524,507,524,596,603
Torre Baró,Barri,No consta,-,-,-,-,-,..,..,-,-,-,-,-,-,-,-,-,-,-,-,-,-,-,-,-,-,-,-,-,-
Ciutat Meridiana,Barri,Espanya,9.787,9.796,9.740,9.603,9.391,9.100,8.731,8.364,7.882,7.497,7.224,7.069,6.998,7.005,6.992,6.931,7.047,7.136,7.373,7.304,7.419,7.429,7.431,7.456,7.436,7.422,7.483,7.644,7.821
Ciutat Meridiana,Barri,Resta de la Unió Europea,18,11,12,13,23,27,34,43,54,64,128,211,226,220,267,277,205,196,197,187,183,172,190,201,189,182,179,166,168
Ciutat Meridiana,Barri,Resta del món,18,28,47,92,208,483,1.123,1.708,2.345,2.936,3.297,3.857,4.006,3.634,3.627,3.537,3.242,2.842,2.669,2.564,2.767,3.021,3.243,3.434,3.527,3.204,3.195,3.280,3.362
Ciutat Meridiana,Barri,No consta,..,..,..,..,..,..,..,..,..,..,..,..,..,..,-,-,-,-,-,-,-,-,-,-,-,-,-,-,-
Vallbona,Barri,Espanya,712,784,799,801,804,783,853,876,899,1.094,1.135,1.165,1.184,1.180,1.188,1.167,1.157,1.151,1.170,1.196,1.208,1.214,1.196,1.192,1.161,1.187,1.171,1.187,1.183
Vallbona,Barri,Resta de la Unió Europea,..,5,10,11,10,10,10,10,13,17,23,28,28,38,37,39,40,33,35,26,26,26,32,35,33,34,28,24,25
Vallbona,Barri,Resta del món,..,..,..,..,13,38,34,47,65,116,97,124,115,118,118,134,151,126,129,132,145,159,178,193,206,198,221,225,244
Vallbona,Barri,No consta,..,-,-,-,-,-,-,-,-,-,-,-,-,-,-,-,-,-,-,-,-,..,..,..,..,..,..,..,-
Sant Andreu (Districte),-,Espanya,133.319,133.977,133.470,132.555,131.544,132.100,131.008,130.168,129.268,128.256,127.293,126.826,126.665,126.580,127.238,127.593,127.865,128.268,129.774,130.115,130.030,129.885,129.474,128.941,127.910,127.106,126.730,127.155,127.499
Sant Andreu (Districte),-,Resta de la Unió Europea,215,244,268,303,385,539,736,897,1.150,1.353,2.088,2.571,2.810,2.871,2.773,2.769,2.884,2.839,2.886,2.991,3.217,3.399,3.988,4.261,4.087,4.186,4.200,4.722,5.255
Sant Andreu (Districte),-,Resta del món,1.016,1.202,1.491,1.945,3.619,6.169,9.086,10.885,12.777,14.526,14.029,16.294,17.908,17.520,17.328,17.025,16.194,14.885,13.845,13.689,14.532,15.359,16.876,18.852,19.529,18.522,20.858,23.580,24.901
Sant Andreu (Districte),-,No consta,6,8,8,11,10,61,59,24,22,22,19,22,21,17,14,10,6,6,7,5,10,10,15,9,11,12,11,13,19
la Trinitat Vella,Barri,Espanya,7.632,7.708,7.716,7.683,7.565,7.599,7.472,7.257,7.055,6.963,6.893,6.845,6.859,6.790,6.812,6.900,6.998,7.135,7.255,7.254,7.205,7.154,7.131,7.105,7.126,7.197,7.226,7.394,7.625
la Trinitat Vella,Barri,Resta de la Unió Europea,..,..,..,..,8,10,26,35,53,76,143,235,219,211,234,239,252,240,240,245,255,232,301,310,319,325,291,316,352
la Trinitat Vella,Barri,Resta del món,168,192,261,337,550,881,1.393,1.723,2.189,2.731,2.776,3.194,3.369,3.274,3.357,3.258,3.184,2.872,2.573,2.549,2.546,2.685,2.905,3.072,3.068,2.836,2.769,2.950,3.183
la Trinitat Vella,Barri,No consta,-,-,-,-,-,..,..,-,-,-,-,-,-,-,-,-,-,-,-,-,-,-,-,-,-,-,-,..,-
Baró de Viver,Barri,Espanya,2.291,2.345,2.342,2.351,2.354,2.363,2.334,2.301,2.300,2.302,2.287,2.279,2.278,2.222,2.244,2.227,2.210,2.226,2.226,2.249,2.247,2.211,2.233,2.233,2.226,2.207,2.191,2.188,2.182
Baró de Viver,Barri,Resta de la Unió Europea,-,..,..,..,..,..,6,..,5,11,13,19,17,16,18,23,25,28,32,35,35,39,44,44,43,47,41,41,55
Baró de Viver,Barri,Resta del món,5,8,12,16,18,26,41,60,77,108,117,160,157,154,149,161,181,225,224,227,257,285,327,348,384,349,350,383,441
Baró de Viver,Barri,No consta,-,-,-,-,-,..,..,-,-,-,-,-,-,-,-,-,-,-,-,-,-,-,-,-,-,-,-,-,-
el Bon Pastor,Barri,Espanya,10.023,10.088,9.966,9.764,9.736,9.692,9.930,10.496,10.591,10.604,10.544,10.541,10.590,10.639,10.645,10.733,10.844,10.883,10.972,10.987,10.924,10.865,10.831,10.796,10.707,10.627,10.632,10.870,10.985
el Bon Pastor,Barri,Resta de la Unió Europea,10,9,8,11,15,18,21,38,63,70,141,215,274,296,308,288,312,308,237,248,237,250,284,289,282,286,280,338,329
el Bon Pastor,Barri,Resta del món,27,33,51,72,142,320,642,855,1.078,1.367,1.487,2.333,2.965,2.874,2.668,2.176,1.657,1.485,1.350,1.358,1.421,1.625,2.011,2.567,2.741,2.640,3.522,4.589,4.603
el Bon Pastor,Barri,No consta,-,-,-,-,-,..,..,-,-,-,-,-,-,-,-,..,-,-,..,..,-,-,-,-,-,-,-,..,..
Sant Andreu (Barri),-,Espanya,51.342,51.634,51.581,51.421,51.300,51.981,51.735,51.644,51.462,51.253,51.158,50.970,51.018,51.053,51.527,51.774,52.004,52.108,52.539,52.766,52.833,53.073,52.995,52.860,52.401,51.951,51.747,51.729,51.665
Sant Andreu (Barri),-,Resta de la Unió Europea,80,98,101,118,154,236,292,368,470,497,754,835,895,881,835,821,843,800,831,841,924,985,1.149,1.257,1.206,1.205,1.217,1.355,1.477
Sant Andreu (Barri),-,Resta del món,272,334,365,473,863,1.577,2.378,2.900,3.474,3.767,3.536,3.780,3.970,3.898,3.710,3.686,3.653,3.355,3.121,3.087,3.465,3.603,3.815,4.389,4.613,4.445,4.936,5.564,5.842
Sant Andreu (Barri),-,No consta,..,..,..,..,..,17,16,5,8,7,..,..,9,6,..,..,-,-,-,..,..,..,..,..,5,..,..,..,..
la Sagrera,Barri,Espanya,27.648,27.604,27.380,27.171,26.901,26.846,26.595,26.192,25.974,25.624,25.245,25.222,25.190,25.096,25.240,25.127,25.062,25.067,25.423,25.436,25.532,25.451,25.261,25.038,24.932,24.763,24.585,24.563,24.535
la Sagrera,Barri,Resta de la Unió Europea,46,51,60,65,79,106,150,173,209,276,416,504,558,545,501,534,553,545,612,652,694,758,853,891,862,907,983,1.102,1.212
la Sagrera,Barri,Resta del món,310,329,409,556,967,1.512,2.081,2.429,2.647,2.928,2.685,2.979,3.193,3.238,3.378,3.439,3.309,3.059,2.864,2.715,2.899,3.079,3.369,3.676,3.771,3.768,4.336,4.724,5.213
la Sagrera,Barri,No consta,..,..,..,..,..,15,14,..,..,..,..,..,..,..,..,-,-,-,-,..,..,..,6,..,..,..,..,..,5
el Congrés i els Indians,Barri,Espanya,13.612,13.610,13.419,13.305,13.076,13.020,12.823,12.645,12.556,12.428,12.337,12.214,12.116,12.066,12.065,12.088,12.071,12.078,12.280,12.290,12.272,12.250,12.304,12.287,12.113,12.091,12.148,12.190,12.319
el Congrés i els Indians,Barri,Resta de la Unió Europea,29,34,35,36,43,57,82,96,125,153,269,331,351,385,384,365,350,346,334,351,407,416,485,538,517,532,507,584,649
el Congrés i els Indians,Barri,Resta del món,77,100,118,141,261,432,759,962,1.149,1.324,1.244,1.449,1.593,1.501,1.547,1.653,1.607,1.499,1.432,1.410,1.459,1.527,1.766,1.901,1.919,1.694,1.966,2.169,2.203
el Congrés i els Indians,Barri,No consta,-,-,-,-,..,5,6,..,..,-,-,..,..,..,..,..,-,-,-,-,..,..,..,-,-,..,..,..,..
Navas,Barri,Espanya,20.771,20.988,21.066,20.860,20.612,20.599,20.119,19.633,19.330,19.082,18.829,18.755,18.614,18.714,18.705,18.744,18.676,18.771,19.079,19.133,19.017,18.881,18.719,18.622,18.405,18.270,18.201,18.221,18.188
Navas,Barri,Resta de la Unió Europea,47,48,61,68,85,109,159,183,225,270,352,432,496,537,493,499,549,572,600,619,665,719,872,932,858,884,881,986,1.181
Navas,Barri,Resta del món,157,206,275,350,818,1.421,1.792,1.956,2.163,2.301,2.184,2.399,2.661,2.581,2.519,2.652,2.603,2.390,2.281,2.343,2.485,2.555,2.683,2.899,3.033,2.790,2.979,3.201,3.416
Navas,Barri,No consta,..,..,5,8,6,18,19,13,9,14,15,15,9,7,8,6,6,6,6,..,..,..,5,..,..,..,..,..,5
Sant Martí,Districte,Espanya,201.442,203.057,202.304,200.933,199.703,201.192,200.149,197.625,196.219,194.669,193.953,193.233,193.494,194.115,195.043,195.818,195.966,196.425,198.440,198.189,196.983,195.755,194.421,192.319,190.298,188.671,187.072,186.838,186.906
Sant Martí,Districte,Resta de la Unió Europea,540,609,731,832,1.000,1.493,2.000,2.679,3.451,4.357,6.299,7.928,8.811,9.287,8.930,9.462,10.186,10.538,10.803,11.088,12.006,12.748,14.397,15.432,14.847,15.702,16.106,17.417,18.567
Sant Martí,Districte,Resta del món,1.721,2.152,2.720,3.354,5.895,10.385,15.457,18.480,21.742,24.339,22.667,25.147,27.558,26.809,27.094,27.436,26.867,25.686,24.397,24.870,27.025,28.470,31.120,33.787,35.992,35.055,39.535,44.914,47.631
Sant Martí,Districte,No consta,9,18,19,33,44,117,114,63,80,84,84,81,31,9,11,22,16,16,20,23,25,26,27,40,44,37,39,37,35
el Camp de l'Arpa del Clot,Barri,Espanya,35.971,36.205,35.935,35.428,34.926,35.304,34.612,33.823,33.264,33.087,32.913,32.680,32.495,32.322,32.148,32.198,31.989,31.977,32.406,32.284,31.920,31.613,31.461,31.019,30.473,30.104,29.706,29.710,29.790
el Camp de l'Arpa del Clot,Barri,Resta de la Unió Europea,115,129,176,159,195,298,378,468,582,756,1.070,1.289,1.407,1.404,1.254,1.297,1.383,1.470,1.587,1.664,1.832,2.027,2.337,2.521,2.451,2.568,2.634,2.841,3.101
el Camp de l'Arpa del Clot,Barri,Resta del món,446,548,690,785,1.463,2.510,3.540,3.976,4.630,5.042,4.588,4.801,4.930,4.622,4.548,4.670,4.603,4.348,4.172,4.179,4.489,4.682,5.110,5.587,5.905,5.528,5.998,6.503,6.907
el Camp de l'Arpa del Clot,Barri,No consta,..,..,..,9,9,13,12,5,10,13,15,16,7,..,..,..,..,..,..,..,6,5,..,9,9,7,5,6,6
el Clot,Barri,Espanya,22.679,22.907,23.176,23.563,23.873,24.410,24.261,23.956,23.858,23.618,23.550,23.506,23.555,23.543,23.499,23.397,23.291,23.285,23.363,23.287,23.176,22.953,22.798,22.392,22.049,21.673,21.573,21.416,21.342
el Clot,Barri,Resta de la Unió Europea,68,76,95,118,144,194,249,313,365,433,624,801,896,943,872,909,950,1.001,1.021,1.046,1.153,1.240,1.363,1.510,1.496,1.599,1.639,1.816,1.902
el Clot,Barri,Resta del món,225,287,391,518,848,1.530,2.104,2.329,2.618,2.817,2.572,2.768,3.091,3.009,2.987,3.004,2.934,2.746,2.544,2.592,2.758,2.854,3.019,3.177,3.211,3.105,3.255,3.533,3.858
el Clot,Barri,No consta,-,-,-,-,..,16,13,..,-,..,..,..,..,..,..,5,..,..,..,..,..,..,..,..,..,..,..,..,..
el Parc i la Llacuna del Poblenou,Barri,Espanya,12.058,12.057,12.004,11.930,11.652,11.511,11.402,11.239,11.053,11.032,11.020,10.882,10.885,10.898,11.060,11.294,11.523,11.688,11.808,11.856,11.905,12.002,12.055,12.101,12.028,11.954,11.959,12.079,12.209
el Parc i la Llacuna del Poblenou,Barri,Resta de la Unió Europea,54,61,72,86,94,149,221,270,323,438,603,730,859,966,942,1.026,1.142,1.182,1.178,1.212,1.308,1.377,1.560,1.664,1.531,1.675,1.827,1.929,2.014
el Parc i la Llacuna del Poblenou,Barri,Resta del món,222,272,316,399,707,1.091,1.515,1.695,1.803,1.858,1.548,1.491,1.647,1.605,1.728,1.714,1.686,1.742,1.721,1.784,1.981,2.039,2.090,2.170,2.347,2.330,2.624,3.029,3.378
el Parc i la Llacuna del Poblenou,Barri,No consta,-,..,..,5,9,20,21,15,15,13,19,20,9,..,..,..,5,5,6,7,8,7,8,8,8,..,..,..,..
la Vila Olímpica del Poblenou,Barri,Espanya,5.772,6.157,6.406,6.676,6.807,6.960,6.967,6.959,7.200,7.302,7.398,7.500,7.547,7.651,7.698,7.664,7.764,7.773,7.826,7.871,7.846,7.747,7.647,7.568,7.476,7.395,7.253,7.181,7.086
la Vila Olímpica del Poblenou,Barri,Resta de la Unió Europea,105,116,141,183,222,317,360,451,557,596,697,824,896,932,893,939,960,997,934,909,898,929,1.004,1.078,1.030,1.097,1.087,1.118,1.187
la Vila Olímpica del Poblenou,Barri,Resta del món,118,142,167,179,246,361,491,589,706,734,585,611,667,665,649,633,596,597,571,565,659,635,696,738,886,881,995,1.063,1.070
la Vila Olímpica del Poblenou,Barri,No consta,7,7,7,13,14,19,24,23,29,25,21,26,7,-,-,-,-,-,-,..,..,..,..,..,..,..,..,..,..
el Poblenou,Barri,Espanya,23.572,23.835,23.799,23.646,23.686,24.301,24.990,25.076,25.450,25.519,25.732,25.942,26.063,26.308,26.943,27.061,27.223,27.425,27.881,27.996,27.937,27.827,27.393,27.175,26.855,26.420,26.090,25.779,25.577
el Poblenou,Barri,Resta de la Unió Europea,52,67,78,96,117,203,319,476,637,863,1.192,1.499,1.693,1.827,1.815,2.028,2.244,2.349,2.553,2.664,2.858,2.968,3.347,3.658,3.487,3.685,3.725,4.005,4.267
el Poblenou,Barri,Resta del món,209,232,354,451,844,1.469,2.122,2.538,2.936,3.195,2.924,3.110,3.368,3.249,3.307,3.421,3.411,3.242,3.000,2.959,3.134,3.187,3.425,3.598,4.066,3.994,4.330,4.775,4.968
el Poblenou,Barri,No consta,-,..,..,..,5,15,13,..,..,..,..,..,..,-,-,..,..,..,..,..,..,..,5,5,..,..,6,..,6
Diagonal Mar i el Front Marítim del Poblenou,Barri,Espanya,4.113,4.120,4.069,4.208,4.879,5.958,6.793,7.476,7.937,8.114,8.399,8.539,8.998,9.469,10.137,10.495,10.706,10.944,11.131,11.163,11.150,11.017,10.919,10.745,10.601,10.477,10.316,10.240,10.225
Diagonal Mar i el Front Marítim del Poblenou,Barri,Resta de la Unió Europea,6,10,10,11,22,52,106,194,302,396,516,638,744,845,853,906,1.020,1.085,1.088,1.054,1.125,1.100,1.190,1.214,1.186,1.269,1.242,1.254,1.330
Diagonal Mar i el Front Marítim del Poblenou,Barri,Resta del món,30,33,38,48,62,175,344,459,624,768,722,785,949,950,1.012,1.113,1.202,1.137,1.153,1.197,1.393,1.526,1.516,1.565,1.747,1.643,1.893,1.998,2.133
Diagonal Mar i el Front Marítim del Poblenou,Barri,No consta,-,-,-,-,-,-,-,..,..,6,..,..,-,-,..,..,-,..,..,..,..,..,-,..,..,..,..,..,..
el Besòs i el Maresme,Barri,Espanya,21.402,21.451,21.256,20.954,20.535,20.264,19.726,19.183,18.681,18.212,17.640,17.427,17.350,17.290,17.313,17.269,17.117,17.048,17.336,17.214,17.068,17.073,17.002,16.742,16.820,16.979,17.111,17.484,17.670
el Besòs i el Maresme,Barri,Resta de la Unió Europea,27,29,29,29,34,41,58,88,124,163,403,597,637,597,606,596,640,627,592,583,687,797,965,1.042,977,1.024,1.032,1.193,1.221
el Besòs i el Maresme,Barri,Resta del món,111,138,162,224,465,953,1.834,2.531,3.252,4.016,3.981,5.293,6.029,5.908,6.055,5.851,5.385,5.165,4.916,4.985,5.308,5.848,6.878,7.917,8.315,8.342,9.742,11.801,11.827
el Besòs i el Maresme,Barri,No consta,-,-,-,-,..,6,5,..,10,12,9,..,..,..,..,..,..,-,-,..,-,..,..,..,..,..,7,7,6
Provençals del Poblenou,Barri,Espanya,16.700,16.976,16.841,16.792,16.678,16.610,16.468,16.316,16.266,16.263,16.530,16.615,16.794,16.974,16.955,17.218,17.345,17.480,17.654,17.692,17.623,17.570,17.676,17.615,17.406,17.380,17.163,17.090,17.124
Provençals del Poblenou,Barri,Resta de la Unió Europea,36,40,36,38,43,67,97,126,180,253,437,551,625,696,682,710,748,748,752,822,907,1.004,1.166,1.238,1.185,1.225,1.278,1.360,1.450
Provençals del Poblenou,Barri,Resta del món,132,191,240,276,409,779,1.112,1.253,1.532,1.670,1.642,1.689,1.885,1.924,1.914,1.948,1.975,1.870,1.756,1.867,1.989,2.054,2.273,2.463,2.588,2.480,2.829,3.060,3.326
Provençals del Poblenou,Barri,No consta,-,-,-,-,-,10,8,5,5,..,..,..,-,-,-,..,-,-,..,-,-,-,..,..,6,7,..,..,..
Sant Martí de Provençals,Barri,Espanya,27.204,27.434,27.336,26.881,26.487,26.132,25.695,25.218,24.710,24.183,23.815,23.522,23.413,23.355,23.248,23.213,23.088,23.074,23.267,23.182,22.943,22.794,22.567,22.343,22.206,21.898,21.702,21.602,21.565
Sant Martí de Provençals,Barri,Resta de la Unió Europea,40,46,49,60,71,107,134,171,221,281,432,546,573,569,549,541,571,590,598,609,669,690,792,794,801,824,897,993,1.099
Sant Martí de Provençals,Barri,Resta del món,114,162,190,241,414,725,1.094,1.374,1.649,1.968,1.870,2.104,2.301,2.230,2.357,2.371,2.341,2.252,2.106,2.239,2.575,2.608,2.807,3.028,3.219,3.126,3.565,3.974,4.307
Sant Martí de Provençals,Barri,No consta,-,..,..,..,..,6,7,6,..,..,..,..,-,-,-,..,..,..,-,..,-,-,..,..,..,..,5,6,5
la Verneda i la Pau,Barri,Espanya,31.971,31.915,31.482,30.855,30.180,29.742,29.235,28.379,27.800,27.339,26.956,26.620,26.394,26.305,26.042,26.009,25.920,25.731,25.768,25.644,25.415,25.159,24.903,24.619,24.384,24.391,24.199,24.257,24.318
la Verneda i la Pau,Barri,Resta de la Unió Europea,37,35,45,52,58,65,78,122,160,178,325,453,481,508,464,510,528,489,500,525,569,616,673,713,703,736,745,908,996
la Verneda i la Pau,Barri,Resta del món,114,147,172,233,437,792,1.301,1.736,1.992,2.271,2.235,2.495,2.691,2.647,2.537,2.711,2.734,2.587,2.458,2.503,2.739,3.037,3.306,3.544,3.708,3.626,4.304,5.178,5.857
la Verneda i la Pau,Barri,No consta,-,..,..,..,..,12,11,..,..,..,..,..,..,-,-,-,-,..,..,..,..,..,..,..,..,..,..,..,..