Territori,Tipus de territori,2000,2001,2002,2003,2004,2005,2006,2007,2008,2009,2010,2011,2012,2013,2014,2015,2016,2017,2018,2019,2020,2021,2022,2023,2024,2025
Barcelona,Municipi,"70,6","70,8","70,8","71,1","71,6","71,2","70,8","70,6","71,1","70,6","70,0","70,3","70,9","70,7","72,2","70,7","70,2","70,1","72,1","73,3","72,9","73,0","73,2","73,7","74,0","71,5"
Ciutat Vella,Districte,"64,6","63,9","64,6","67,2","68,4","64,2","65,1","65,2","66,4","66,2","64,0","62,7","61,9","61,2","63,3","61,1","60,3","60,6","68,8","69,7","68,8","69,6","70,1","70,4","69,5","61,7"
el Raval,Barri,-,-,-,-,-,-,-,-,-,-,-,-,-,-,"60,8","61,1","59,5","59,2","63,2","64,3","63,5","63,5","65,0","64,8","65,3","60,6"
el Barri Gòtic,Barri,-,-,-,-,-,-,-,-,-,-,-,-,-,-,"81,6","79,5","76,5","77,6","81,2","83,2","82,3","83,4","81,4","85,5","80,9","79,3"
la Barceloneta,Barri,-,-,-,-,-,-,-,-,-,-,-,-,-,-,"39,7","38,2","38,7","40,1","58,8","55,3","52,6","56,3","56,1","57,9","55,3","40,6"
"Sant Pere, Santa Caterina i la Ribera",Barri,-,-,-,-,-,-,-,-,-,-,-,-,-,-,"69,7","64,5","65,2","66,1","71,2","72,3","71,4","71,9","72,6","72,0","73,0","64,5"
Eixample,Districte,"79,4","80,1","81,1","79,7","80,6","79,6","80,7","79,4","79,2","79,4","78,5","78,5","79,8","79,9","81,3","79,2","79,2","79,1","79,7","80,8","80,1","80,0","80,5","81,5","81,6","80,6"
el Fort Pienc,Barri,-,-,-,-,-,-,-,-,-,-,-,-,-,-,"78,1","74,3","74,9","74,0","76,1","76,4","75,8","75,6","76,7","77,2","77,2","78,4"
la Sagrada Família,Barri,-,-,-,-,-,-,-,-,-,-,-,-,-,-,"68,4","67,7","67,2","68,9","69,0","68,7","68,7","69,2","69,3","70,2","70,8","68,5"
la Dreta de l'Eixample,Barri,-,-,-,-,-,-,-,-,-,-,-,-,-,-,"104,7","98,1","98,4","98,1","98,8","99,3","98,9","98,6","100,3","102,6","101,8","99,7"
l'Antiga Esquerra de l'Eixample,Barri,-,-,-,-,-,-,-,-,-,-,-,-,-,-,"86,8","86,7","84,5","83,9","84,4","86,6","86,4","84,7","84,6","86,1","86,6","87,5"
la Nova Esquerra de l'Eixample,Barri,-,-,-,-,-,-,-,-,-,-,-,-,-,-,"74,4","73,6","73,9","73,8","74,0","76,4","75,2","74,9","74,9","74,1","76,3","72,7"
Sant Antoni,Barri,-,-,-,-,-,-,-,-,-,-,-,-,-,-,"76,8","74,4","75,0","74,4","75,5","76,6","73,7","76,6","77,0","76,2","74,4","73,6"
Sants-Montjuïc,Districte,"59,6","59,4","61,3","60,9","60,7","61,9","62,7","62,5","62,6","62,5","62,0","62,7","62,9","62,8","64,4","62,5","62,4","63,2","64,4","64,7","64,6","64,4","65,0","65,4","65,0","63,7"
el Poble Sec - AEI Parc Montjuïc,Barri,-,-,-,-,-,-,-,-,-,-,-,-,-,-,"60,3","58,5","57,6","58,4","60,2","60,2","60,1","59,6","60,1","61,2","60,8","59,1"
la Marina del Prat Vermell - AEI Zona Franca,Barri,-,-,-,-,-,-,-,-,-,-,-,-,-,-,"85,8","63,2","72,7","93,3","89,3","53,0","64,0","80,7","96,0","56,0","69,4","82,8"
la Marina de Port,Barri,-,-,-,-,-,-,-,-,-,-,-,-,-,-,"69,2","67,7","65,9","70,0","71,3","71,8","71,6","70,6","68,0","71,1","71,1","68,8"
la Font de la Guatlla,Barri,-,-,-,-,-,-,-,-,-,-,-,-,-,-,"65,3","66,9","66,1","66,1","68,5","68,5","67,0","67,3","68,1","68,4","67,3","69,4"
Hostafrancs,Barri,-,-,-,-,-,-,-,-,-,-,-,-,-,-,"62,9","61,0","62,3","62,2","62,0","63,7","64,5","63,5","64,7","64,1","64,8","61,6"
la Bordeta,Barri,-,-,-,-,-,-,-,-,-,-,-,-,-,-,"69,6","68,3","65,7","69,1","67,6","68,7","68,3","70,2","69,9","66,0","66,1","66,1"
Sants - Badal,Barri,-,-,-,-,-,-,-,-,-,-,-,-,-,-,"63,0","61,5","62,6","60,9","62,8","63,0","62,9","62,4","62,4","65,1","62,3","61,6"
Sants,Barri,-,-,-,-,-,-,-,-,-,-,-,-,-,-,"66,0","63,4","64,4","64,3","66,2","66,7","66,1","66,2","67,4","66,9","66,3","64,6"
Les Corts,Districte,"76,2","73,3","74,0","73,5","75,4","76,3","75,1","74,2","77,5","76,3","77,1","77,1","78,3","78,1","81,1","79,9","78,8","77,2","78,1","81,1","79,3","79,1","81,3","80,9","81,1","78,1"
les Corts,Barri,-,-,-,-,-,-,-,-,-,-,-,-,-,-,"76,1","76,8","76,1","73,2","73,8","77,0","75,1","76,4","77,3","75,8","77,2","75,1"
la Maternitat i Sant Ramon,Barri,-,-,-,-,-,-,-,-,-,-,-,-,-,-,"76,2","71,3","71,0","73,0","74,3","74,7","73,2","73,7","75,1","78,2","74,9","73,8"
Pedralbes,Barri,-,-,-,-,-,-,-,-,-,-,-,-,-,-,"118,9","119,8","117,6","116,1","115,8","120,1","117,5","116,0","120,9","115,0","115,4","105,1"
Sarrià-Sant Gervasi,Districte,"88,2","84,4","85,8","87,3","88,5","88,3","86,9","87,2","89,0","86,3","84,9","86,3","89,6","87,6","90,6","88,3","86,6","87,0","87,9","89,9","90,9","89,8","90,4","91,9","94,6","90,1"
"Vallvidrera, el Tibidabo i les Planes",Barri,-,-,-,-,-,-,-,-,-,-,-,-,-,-,"112,4","78,5","74,7","80,7","77,3","82,4","96,0","79,0","73,2","83,4","84,0","109,2"
Sarrià,Barri,-,-,-,-,-,-,-,-,-,-,-,-,-,-,"83,2","82,3","79,4","82,6","83,0","84,6","84,1","86,2","81,5","82,2","84,7","84,6"
les Tres Torres,Barri,-,-,-,-,-,-,-,-,-,-,-,-,-,-,"106,2","104,4","101,1","106,5","101,4","104,9","110,3","103,1","106,0","107,3","113,6","110,4"
Sant Gervasi - la Bonanova,Barri,-,-,-,-,-,-,-,-,-,-,-,-,-,-,"91,4","89,2","83,6","87,0","87,6","87,6","93,0","86,6","92,5","92,4","100,1","93,2"
Sant Gervasi - Galvany,Barri,-,-,-,-,-,-,-,-,-,-,-,-,-,-,"99,9","100,4","99,6","98,6","98,3","99,4","98,1","101,2","101,6","101,3","102,2","98,7"
el Putxet i el Farró,Barri,-,-,-,-,-,-,-,-,-,-,-,-,-,-,"76,5","71,0","71,0","69,6","72,9","77,6","76,1","75,6","74,3","78,3","80,1","71,5"
Gràcia,Districte,"64,1","65,5","64,3","65,0","64,7","66,1","64,7","64,6","65,5","65,0","63,8","66,1","66,6","65,9","68,0","66,0","65,9","65,4","68,1","69,2","69,7","68,1","69,0","70,0","69,2","65,9"
Vallcarca i els Penitents,Barri,-,-,-,-,-,-,-,-,-,-,-,-,-,-,"69,7","68,5","67,5","68,8","71,6","73,1","73,5","71,2","72,2","71,6","70,8","67,4"
el Coll,Barri,-,-,-,-,-,-,-,-,-,-,-,-,-,-,"62,4","59,0","60,2","62,6","63,8","66,0","67,3","63,5","65,3","65,0","64,9","63,9"
la Salut,Barri,-,-,-,-,-,-,-,-,-,-,-,-,-,-,"71,3","68,3","67,7","68,9","71,5","72,7","74,7","72,9","72,8","72,4","72,3","69,5"
la Vila de Gràcia,Barri,-,-,-,-,-,-,-,-,-,-,-,-,-,-,"66,8","65,1","64,8","63,4","66,5","68,0","68,1","67,3","67,8","68,5","68,1","64,1"
el Camp d'en Grassot i Gràcia Nova,Barri,-,-,-,-,-,-,-,-,-,-,-,-,-,-,"70,0","67,4","68,4","67,6","69,2","69,5","70,5","67,9","69,3","72,4","70,5","68,5"
Horta-Guinardó,Districte,"62,1","63,3","63,5","64,1","63,7","63,9","63,4","63,0","63,5","64,0","63,8","63,8","64,0","64,6","65,8","63,0","62,9","63,1","65,5","65,4","65,1","65,3","65,1","65,6","65,8","63,8"
el Baix Guinardó,Barri,-,-,-,-,-,-,-,-,-,-,-,-,-,-,"69,3","64,7","64,7","65,0","68,8","69,1","68,2","67,9","67,2","69,9","67,6","67,2"
Can Baró,Barri,-,-,-,-,-,-,-,-,-,-,-,-,-,-,"60,2","58,5","59,6","59,8","62,7","60,1","62,5","62,1","61,8","62,4","61,0","56,2"
el Guinardó,Barri,-,-,-,-,-,-,-,-,-,-,-,-,-,-,"66,8","62,9","62,9","63,6","66,4","66,1","65,0","66,6","66,1","67,2","66,7","65,3"
la Font d'en Fargues,Barri,-,-,-,-,-,-,-,-,-,-,-,-,-,-,"75,5","68,3","64,9","67,2","70,8","70,7","73,2","70,5","67,4","68,9","73,6","70,7"
el Carmel,Barri,-,-,-,-,-,-,-,-,-,-,-,-,-,-,"60,1","59,2","58,7","57,4","59,2","59,3","59,4","59,3","59,3","59,5","60,3","59,0"
la Teixonera,Barri,-,-,-,-,-,-,-,-,-,-,-,-,-,-,"62,7","59,2","60,1","61,1","60,4","60,9","61,4","61,3","61,3","60,6","61,0","60,7"
Sant Genís dels Agudells,Barri,-,-,-,-,-,-,-,-,-,-,-,-,-,-,"73,7","69,5","72,6","72,1","69,7","71,7","70,5","69,8","70,6","69,5","73,7","70,0"
Montbau,Barri,-,-,-,-,-,-,-,-,-,-,-,-,-,-,"62,7","66,6","67,7","64,7","68,7","69,3","68,2","68,3","69,2","67,4","68,3","59,6"
la Vall d'Hebron,Barri,-,-,-,-,-,-,-,-,-,-,-,-,-,-,"73,5","74,1","72,7","72,9","74,4","69,1","78,5","73,3","70,1","65,9","72,7","65,1"
la Clota,Barri,-,-,-,-,-,-,-,-,-,-,-,-,-,-,"39,3","61,5","55,7","49,3","65,1","64,4","61,8","77,3","67,0","60,4","83,1","54,6"
Horta,Barri,-,-,-,-,-,-,-,-,-,-,-,-,-,-,"66,7","64,1","62,3","64,1","65,9","65,6","64,6","64,6","66,4","66,4","65,3","64,4"
Nou Barris,Districte,"62,6","62,1","62,3","62,2","62,5","62,8","62,6","61,1","61,9","61,6","61,0","61,9","61,4","61,9","62,6","60,9","60,8","61,7","62,0","62,4","62,2","62,6","62,2","62,1","63,3","61,6"
Vilapicina i la Torre Llobeta,Barri,-,-,-,-,-,-,-,-,-,-,-,-,-,-,"67,6","65,7","64,7","66,1","66,8","66,6","67,2","67,8","66,6","68,8","68,1","64,2"
Porta,Barri,-,-,-,-,-,-,-,-,-,-,-,-,-,-,"63,4","63,0","61,6","63,2","63,5","63,3","61,8","64,3","63,5","63,7","64,1","64,0"
el Turó de la Peira,Barri,-,-,-,-,-,-,-,-,-,-,-,-,-,-,"63,5","63,2","60,6","60,0","61,3","61,1","61,6","62,0","62,3","62,2","61,0","60,4"
Can Peguera,Barri,-,-,-,-,-,-,-,-,-,-,-,-,-,-,"41,8","45,2","50,8","48,7","55,5","55,3",-,"46,7","52,0","52,0","54,0","46,8"
la Guineueta,Barri,-,-,-,-,-,-,-,-,-,-,-,-,-,-,"75,7","68,0","71,0","69,0","71,7","71,4","70,0","69,6","70,6","69,1","74,6","73,6"
Canyelles,Barri,-,-,-,-,-,-,-,-,-,-,-,-,-,-,"78,7","79,7","78,6","79,9","79,6","80,6","80,9","81,5","83,7","78,5","86,1","80,7"
les Roquetes,Barri,-,-,-,-,-,-,-,-,-,-,-,-,-,-,"59,0","56,5","55,2","55,9","55,9","58,8","57,7","57,4","56,3","56,5","55,1","53,5"
Verdun,Barri,-,-,-,-,-,-,-,-,-,-,-,-,-,-,"55,2","53,8","55,7","56,2","55,6","57,2","56,4","54,9","55,1","53,8","56,5","55,5"
la Prosperitat,Barri,-,-,-,-,-,-,-,-,-,-,-,-,-,-,"59,3","57,2","57,4","58,8","58,2","58,8","58,3","59,0","59,8","58,3","59,0","58,4"
la Trinitat Nova,Barri,-,-,-,-,-,-,-,-,-,-,-,-,-,-,"53,3","53,2","54,0","53,2","50,3","52,3","51,8","53,0","51,5","53,5","53,4","54,5"
Torre Baró,Barri,-,-,-,-,-,-,-,-,-,-,-,-,-,-,"72,6","70,9","59,5","66,4","59,6","63,4","64,3","62,8","53,2","66,2","81,2","66,1"
Ciutat Meridiana,Barri,-,-,-,-,-,-,-,-,-,-,-,-,-,-,"58,8","60,8","58,5","58,5","58,6","59,3","58,6","59,5","58,6","59,1","59,3","59,4"
Vallbona,Barri,-,-,-,-,-,-,-,-,-,-,-,-,-,-,"70,6","69,9","67,6","81,4","72,3","73,4","76,0","85,0","81,0","62,0","81,3","70,4"
Sant Andreu (Districte),-,"65,2","66,4","66,8","67,4","67,6","66,7","65,3","65,8","67,2","67,2","66,9","66,5","67,3","66,8","67,5","66,9","64,8","65,3","67,1","67,5","67,1","67,4","67,9","68,6","70,0","66,5"
la Trinitat Vella,Barri,-,-,-,-,-,-,-,-,-,-,-,-,-,-,"62,6","57,6","58,8","57,8","60,4","61,2","61,7","61,0","61,5","60,7","62,7","58,7"
Baró de Viver,Barri,-,-,-,-,-,-,-,-,-,-,-,-,-,-,"58,9","56,9","59,6","72,9","79,1","71,4","76,8","68,4","83,0","77,3","66,6","63,4"
el Bon Pastor,Barri,-,-,-,-,-,-,-,-,-,-,-,-,-,-,"63,4","63,0","63,4","67,4","64,9","67,4","64,3","64,8","67,4","72,9","74,9","66,2"
Sant Andreu (Barri),-,-,-,-,-,-,-,-,-,-,-,-,-,-,-,"66,4","65,4","64,0","64,3","66,5","67,1","67,6","67,6","67,7","67,8","69,9","64,0"
la Sagrera,Barri,-,-,-,-,-,-,-,-,-,-,-,-,-,-,"69,3","68,1","65,1","62,7","67,6","66,8","65,2","65,6","66,0","67,5","70,2","70,2"
el Congrés i els Indians,Barri,-,-,-,-,-,-,-,-,-,-,-,-,-,-,"66,1","67,9","65,9","67,4","68,0","68,0","67,8","68,4","69,1","70,1","67,2","66,0"
Navas,Barri,-,-,-,-,-,-,-,-,-,-,-,-,-,-,"72,4","72,5","69,2","71,3","69,8","71,2","70,5","71,3","72,1","70,9","71,8","69,8"
Sant Martí,Districte,"63,2","65,5","64,9","64,4","65,0","67,9","67,8","66,8","67,9","67,2","67,1","67,6","67,9","68,2","69,4","70,1","71,2","69,3","69,2","70,5","70,3","69,8","69,8","69,8","69,7","69,2"
el Camp de l'Arpa del Clot,Barri,-,-,-,-,-,-,-,-,-,-,-,-,-,-,"65,1","63,6","63,1","63,6","64,9","66,0","66,5","65,8","66,1","65,6","65,4","64,6"
el Clot,Barri,-,-,-,-,-,-,-,-,-,-,-,-,-,-,"68,8","67,2","66,5","66,1","70,6","68,4","68,5","68,0","69,9","72,6","68,6","65,4"
el Parc i la Llacuna del Poblenou,Barri,-,-,-,-,-,-,-,-,-,-,-,-,-,-,"70,9","68,4","67,3","69,4","70,5","69,3","70,2","69,6","71,3","73,7","71,1","69,2"
la Vila Olímpica del Poblenou,Barri,-,-,-,-,-,-,-,-,-,-,-,-,-,-,"85,3","87,3","85,0","83,3","83,5","86,3","88,9","86,3","83,6","81,5","85,7","85,3"
el Poblenou,Barri,-,-,-,-,-,-,-,-,-,-,-,-,-,-,"66,2","65,5","64,3","66,7","69,4","69,1","69,3","68,2","66,9","68,3","69,0","66,7"
Diagonal Mar i el Front Marítim del Poblenou,Barri,-,-,-,-,-,-,-,-,-,-,-,-,-,-,"92,6","116,5","129,6","94,4","72,9","92,5","82,7","84,8","82,0","79,6","79,9","86,2"
el Besòs i el Maresme,Barri,-,-,-,-,-,-,-,-,-,-,-,-,-,-,"62,3","62,3","62,6","62,4","64,5","64,4","63,5","64,1","65,9","63,6","63,6","62,5"
Provençals del Poblenou,Barri,-,-,-,-,-,-,-,-,-,-,-,-,-,-,"70,3","68,8","70,2","72,0","70,7","71,1","70,5","72,2","72,0","72,4","70,9","74,1"
Sant Martí de Provençals,Barri,-,-,-,-,-,-,-,-,-,-,-,-,-,-,"74,0","73,7","72,2","72,3","72,3","72,4","72,8","72,1","73,0","73,6","72,0","73,1"
la Verneda i la Pau,Barri,-,-,-,-,-,-,-,-,-,-,-,-,-,-,"69,7","69,0","68,3","69,9","67,7","69,6","68,6","68,6","68,5","66,1","68,5","68,0"